user_id,signup_date,churn_date,plan_type,primary_scenario,is_paid,monthly_spend,lifetime_months,total_revenue,is_churned,sessions_per_month,avg_session_depth
user_00000,2024-02-21,2024-04-21,enterprise,data_analysis,True,75,2,150,True,7,3.0
user_00001,2024-03-16,2024-06-01,pro,coding,True,20,5,100,False,9,3.2
user_00002,2024-01-14,2024-05-13,pro,writing,True,20,4,80,True,8,6.6
user_00003,2024-03-27,2024-06-01,free,general_qa,False,0,8,0,False,3,4.8
user_00004,2024-01-08,2024-06-01,free,general_qa,False,0,5,0,False,6,8.4
user_00005,2024-02-04,2024-06-01,free,coding,False,0,7,0,False,3,2.5
user_00006,2024-02-21,2024-05-21,free,data_analysis,False,0,3,0,True,8,1.8
user_00007,2024-03-02,2024-06-01,free,general_qa,False,0,6,0,False,3,3.8
user_00008,2024-02-06,2024-04-06,pro,writing,True,20,2,40,True,4,6.9
user_00009,2024-02-25,2024-06-01,free,data_analysis,False,0,5,0,False,9,2.3
user_00010,2024-03-10,2024-06-01,free,general_qa,False,0,7,0,False,7,5.7
user_00011,2024-02-19,2024-06-01,enterprise,general_qa,True,50,9,450,False,9,7.3
user_00012,2024-03-24,2024-06-01,free,writing,False,0,8,0,False,7,6.3
user_00013,2024-01-22,2024-06-01,free,general_qa,False,0,5,0,False,6,20.1
user_00014,2024-01-17,2024-06-01,enterprise,writing,True,50,8,400,False,6,2.2
user_00015,2024-01-02,2024-04-01,free,general_qa,False,0,3,0,True,5,9.4
user_00016,2024-02-05,2024-06-01,pro,data_analysis,True,25,6,150,False,6,2.5
user_00017,2024-02-22,2024-06-01,free,general_qa,False,0,6,0,False,6,3.5
user_00018,2024-03-30,2024-06-01,free,general_qa,False,0,5,0,False,11,8.8
user_00019,2024-03-18,2024-06-01,free,coding,False,0,3,0,False,7,2.8
user_00020,2024-02-03,2024-06-01,free,coding,False,0,12,0,False,9,3.4
user_00021,2024-03-27,2024-06-01,free,writing,False,0,4,0,False,12,4.1
user_00022,2024-01-24,2024-06-01,pro,data_analysis,True,20,7,140,False,3,5.5
user_00023,2024-02-21,2024-06-01,free,data_analysis,False,0,8,0,False,6,4.0
user_00024,2024-03-16,2024-06-01,pro,general_qa,True,30,7,210,False,10,9.8
user_00025,2024-01-19,2024-03-19,free,writing,False,0,2,0,True,6,2.5
user_00026,2024-03-03,2024-06-01,free,coding,False,0,7,0,False,6,2.8
user_00027,2024-02-23,2024-06-01,free,general_qa,False,0,4,0,False,6,2.4
user_00028,2024-02-10,2024-04-10,free,writing,False,0,2,0,True,5,4.0
user_00029,2024-01-25,2024-03-25,free,general_qa,False,0,2,0,True,11,6.3
user_00030,2024-01-01,2024-06-01,free,coding,False,0,9,0,False,7,3.7
user_00031,2024-03-05,2024-06-01,free,data_analysis,False,0,3,0,False,7,7.9
user_00032,2024-02-20,2024-06-01,enterprise,writing,True,75,9,675,False,7,1.5
user_00033,2024-02-24,2024-06-01,free,writing,False,0,10,0,False,4,5.8
user_00034,2024-03-30,2024-06-01,pro,coding,True,25,5,125,False,7,1.8
user_00035,2024-01-26,2024-06-01,free,writing,False,0,7,0,False,4,9.3
user_00036,2024-03-26,2024-06-01,free,coding,False,0,9,0,False,6,1.9
user_00037,2024-03-10,2024-06-01,free,writing,False,0,5,0,False,6,6.0
user_00038,2024-03-19,2024-06-01,pro,writing,True,20,8,160,False,6,2.2
user_00039,2024-01-03,2024-02-02,free,writing,False,0,1,0,True,10,5.1
user_00040,2024-02-18,2024-06-01,pro,data_analysis,True,20,6,120,False,11,11.0
user_00041,2024-01-14,2024-06-01,pro,data_analysis,True,25,6,150,False,7,6.9
user_00042,2024-02-02,2024-06-01,free,general_qa,False,0,5,0,False,9,8.9
user_00043,2024-02-16,2024-06-01,free,general_qa,False,0,5,0,False,7,3.3
user_00044,2024-03-02,2024-06-01,free,writing,False,0,5,0,False,6,3.0
user_00045,2024-03-27,2024-06-01,enterprise,general_qa,True,75,5,375,False,8,3.2
user_00046,2024-02-12,2024-04-12,free,general_qa,False,0,2,0,True,5,2.9
user_00047,2024-03-21,2024-06-01,enterprise,coding,True,75,4,300,False,6,2.9
user_00048,2024-01-30,2024-06-01,pro,data_analysis,True,20,7,140,False,7,3.7
user_00049,2024-03-07,2024-04-06,free,data_analysis,False,0,1,0,True,6,7.7
user_00050,2024-03-18,2024-06-01,pro,general_qa,True,30,4,120,False,11,3.3
user_00051,2024-01-20,2024-06-01,pro,writing,True,25,10,250,False,6,8.0
user_00052,2024-01-04,2024-06-01,free,general_qa,False,0,8,0,False,5,7.3
user_00053,2024-02-22,2024-06-01,free,general_qa,False,0,4,0,False,6,2.5
user_00054,2024-02-05,2024-06-01,pro,writing,True,25,6,150,False,6,3.5
user_00055,2024-01-17,2024-05-16,free,data_analysis,False,0,4,0,True,3,5.0
user_00056,2024-02-13,2024-06-01,pro,general_qa,True,25,12,300,False,7,2.8
user_00057,2024-02-17,2024-06-01,free,writing,False,0,7,0,False,10,3.5
user_00058,2024-01-13,2024-02-12,pro,general_qa,True,25,1,25,True,7,3.2
user_00059,2024-02-26,2024-03-27,free,writing,False,0,1,0,True,5,9.5
user_00060,2024-01-30,2024-03-30,pro,data_analysis,True,25,2,50,True,4,6.0
user_00061,2024-03-03,2024-06-01,enterprise,writing,True,75,5,375,False,5,1.7
user_00062,2024-01-03,2024-05-02,pro,general_qa,True,25,4,100,True,9,1.2
user_00063,2024-01-29,2024-06-01,pro,general_qa,True,30,6,180,False,5,2.5
user_00064,2024-03-09,2024-06-01,enterprise,coding,True,100,10,1000,False,6,2.5
user_00065,2024-02-14,2024-05-14,pro,coding,True,30,3,90,True,5,6.1
user_00066,2024-02-15,2024-04-15,free,data_analysis,False,0,2,0,True,5,8.4
user_00067,2024-03-19,2024-06-01,enterprise,coding,True,100,4,400,False,5,3.8
user_00068,2024-03-04,2024-06-01,pro,writing,True,25,6,150,False,2,4.1
user_00069,2024-01-13,2024-05-12,pro,writing,True,30,4,120,True,10,2.1
user_00070,2024-02-27,2024-06-01,pro,coding,True,20,4,80,False,10,8.7
user_00071,2024-03-18,2024-05-17,free,data_analysis,False,0,2,0,True,8,5.8
user_00072,2024-03-04,2024-06-01,free,general_qa,False,0,9,0,False,4,8.4
user_00073,2024-01-02,2024-04-01,free,general_qa,False,0,3,0,True,6,2.9
user_00074,2024-03-15,2024-06-01,free,general_qa,False,0,12,0,False,3,10.9
user_00075,2024-01-12,2024-04-11,free,general_qa,False,0,3,0,True,11,3.3
user_00076,2024-02-23,2024-06-01,free,writing,False,0,8,0,False,11,9.8
user_00077,2024-01-26,2024-05-25,pro,general_qa,True,20,4,80,True,8,9.3
user_00078,2024-01-28,2024-03-28,free,data_analysis,False,0,2,0,True,6,5.0
user_00079,2024-01-20,2024-04-19,free,general_qa,False,0,3,0,True,10,2.1
user_00080,2024-02-28,2024-06-01,free,writing,False,0,4,0,False,9,6.2
user_00081,2024-02-14,2024-06-01,free,general_qa,False,0,5,0,False,7,6.4
user_00082,2024-03-16,2024-06-01,free,general_qa,False,0,9,0,False,7,3.2
user_00083,2024-01-04,2024-06-01,pro,general_qa,True,25,5,125,False,7,2.9
user_00084,2024-03-30,2024-06-01,free,coding,False,0,9,0,False,9,2.0
user_00085,2024-03-20,2024-06-01,pro,general_qa,True,20,4,80,False,7,7.3
user_00086,2024-02-18,2024-05-18,enterprise,general_qa,True,75,3,225,True,7,1.7
user_00087,2024-02-13,2024-06-01,free,data_analysis,False,0,10,0,False,8,2.6
user_00088,2024-02-16,2024-06-01,free,general_qa,False,0,5,0,False,5,13.5
user_00089,2024-03-04,2024-06-01,free,data_analysis,False,0,7,0,False,5,2.2
user_00090,2024-03-08,2024-06-01,free,general_qa,False,0,6,0,False,4,2.8
user_00091,2024-03-21,2024-06-01,enterprise,writing,True,50,7,350,False,3,1.2
user_00092,2024-01-05,2024-06-01,pro,general_qa,True,20,7,140,False,4,3.2
user_00093,2024-03-25,2024-06-01,free,coding,False,0,10,0,False,8,6.1
user_00094,2024-02-04,2024-06-01,free,data_analysis,False,0,4,0,False,9,3.2
user_00095,2024-01-08,2024-02-07,free,writing,False,0,1,0,True,9,4.5
user_00096,2024-01-31,2024-05-30,free,general_qa,False,0,4,0,True,5,3.8
user_00097,2024-01-07,2024-06-01,pro,coding,True,25,9,225,False,8,3.1
user_00098,2024-03-19,2024-06-01,free,data_analysis,False,0,4,0,False,4,1.1
user_00099,2024-02-29,2024-03-30,pro,writing,True,20,1,20,True,10,5.1
user_00100,2024-01-02,2024-06-01,free,writing,False,0,8,0,False,4,2.8
user_00101,2024-03-05,2024-06-01,free,coding,False,0,4,0,False,5,2.3
user_00102,2024-01-08,2024-06-01,free,coding,False,0,5,0,False,7,1.5
user_00103,2024-01-10,2024-06-01,pro,writing,True,30,8,240,False,8,4.9
user_00104,2024-02-01,2024-05-01,free,general_qa,False,0,3,0,True,6,3.9
user_00105,2024-01-22,2024-02-21,enterprise,general_qa,True,50,1,50,True,10,6.0
user_00106,2024-02-08,2024-06-01,free,general_qa,False,0,8,0,False,10,1.5
user_00107,2024-02-27,2024-05-27,free,data_analysis,False,0,3,0,True,7,6.1
user_00108,2024-02-06,2024-04-06,pro,coding,True,20,2,40,True,7,5.3
user_00109,2024-01-04,2024-06-01,free,writing,False,0,5,0,False,9,2.5
user_00110,2024-02-16,2024-06-01,enterprise,general_qa,True,75,9,675,False,4,6.8
user_00111,2024-03-10,2024-06-01,free,writing,False,0,9,0,False,8,2.4
user_00112,2024-01-24,2024-02-23,free,coding,False,0,1,0,True,4,5.2
user_00113,2024-01-10,2024-05-09,free,general_qa,False,0,4,0,True,5,1.5
user_00114,2024-03-22,2024-06-01,pro,writing,True,20,9,180,False,7,2.3
user_00115,2024-03-11,2024-06-01,pro,writing,True,30,4,120,False,7,3.8
user_00116,2024-02-20,2024-06-01,pro,writing,True,20,6,120,False,6,4.0
user_00117,2024-03-26,2024-06-01,free,writing,False,0,7,0,False,7,1.9
user_00118,2024-01-08,2024-06-01,free,general_qa,False,0,10,0,False,7,3.7
user_00119,2024-02-17,2024-06-01,free,writing,False,0,10,0,False,5,8.4
user_00120,2024-02-03,2024-06-01,free,writing,False,0,9,0,False,7,16.5
user_00121,2024-02-02,2024-06-01,free,coding,False,0,5,0,False,9,3.4
user_00122,2024-03-27,2024-06-01,free,writing,False,0,5,0,False,8,5.9
user_00123,2024-01-23,2024-03-23,free,writing,False,0,2,0,True,6,3.4
user_00124,2024-01-22,2024-06-01,pro,writing,True,30,7,210,False,6,4.2
user_00125,2024-03-04,2024-06-01,free,writing,False,0,5,0,False,11,7.1
user_00126,2024-01-21,2024-06-01,free,general_qa,False,0,8,0,False,9,2.9
user_00127,2024-01-20,2024-05-19,pro,data_analysis,True,25,4,100,True,8,4.6
user_00128,2024-03-23,2024-05-22,free,general_qa,False,0,2,0,True,6,3.3
user_00129,2024-03-02,2024-06-01,pro,general_qa,True,20,4,80,False,9,3.6
user_00130,2024-02-15,2024-06-01,free,writing,False,0,10,0,False,6,4.6
user_00131,2024-02-02,2024-05-02,free,writing,False,0,3,0,True,7,4.1
user_00132,2024-03-13,2024-05-12,pro,general_qa,True,25,2,50,True,4,4.4
user_00133,2024-02-04,2024-06-01,free,coding,False,0,4,0,False,7,8.1
user_00134,2024-02-01,2024-06-01,pro,general_qa,True,30,8,240,False,6,4.7
user_00135,2024-02-29,2024-05-29,free,coding,False,0,3,0,True,8,4.4
user_00136,2024-01-26,2024-03-26,free,coding,False,0,2,0,True,8,5.5
user_00137,2024-03-08,2024-06-01,enterprise,writing,True,50,6,300,False,6,5.9
user_00138,2024-03-25,2024-06-01,free,writing,False,0,7,0,False,9,7.0
user_00139,2024-01-17,2024-06-01,pro,general_qa,True,20,6,120,False,5,2.5
user_00140,2024-03-10,2024-06-01,free,writing,False,0,3,0,False,12,4.4
user_00141,2024-02-14,2024-06-01,free,general_qa,False,0,7,0,False,7,8.3
user_00142,2024-02-25,2024-06-01,free,general_qa,False,0,4,0,False,5,3.1
user_00143,2024-01-08,2024-05-07,pro,data_analysis,True,25,4,100,True,5,4.6
user_00144,2024-02-03,2024-06-01,free,coding,False,0,6,0,False,8,4.0
user_00145,2024-02-22,2024-04-22,pro,writing,True,20,2,40,True,10,1.7
user_00146,2024-03-19,2024-06-01,free,writing,False,0,3,0,False,5,3.8
user_00147,2024-03-19,2024-06-01,free,coding,False,0,10,0,False,9,4.8
user_00148,2024-03-27,2024-06-01,free,writing,False,0,3,0,False,10,5.7
user_00149,2024-02-11,2024-05-11,free,writing,False,0,3,0,True,4,3.6
user_00150,2024-01-31,2024-06-01,pro,writing,True,30,7,210,False,8,5.3
user_00151,2024-01-13,2024-05-12,free,coding,False,0,4,0,True,3,3.8
user_00152,2024-01-17,2024-06-01,enterprise,writing,True,75,5,375,False,6,2.4
user_00153,2024-02-03,2024-05-03,free,writing,False,0,3,0,True,12,3.3
user_00154,2024-01-29,2024-06-01,free,coding,False,0,10,0,False,5,3.4
user_00155,2024-01-10,2024-06-01,free,writing,False,0,10,0,False,7,1.6
user_00156,2024-03-01,2024-06-01,enterprise,general_qa,True,75,10,750,False,8,2.8
user_00157,2024-02-28,2024-06-01,enterprise,data_analysis,True,50,10,500,False,8,2.4
user_00158,2024-03-26,2024-06-01,pro,data_analysis,True,30,6,180,False,8,5.7
user_00159,2024-02-23,2024-06-01,free,general_qa,False,0,8,0,False,8,4.4
user_00160,2024-01-05,2024-06-01,free,coding,False,0,9,0,False,11,2.4
user_00161,2024-02-15,2024-06-01,free,coding,False,0,5,0,False,9,3.2
user_00162,2024-03-02,2024-05-31,free,data_analysis,False,0,3,0,True,3,4.1
user_00163,2024-02-20,2024-06-01,free,coding,False,0,5,0,False,6,1.9
user_00164,2024-02-23,2024-05-23,free,data_analysis,False,0,3,0,True,6,3.3
user_00165,2024-02-21,2024-06-01,pro,coding,True,25,6,150,False,5,3.4
user_00166,2024-02-10,2024-06-01,free,writing,False,0,7,0,False,7,7.4
user_00167,2024-03-18,2024-06-01,pro,general_qa,True,20,5,100,False,9,2.2
user_00168,2024-02-26,2024-06-01,pro,writing,True,25,5,125,False,7,2.3
user_00169,2024-03-18,2024-06-01,pro,coding,True,20,3,60,False,7,6.4
user_00170,2024-01-20,2024-06-01,free,writing,False,0,6,0,False,8,6.3
user_00171,2024-03-29,2024-06-01,pro,data_analysis,True,25,5,125,False,7,2.5
user_00172,2024-03-13,2024-06-01,pro,data_analysis,True,20,4,80,False,9,9.7
user_00173,2024-02-14,2024-06-01,free,writing,False,0,8,0,False,7,10.8
user_00174,2024-01-17,2024-06-01,free,data_analysis,False,0,6,0,False,3,3.2
user_00175,2024-02-03,2024-06-01,free,writing,False,0,10,0,False,7,4.7
user_00176,2024-02-29,2024-06-01,free,general_qa,False,0,10,0,False,5,6.7
user_00177,2024-01-07,2024-06-01,free,writing,False,0,6,0,False,4,6.8
user_00178,2024-03-24,2024-06-01,free,general_qa,False,0,4,0,False,8,5.3
user_00179,2024-02-18,2024-06-01,free,general_qa,False,0,5,0,False,11,2.3
user_00180,2024-01-17,2024-06-01,pro,general_qa,True,25,7,175,False,6,6.6
user_00181,2024-02-16,2024-06-01,free,coding,False,0,5,0,False,9,2.3
user_00182,2024-03-04,2024-06-01,enterprise,writing,True,100,12,1200,False,10,4.6
user_00183,2024-03-11,2024-06-01,free,coding,False,0,7,0,False,7,3.0
user_00184,2024-02-14,2024-04-14,enterprise,coding,True,100,2,200,True,7,4.9
user_00185,2024-01-30,2024-05-29,free,data_analysis,False,0,4,0,True,9,7.9
user_00186,2024-03-11,2024-06-01,pro,writing,True,20,3,60,False,10,10.0
user_00187,2024-02-28,2024-06-01,pro,general_qa,True,25,8,200,False,9,7.8
user_00188,2024-02-22,2024-03-23,pro,general_qa,True,25,1,25,True,5,5.8
user_00189,2024-03-10,2024-06-01,free,general_qa,False,0,10,0,False,11,15.5
user_00190,2024-01-13,2024-05-12,free,coding,False,0,4,0,True,3,2.1
user_00191,2024-02-18,2024-06-01,pro,coding,True,30,11,330,False,13,4.2
user_00192,2024-02-24,2024-06-01,pro,coding,True,30,4,120,False,7,2.9
user_00193,2024-03-21,2024-06-01,pro,coding,True,20,11,220,False,6,4.1
user_00194,2024-03-24,2024-06-01,pro,general_qa,True,25,4,100,False,6,3.3
user_00195,2024-02-26,2024-04-26,free,general_qa,False,0,2,0,True,8,2.9
user_00196,2024-03-28,2024-06-01,free,coding,False,0,5,0,False,6,2.8
user_00197,2024-02-18,2024-06-01,free,writing,False,0,6,0,False,6,10.0
user_00198,2024-01-24,2024-04-23,pro,writing,True,20,3,60,True,6,4.0
user_00199,2024-02-09,2024-06-01,pro,coding,True,20,4,80,False,8,3.6
user_00200,2024-02-28,2024-06-01,pro,coding,True,20,7,140,False,6,5.0
user_00201,2024-01-28,2024-06-01,free,writing,False,0,11,0,False,5,15.7
user_00202,2024-01-04,2024-06-01,free,general_qa,False,0,6,0,False,5,14.3
user_00203,2024-03-30,2024-06-01,pro,data_analysis,True,20,12,240,False,7,1.8
user_00204,2024-01-09,2024-05-08,pro,coding,True,20,4,80,True,7,6.9
user_00205,2024-02-12,2024-06-01,pro,coding,True,25,8,200,False,6,8.5
user_00206,2024-02-25,2024-06-01,free,general_qa,False,0,6,0,False,8,10.9
user_00207,2024-01-01,2024-06-01,free,general_qa,False,0,7,0,False,7,2.0
user_00208,2024-01-24,2024-04-23,pro,general_qa,True,20,3,60,True,9,7.1
user_00209,2024-01-21,2024-04-20,free,general_qa,False,0,3,0,True,6,4.7
user_00210,2024-02-16,2024-06-01,free,data_analysis,False,0,4,0,False,7,2.3
user_00211,2024-02-06,2024-03-07,free,general_qa,False,0,1,0,True,6,6.1
user_00212,2024-03-13,2024-05-12,free,general_qa,False,0,2,0,True,4,4.4
user_00213,2024-02-23,2024-06-01,pro,data_analysis,True,20,5,100,False,7,4.9
user_00214,2024-01-27,2024-03-27,pro,writing,True,20,2,40,True,9,2.8
user_00215,2024-03-03,2024-06-01,enterprise,data_analysis,True,50,5,250,False,5,2.7
user_00216,2024-02-27,2024-05-27,free,writing,False,0,3,0,True,7,2.5
user_00217,2024-03-11,2024-06-01,enterprise,general_qa,True,75,10,750,False,9,2.2
user_00218,2024-03-24,2024-06-01,free,general_qa,False,0,9,0,False,8,1.2
user_00219,2024-03-13,2024-06-01,free,data_analysis,False,0,3,0,False,7,1.9
user_00220,2024-02-10,2024-03-11,free,coding,False,0,1,0,True,7,3.9
user_00221,2024-02-28,2024-06-01,free,coding,False,0,6,0,False,8,4.3
user_00222,2024-02-12,2024-06-01,pro,coding,True,20,6,120,False,5,1.4
user_00223,2024-02-15,2024-06-01,free,coding,False,0,4,0,False,5,2.9
user_00224,2024-01-30,2024-05-29,free,data_analysis,False,0,4,0,True,6,5.9
user_00225,2024-03-22,2024-06-01,free,data_analysis,False,0,4,0,False,5,7.5
user_00226,2024-02-04,2024-05-04,free,general_qa,False,0,3,0,True,10,2.4
user_00227,2024-01-02,2024-02-01,pro,writing,True,20,1,20,True,8,2.9
user_00228,2024-03-24,2024-06-01,free,general_qa,False,0,3,0,False,5,7.9
user_00229,2024-02-10,2024-05-10,enterprise,coding,True,75,3,225,True,13,5.2
user_00230,2024-01-24,2024-06-01,free,writing,False,0,11,0,False,7,3.8
user_00231,2024-03-18,2024-06-01,pro,writing,True,25,6,150,False,6,5.9
user_00232,2024-01-31,2024-03-01,free,data_analysis,False,0,1,0,True,12,2.2
user_00233,2024-02-08,2024-06-01,enterprise,writing,True,75,10,750,False,10,4.2
user_00234,2024-01-13,2024-06-01,pro,general_qa,True,20,7,140,False,8,4.1
user_00235,2024-02-12,2024-06-01,free,writing,False,0,7,0,False,17,3.9
user_00236,2024-02-23,2024-06-01,free,general_qa,False,0,4,0,False,4,2.4
user_00237,2024-02-14,2024-06-01,free,general_qa,False,0,8,0,False,8,4.3
user_00238,2024-02-22,2024-06-01,pro,coding,True,25,4,100,False,5,7.2
user_00239,2024-01-28,2024-04-27,free,coding,False,0,3,0,True,10,10.9
user_00240,2024-03-11,2024-06-01,pro,writing,True,30,4,120,False,4,5.9
user_00241,2024-01-21,2024-05-20,free,coding,False,0,4,0,True,7,8.9
user_00242,2024-01-11,2024-06-01,pro,data_analysis,True,20,11,220,False,4,9.4
user_00243,2024-03-14,2024-05-13,free,writing,False,0,2,0,True,10,6.0
user_00244,2024-02-20,2024-06-01,free,coding,False,0,6,0,False,4,3.4
user_00245,2024-03-12,2024-04-11,free,coding,False,0,1,0,True,5,4.7
user_00246,2024-03-09,2024-05-08,enterprise,coding,True,50,2,100,True,7,2.3
user_00247,2024-03-07,2024-05-06,enterprise,writing,True,100,2,200,True,4,3.2
user_00248,2024-02-14,2024-04-14,free,general_qa,False,0,2,0,True,9,3.0
user_00249,2024-02-29,2024-06-01,free,general_qa,False,0,5,0,False,8,8.0
user_00250,2024-02-24,2024-06-01,enterprise,general_qa,True,100,7,700,False,7,8.5
user_00251,2024-01-06,2024-06-01,free,data_analysis,False,0,5,0,False,6,3.0
user_00252,2024-03-15,2024-06-01,free,data_analysis,False,0,3,0,False,6,7.5
user_00253,2024-02-14,2024-06-01,free,coding,False,0,7,0,False,6,4.5
user_00254,2024-01-21,2024-02-20,free,data_analysis,False,0,1,0,True,5,8.7
user_00255,2024-03-03,2024-06-01,pro,writing,True,20,3,60,True,7,3.4
user_00256,2024-01-08,2024-02-07,pro,writing,True,20,1,20,True,4,2.3
user_00257,2024-03-11,2024-06-01,free,writing,False,0,6,0,False,9,1.4
user_00258,2024-03-24,2024-06-01,pro,coding,True,20,4,80,False,9,4.5
user_00259,2024-02-20,2024-06-01,free,writing,False,0,11,0,False,8,4.0
user_00260,2024-02-28,2024-06-01,pro,general_qa,True,20,7,140,False,6,5.3
user_00261,2024-03-15,2024-06-01,pro,data_analysis,True,20,11,220,False,6,3.8
user_00262,2024-01-08,2024-06-01,pro,data_analysis,True,30,5,150,False,5,3.0
user_00263,2024-03-11,2024-06-01,pro,writing,True,25,3,75,False,9,2.1
user_00264,2024-01-02,2024-04-01,enterprise,data_analysis,True,75,3,225,True,7,1.2
user_00265,2024-03-26,2024-06-01,pro,coding,True,20,4,80,False,7,8.7
user_00266,2024-02-12,2024-06-01,pro,writing,True,30,5,150,False,9,3.3
user_00267,2024-02-16,2024-05-16,free,coding,False,0,3,0,True,5,5.0
user_00268,2024-03-02,2024-06-01,free,general_qa,False,0,5,0,False,5,1.9
user_00269,2024-01-22,2024-03-22,pro,writing,True,20,2,40,True,6,3.9
user_00270,2024-01-26,2024-06-01,free,general_qa,False,0,8,0,False,6,2.2
user_00271,2024-03-10,2024-06-01,pro,writing,True,25,3,75,False,8,4.4
user_00272,2024-03-20,2024-05-19,enterprise,writing,True,75,2,150,True,8,11.9
user_00273,2024-01-14,2024-06-01,pro,general_qa,True,25,12,300,False,7,3.4
user_00274,2024-03-30,2024-06-01,free,coding,False,0,4,0,False,5,2.0
user_00275,2024-03-02,2024-06-01,pro,writing,True,20,6,120,False,8,4.3
user_00276,2024-02-16,2024-06-01,pro,coding,True,20,9,180,False,13,3.9
user_00277,2024-03-01,2024-05-30,pro,writing,True,20,3,60,True,6,3.4
user_00278,2024-03-24,2024-06-01,free,general_qa,False,0,9,0,False,3,16.0
user_00279,2024-03-13,2024-05-12,free,writing,False,0,2,0,True,12,1.7
user_00280,2024-02-17,2024-06-01,free,coding,False,0,8,0,False,9,7.7
user_00281,2024-01-14,2024-06-01,pro,coding,True,20,6,120,False,7,5.4
user_00282,2024-02-20,2024-04-20,free,coding,False,0,2,0,True,7,3.0
user_00283,2024-02-23,2024-05-23,pro,general_qa,True,20,3,60,True,7,4.7
user_00284,2024-02-20,2024-06-01,free,general_qa,False,0,5,0,False,5,3.2
user_00285,2024-02-21,2024-06-01,free,general_qa,False,0,9,0,False,10,4.8
user_00286,2024-01-13,2024-06-01,pro,writing,True,25,6,150,False,9,7.9
user_00287,2024-03-16,2024-06-01,enterprise,data_analysis,True,75,4,300,False,6,1.9
user_00288,2024-02-10,2024-06-01,free,writing,False,0,5,0,False,6,4.8
user_00289,2024-02-09,2024-06-01,free,general_qa,False,0,5,0,False,4,4.7
user_00290,2024-03-09,2024-06-01,enterprise,coding,True,75,9,675,False,6,4.0
user_00291,2024-02-05,2024-06-01,pro,data_analysis,True,30,7,210,False,6,3.5
user_00292,2024-01-17,2024-06-01,free,coding,False,0,9,0,False,5,4.2
user_00293,2024-03-28,2024-06-01,free,writing,False,0,11,0,False,5,5.3
user_00294,2024-03-24,2024-06-01,free,general_qa,False,0,6,0,False,6,5.7
user_00295,2024-01-10,2024-03-10,free,writing,False,0,2,0,True,9,3.9
user_00296,2024-02-27,2024-06-01,free,writing,False,0,4,0,False,11,6.0
user_00297,2024-01-21,2024-04-20,free,writing,False,0,3,0,True,5,1.6
user_00298,2024-03-25,2024-05-24,free,data_analysis,False,0,2,0,True,10,4.5
user_00299,2024-03-02,2024-05-31,pro,data_analysis,True,30,3,90,True,8,4.7
user_00300,2024-01-12,2024-04-11,free,general_qa,False,0,3,0,True,4,12.2
user_00301,2024-01-27,2024-03-27,free,general_qa,False,0,2,0,True,3,4.8
user_00302,2024-02-15,2024-06-01,free,data_analysis,False,0,8,0,False,8,13.8
user_00303,2024-03-04,2024-06-01,free,writing,False,0,5,0,False,7,2.0
user_00304,2024-01-17,2024-05-16,free,data_analysis,False,0,4,0,True,6,1.8
user_00305,2024-03-14,2024-06-01,free,coding,False,0,6,0,False,4,3.8
user_00306,2024-01-21,2024-06-01,free,general_qa,False,0,5,0,False,9,1.6
user_00307,2024-03-30,2024-06-01,free,coding,False,0,7,0,False,7,2.5
user_00308,2024-03-30,2024-06-01,free,general_qa,False,0,5,0,False,6,2.2
user_00309,2024-01-11,2024-06-01,free,writing,False,0,6,0,False,7,4.1
user_00310,2024-03-04,2024-06-01,free,coding,False,0,4,0,False,10,3.0
user_00311,2024-02-07,2024-06-01,free,general_qa,False,0,10,0,False,6,3.4
user_00312,2024-03-06,2024-06-01,free,general_qa,False,0,7,0,False,6,2.3
user_00313,2024-01-10,2024-06-01,free,writing,False,0,9,0,False,5,1.1
user_00314,2024-02-16,2024-05-16,pro,writing,True,20,3,60,True,8,3.8
user_00315,2024-01-09,2024-05-08,free,general_qa,False,0,4,0,True,5,8.4
user_00316,2024-01-14,2024-06-01,enterprise,writing,True,50,11,550,False,6,7.6
user_00317,2024-02-22,2024-06-01,pro,data_analysis,True,30,4,120,False,5,1.6
user_00318,2024-02-15,2024-04-15,pro,coding,True,25,2,50,True,9,7.7
user_00319,2024-03-08,2024-06-01,free,writing,False,0,7,0,False,8,3.3
user_00320,2024-01-28,2024-05-27,free,writing,False,0,4,0,True,7,2.6
user_00321,2024-03-22,2024-06-01,free,data_analysis,False,0,6,0,False,12,4.6
user_00322,2024-02-10,2024-06-01,pro,general_qa,True,20,10,200,False,7,9.7
user_00323,2024-02-13,2024-06-01,pro,general_qa,True,30,5,150,False,3,1.8
user_00324,2024-03-18,2024-06-01,pro,coding,True,20,7,140,False,5,1.8
user_00325,2024-02-20,2024-05-20,free,general_qa,False,0,3,0,True,9,1.5
user_00326,2024-03-29,2024-06-01,pro,writing,True,20,5,100,False,9,4.5
user_00327,2024-01-30,2024-06-01,free,coding,False,0,6,0,False,4,3.8
user_00328,2024-02-11,2024-06-01,pro,data_analysis,True,20,7,140,False,6,4.6
user_00329,2024-01-26,2024-06-01,free,general_qa,False,0,10,0,False,9,3.7
user_00330,2024-02-19,2024-03-20,enterprise,writing,True,50,1,50,True,8,3.4
user_00331,2024-01-19,2024-04-18,free,general_qa,False,0,3,0,True,8,7.5
user_00332,2024-01-22,2024-03-22,pro,data_analysis,True,20,2,40,True,3,2.0
user_00333,2024-02-07,2024-06-01,pro,writing,True,30,4,120,False,7,2.0
user_00334,2024-02-13,2024-06-01,free,general_qa,False,0,8,0,False,5,11.9
user_00335,2024-02-29,2024-06-01,free,coding,False,0,5,0,False,6,7.6
user_00336,2024-02-01,2024-06-01,free,writing,False,0,7,0,False,4,5.1
user_00337,2024-03-09,2024-06-01,free,general_qa,False,0,3,0,False,6,2.5
user_00338,2024-02-16,2024-06-01,free,coding,False,0,5,0,False,8,3.4
user_00339,2024-01-29,2024-06-01,pro,coding,True,25,12,300,False,8,1.5
user_00340,2024-03-25,2024-05-24,free,general_qa,False,0,2,0,True,6,2.1
user_00341,2024-02-01,2024-05-31,free,writing,False,0,4,0,True,7,8.5
user_00342,2024-01-14,2024-06-01,pro,coding,True,30,5,150,False,5,4.1
user_00343,2024-02-06,2024-04-06,pro,data_analysis,True,30,2,60,True,3,4.2
user_00344,2024-01-31,2024-04-30,pro,data_analysis,True,25,3,75,True,8,4.6
user_00345,2024-03-06,2024-06-01,free,general_qa,False,0,8,0,False,4,8.4
user_00346,2024-02-12,2024-06-01,enterprise,data_analysis,True,75,4,300,False,7,2.6
user_00347,2024-01-06,2024-03-06,free,data_analysis,False,0,2,0,True,6,1.9
user_00348,2024-03-10,2024-06-01,free,coding,False,0,6,0,False,5,2.7
user_00349,2024-03-26,2024-06-01,free,general_qa,False,0,9,0,False,5,10.5
user_00350,2024-01-07,2024-03-07,pro,coding,True,20,2,40,True,9,5.5
user_00351,2024-03-07,2024-06-01,free,data_analysis,False,0,3,0,False,5,7.6
user_00352,2024-01-25,2024-02-24,free,coding,False,0,1,0,True,8,3.9
user_00353,2024-03-15,2024-06-01,enterprise,coding,True,100,8,800,False,8,4.8
user_00354,2024-02-09,2024-06-01,free,coding,False,0,9,0,False,4,2.3
user_00355,2024-02-06,2024-06-01,free,writing,False,0,10,0,False,5,5.5
user_00356,2024-02-15,2024-06-01,free,data_analysis,False,0,5,0,False,5,9.7
user_00357,2024-01-12,2024-06-01,free,data_analysis,False,0,8,0,False,7,3.2
user_00358,2024-03-17,2024-06-01,pro,coding,True,20,3,60,False,7,6.6
user_00359,2024-02-23,2024-06-01,pro,writing,True,20,4,80,False,5,5.9
user_00360,2024-03-21,2024-06-01,enterprise,writing,True,75,5,375,False,6,6.5
user_00361,2024-02-13,2024-06-01,free,coding,False,0,5,0,False,6,4.4
user_00362,2024-03-09,2024-06-01,enterprise,general_qa,True,50,9,450,False,4,7.5
user_00363,2024-02-02,2024-06-01,free,data_analysis,False,0,8,0,False,8,14.7
user_00364,2024-02-28,2024-06-01,free,general_qa,False,0,11,0,False,6,8.7
user_00365,2024-01-12,2024-05-11,free,data_analysis,False,0,4,0,True,8,4.3
user_00366,2024-03-08,2024-06-01,pro,general_qa,True,30,8,240,False,6,3.4
user_00367,2024-03-06,2024-06-01,free,coding,False,0,4,0,False,7,7.9
user_00368,2024-03-13,2024-06-01,free,data_analysis,False,0,6,0,False,8,2.4
user_00369,2024-01-05,2024-05-04,free,general_qa,False,0,4,0,True,7,3.1
user_00370,2024-01-08,2024-06-01,free,general_qa,False,0,6,0,False,8,3.0
user_00371,2024-02-12,2024-06-01,free,writing,False,0,5,0,False,8,3.5
user_00372,2024-01-22,2024-04-21,pro,data_analysis,True,20,3,60,True,7,3.4
user_00373,2024-01-31,2024-04-30,pro,writing,True,25,3,75,True,12,10.5
user_00374,2024-01-18,2024-06-01,free,writing,False,0,5,0,False,8,3.9
user_00375,2024-01-24,2024-05-23,pro,coding,True,20,4,80,True,8,6.3
user_00376,2024-01-28,2024-06-01,pro,coding,True,25,8,200,False,4,3.2
user_00377,2024-01-01,2024-06-01,enterprise,writing,True,75,7,525,False,6,1.9
user_00378,2024-02-06,2024-06-01,free,data_analysis,False,0,5,0,False,3,5.6
user_00379,2024-03-17,2024-06-01,free,coding,False,0,8,0,False,7,2.5
user_00380,2024-01-25,2024-06-01,free,coding,False,0,5,0,False,9,8.7
user_00381,2024-01-29,2024-05-28,free,data_analysis,False,0,4,0,True,9,5.5
user_00382,2024-01-05,2024-05-04,free,writing,False,0,4,0,True,5,6.3
user_00383,2024-01-21,2024-02-20,free,coding,False,0,1,0,True,8,6.9
user_00384,2024-03-16,2024-06-01,free,general_qa,False,0,6,0,False,7,9.2
user_00385,2024-01-20,2024-06-01,free,data_analysis,False,0,9,0,False,7,1.8
user_00386,2024-03-29,2024-05-28,enterprise,coding,True,75,2,150,True,7,9.5
user_00387,2024-02-10,2024-05-10,free,coding,False,0,3,0,True,5,4.2
user_00388,2024-02-10,2024-06-01,enterprise,general_qa,True,50,4,200,False,5,8.6
user_00389,2024-03-07,2024-06-01,pro,writing,True,20,4,80,False,8,5.2
user_00390,2024-02-21,2024-06-01,free,data_analysis,False,0,4,0,False,5,5.0
user_00391,2024-03-17,2024-06-01,free,data_analysis,False,0,4,0,False,2,3.9
user_00392,2024-03-02,2024-06-01,free,general_qa,False,0,4,0,False,12,3.4
user_00393,2024-03-18,2024-04-17,enterprise,general_qa,True,75,1,75,True,7,2.5
user_00394,2024-01-22,2024-06-01,free,general_qa,False,0,6,0,False,5,3.5
user_00395,2024-03-22,2024-06-01,free,writing,False,0,8,0,False,6,5.4
user_00396,2024-03-25,2024-06-01,free,general_qa,False,0,4,0,False,8,2.2
user_00397,2024-01-10,2024-06-01,free,data_analysis,False,0,9,0,False,7,8.7
user_00398,2024-01-19,2024-06-01,free,writing,False,0,6,0,False,6,3.8
user_00399,2024-01-27,2024-05-26,enterprise,writing,True,50,4,200,True,5,3.0
user_00400,2024-03-06,2024-06-01,pro,coding,True,25,3,75,False,8,1.8
user_00401,2024-03-10,2024-06-01,free,coding,False,0,4,0,False,8,7.2
user_00402,2024-01-09,2024-06-01,free,data_analysis,False,0,5,0,False,5,4.4
user_00403,2024-03-30,2024-06-01,free,writing,False,0,3,0,False,8,9.7
user_00404,2024-03-25,2024-06-01,pro,general_qa,True,20,10,200,False,7,9.6
user_00405,2024-01-13,2024-02-12,pro,writing,True,30,1,30,True,8,3.9
user_00406,2024-03-07,2024-06-01,free,writing,False,0,8,0,False,8,3.1
user_00407,2024-01-31,2024-06-01,free,general_qa,False,0,6,0,False,3,2.8
user_00408,2024-03-19,2024-06-01,free,coding,False,0,4,0,False,4,3.0
user_00409,2024-01-31,2024-06-01,free,coding,False,0,5,0,False,7,4.1
user_00410,2024-01-04,2024-05-03,pro,general_qa,True,20,4,80,True,7,3.3
user_00411,2024-02-16,2024-03-17,pro,coding,True,20,1,20,True,8,2.1
user_00412,2024-02-02,2024-06-01,free,general_qa,False,0,9,0,False,11,7.1
user_00413,2024-03-21,2024-06-01,free,general_qa,False,0,5,0,False,9,2.4
user_00414,2024-03-14,2024-06-01,pro,coding,True,20,4,80,False,10,2.3
user_00415,2024-01-22,2024-03-22,pro,general_qa,True,25,2,50,True,6,3.8
user_00416,2024-03-03,2024-06-01,pro,writing,True,25,9,225,False,4,1.2
user_00417,2024-01-09,2024-06-01,pro,writing,True,25,5,125,False,5,6.4
user_00418,2024-03-18,2024-06-01,free,coding,False,0,4,0,False,9,1.8
user_00419,2024-03-16,2024-06-01,free,writing,False,0,6,0,False,6,11.8
user_00420,2024-03-14,2024-06-01,pro,data_analysis,True,20,3,60,False,6,2.9
user_00421,2024-02-02,2024-06-01,free,data_analysis,False,0,6,0,False,9,4.9
user_00422,2024-02-26,2024-06-01,free,general_qa,False,0,8,0,False,7,3.4
user_00423,2024-01-13,2024-06-01,pro,writing,True,30,7,210,False,6,4.9
user_00424,2024-02-02,2024-06-01,free,general_qa,False,0,4,0,True,8,10.5
user_00425,2024-03-30,2024-06-01,free,data_analysis,False,0,7,0,False,7,5.2
user_00426,2024-02-11,2024-06-01,pro,writing,True,30,8,240,False,9,8.7
user_00427,2024-02-06,2024-06-01,free,data_analysis,False,0,5,0,False,6,5.1
user_00428,2024-02-12,2024-03-13,enterprise,data_analysis,True,75,1,75,True,8,5.6
user_00429,2024-01-18,2024-04-17,enterprise,general_qa,True,100,3,300,True,12,3.4
user_00430,2024-02-01,2024-06-01,free,coding,False,0,10,0,False,11,7.9
user_00431,2024-02-23,2024-05-23,pro,general_qa,True,20,3,60,True,6,1.8
user_00432,2024-02-12,2024-06-01,pro,general_qa,True,25,7,175,False,9,4.5
user_00433,2024-01-26,2024-04-25,enterprise,writing,True,50,3,150,True,7,7.7
user_00434,2024-01-29,2024-06-01,free,general_qa,False,0,5,0,False,8,4.5
user_00435,2024-03-23,2024-05-22,free,coding,False,0,2,0,True,4,3.2
user_00436,2024-03-06,2024-06-01,free,general_qa,False,0,5,0,False,7,5.0
user_00437,2024-02-28,2024-06-01,pro,data_analysis,True,20,6,120,False,4,2.8
user_00438,2024-02-05,2024-06-01,free,writing,False,0,5,0,False,7,2.6
user_00439,2024-02-16,2024-06-01,free,writing,False,0,10,0,False,8,1.8
user_00440,2024-02-29,2024-04-29,enterprise,data_analysis,True,100,2,200,True,8,4.4
user_00441,2024-01-26,2024-03-26,free,coding,False,0,2,0,True,9,1.6
user_00442,2024-03-16,2024-05-15,enterprise,writing,True,75,2,150,True,7,7.5
user_00443,2024-01-13,2024-06-01,free,writing,False,0,5,0,False,8,3.6
user_00444,2024-03-20,2024-06-01,free,data_analysis,False,0,9,0,False,5,3.1
user_00445,2024-01-26,2024-06-01,free,writing,False,0,5,0,False,7,1.9
user_00446,2024-01-09,2024-06-01,free,writing,False,0,6,0,False,8,7.5
user_00447,2024-01-26,2024-06-01,free,coding,False,0,6,0,False,10,10.4
user_00448,2024-03-17,2024-06-01,free,writing,False,0,6,0,False,8,12.8
user_00449,2024-02-12,2024-03-13,free,general_qa,False,0,1,0,True,5,5.3
user_00450,2024-01-26,2024-02-25,enterprise,coding,True,50,1,50,True,5,5.7
user_00451,2024-01-27,2024-06-01,free,writing,False,0,9,0,False,6,8.6
user_00452,2024-01-11,2024-06-01,free,general_qa,False,0,5,0,False,10,4.3
user_00453,2024-01-20,2024-03-20,free,writing,False,0,2,0,True,8,7.5
user_00454,2024-01-03,2024-05-02,free,general_qa,False,0,4,0,True,6,4.0
user_00455,2024-01-12,2024-05-11,pro,general_qa,True,20,4,80,True,6,3.9
user_00456,2024-01-16,2024-06-01,free,data_analysis,False,0,10,0,False,4,8.1
user_00457,2024-03-10,2024-06-01,free,general_qa,False,0,7,0,False,7,8.8
user_00458,2024-03-11,2024-06-01,enterprise,writing,True,50,4,200,False,12,2.7
user_00459,2024-03-01,2024-06-01,free,writing,False,0,8,0,False,5,3.6
user_00460,2024-01-05,2024-06-01,free,writing,False,0,8,0,False,8,1.2
user_00461,2024-02-24,2024-06-01,pro,coding,True,30,8,240,False,5,3.5
user_00462,2024-01-10,2024-06-01,free,coding,False,0,5,0,False,6,6.2
user_00463,2024-01-06,2024-05-05,free,general_qa,False,0,4,0,True,11,5.2
user_00464,2024-02-03,2024-05-03,free,general_qa,False,0,3,0,True,8,4.8
user_00465,2024-02-28,2024-06-01,enterprise,coding,True,50,4,200,False,5,8.9
user_00466,2024-01-18,2024-04-17,free,coding,False,0,3,0,True,7,3.2
user_00467,2024-03-14,2024-06-01,pro,writing,True,25,4,100,False,7,3.5
user_00468,2024-01-11,2024-06-01,free,general_qa,False,0,11,0,False,4,6.9
user_00469,2024-01-05,2024-04-04,free,coding,False,0,3,0,True,4,1.7
user_00470,2024-02-24,2024-03-25,free,coding,False,0,1,0,True,6,10.2
user_00471,2024-01-24,2024-06-01,enterprise,general_qa,True,75,12,900,False,7,7.8
user_00472,2024-03-13,2024-06-01,free,general_qa,False,0,8,0,False,9,5.7
user_00473,2024-02-26,2024-04-26,pro,data_analysis,True,20,2,40,True,7,5.6
user_00474,2024-01-25,2024-06-01,free,general_qa,False,0,6,0,False,8,4.3
user_00475,2024-01-06,2024-06-01,free,coding,False,0,7,0,False,8,2.8
user_00476,2024-02-01,2024-04-01,pro,coding,True,25,2,50,True,7,3.5
user_00477,2024-02-14,2024-06-01,pro,writing,True,20,7,140,False,8,7.0
user_00478,2024-02-22,2024-03-23,free,writing,False,0,1,0,True,5,3.0
user_00479,2024-03-30,2024-06-01,free,general_qa,False,0,3,0,False,4,5.4
user_00480,2024-03-16,2024-06-01,free,general_qa,False,0,7,0,False,10,3.1
user_00481,2024-03-21,2024-06-01,free,data_analysis,False,0,10,0,False,4,9.7
user_00482,2024-01-25,2024-06-01,enterprise,coding,True,75,10,750,False,7,3.6
user_00483,2024-02-18,2024-06-01,free,writing,False,0,8,0,False,9,2.4
user_00484,2024-01-21,2024-06-01,free,writing,False,0,5,0,False,4,2.5
user_00485,2024-03-09,2024-06-01,free,writing,False,0,4,0,False,6,10.7
user_00486,2024-03-12,2024-06-01,free,writing,False,0,8,0,False,5,4.3
user_00487,2024-01-01,2024-06-01,pro,data_analysis,True,30,9,270,False,11,3.8
user_00488,2024-02-17,2024-04-17,free,data_analysis,False,0,2,0,True,7,19.5
user_00489,2024-03-06,2024-06-01,free,writing,False,0,4,0,False,6,1.8
user_00490,2024-03-20,2024-06-01,free,data_analysis,False,0,6,0,False,8,4.3
user_00491,2024-01-02,2024-06-01,free,writing,False,0,9,0,False,8,2.6
user_00492,2024-03-12,2024-06-01,free,coding,False,0,8,0,False,6,11.7
user_00493,2024-03-12,2024-06-01,free,writing,False,0,4,0,False,5,7.7
user_00494,2024-03-07,2024-06-01,free,general_qa,False,0,8,0,False,7,24.3
user_00495,2024-01-21,2024-03-21,pro,coding,True,20,2,40,True,7,2.9
user_00496,2024-02-21,2024-05-21,free,coding,False,0,3,0,True,6,8.3
user_00497,2024-02-21,2024-06-01,free,coding,False,0,6,0,False,7,7.8
user_00498,2024-03-18,2024-06-01,free,data_analysis,False,0,7,0,False,6,10.6
user_00499,2024-02-22,2024-06-01,free,writing,False,0,7,0,False,6,5.0
user_00500,2024-02-01,2024-05-31,free,general_qa,False,0,4,0,True,5,4.7
user_00501,2024-01-26,2024-06-01,pro,data_analysis,True,20,8,160,False,5,2.0
user_00502,2024-03-29,2024-06-01,free,writing,False,0,7,0,False,4,3.1
user_00503,2024-03-12,2024-06-01,free,coding,False,0,12,0,False,7,3.1
user_00504,2024-01-16,2024-05-15,free,data_analysis,False,0,4,0,True,6,4.4
user_00505,2024-01-08,2024-06-01,pro,writing,True,20,10,200,False,3,1.4
user_00506,2024-02-11,2024-05-11,free,coding,False,0,3,0,True,10,6.7
user_00507,2024-02-23,2024-06-01,free,writing,False,0,9,0,False,8,3.6
user_00508,2024-03-16,2024-05-15,enterprise,general_qa,True,50,2,100,True,8,1.3
user_00509,2024-02-02,2024-03-03,free,writing,False,0,1,0,True,4,2.0
user_00510,2024-03-27,2024-06-01,free,coding,False,0,5,0,False,5,7.2
user_00511,2024-02-19,2024-06-01,free,general_qa,False,0,5,0,False,4,6.1
user_00512,2024-01-10,2024-06-01,free,coding,False,0,12,0,False,9,4.6
user_00513,2024-01-24,2024-06-01,pro,general_qa,True,25,7,175,False,7,12.0
user_00514,2024-03-29,2024-06-01,free,general_qa,False,0,6,0,False,10,4.0
user_00515,2024-01-27,2024-06-01,free,data_analysis,False,0,12,0,False,8,1.9
user_00516,2024-03-09,2024-06-01,free,coding,False,0,6,0,False,8,10.9
user_00517,2024-02-03,2024-06-01,enterprise,data_analysis,True,75,4,300,False,6,3.9
user_00518,2024-03-30,2024-04-29,free,general_qa,False,0,1,0,True,4,3.5
user_00519,2024-01-09,2024-06-01,pro,data_analysis,True,20,7,140,False,11,12.5
user_00520,2024-03-16,2024-05-15,free,data_analysis,False,0,2,0,True,8,4.4
user_00521,2024-03-17,2024-06-01,free,general_qa,False,0,9,0,False,4,12.4
user_00522,2024-01-13,2024-03-13,pro,writing,True,20,2,40,True,8,4.2
user_00523,2024-03-30,2024-06-01,free,coding,False,0,7,0,False,5,4.9
user_00524,2024-02-24,2024-06-01,free,general_qa,False,0,12,0,False,6,1.4
user_00525,2024-03-16,2024-06-01,free,writing,False,0,7,0,False,7,9.7
user_00526,2024-01-18,2024-06-01,pro,writing,True,30,7,210,False,7,2.0
user_00527,2024-03-10,2024-06-01,free,data_analysis,False,0,9,0,False,5,5.9
user_00528,2024-01-08,2024-04-07,pro,coding,True,20,3,60,True,9,5.7
user_00529,2024-03-19,2024-06-01,free,data_analysis,False,0,4,0,False,9,6.8
user_00530,2024-01-27,2024-05-26,free,coding,False,0,4,0,True,3,2.5
user_00531,2024-01-21,2024-03-21,free,data_analysis,False,0,2,0,True,7,5.9
user_00532,2024-01-13,2024-06-01,enterprise,general_qa,True,50,8,400,False,4,2.0
user_00533,2024-01-06,2024-03-06,free,coding,False,0,2,0,True,8,5.3
user_00534,2024-01-25,2024-04-24,pro,writing,True,30,3,90,True,8,3.6
user_00535,2024-02-17,2024-06-01,pro,coding,True,30,6,180,False,6,4.4
user_00536,2024-03-09,2024-06-01,free,general_qa,False,0,6,0,False,7,1.2
user_00537,2024-03-07,2024-06-01,free,writing,False,0,6,0,False,8,7.5
user_00538,2024-02-26,2024-06-01,enterprise,coding,True,100,4,400,False,5,4.1
user_00539,2024-02-13,2024-06-01,free,coding,False,0,4,0,False,8,9.9
user_00540,2024-03-24,2024-06-01,free,data_analysis,False,0,8,0,False,3,4.4
user_00541,2024-01-22,2024-04-21,pro,coding,True,20,3,60,True,3,2.8
user_00542,2024-03-08,2024-06-01,free,general_qa,False,0,6,0,False,5,4.0
user_00543,2024-02-03,2024-05-03,free,writing,False,0,3,0,True,10,4.0
user_00544,2024-02-17,2024-06-01,enterprise,writing,True,75,12,900,False,7,6.8
user_00545,2024-02-04,2024-04-04,free,data_analysis,False,0,2,0,True,7,8.1
user_00546,2024-03-14,2024-04-13,pro,writing,True,25,1,25,True,9,5.8
user_00547,2024-01-02,2024-03-02,enterprise,coding,True,75,2,150,True,7,8.1
user_00548,2024-01-14,2024-04-13,pro,writing,True,25,3,75,True,6,3.4
user_00549,2024-01-14,2024-06-01,free,coding,False,0,6,0,False,6,7.4
user_00550,2024-02-19,2024-05-19,pro,writing,True,20,3,60,True,9,6.7
user_00551,2024-01-03,2024-06-01,pro,coding,True,20,6,120,False,7,2.5
user_00552,2024-01-16,2024-06-01,pro,general_qa,True,20,7,140,False,8,2.6
user_00553,2024-03-21,2024-04-20,enterprise,coding,True,75,1,75,True,5,4.6
user_00554,2024-02-01,2024-06-01,free,writing,False,0,9,0,False,9,4.0
user_00555,2024-02-06,2024-06-01,pro,data_analysis,True,20,4,80,False,9,6.9
user_00556,2024-02-20,2024-06-01,pro,writing,True,30,5,150,False,9,2.5
user_00557,2024-03-10,2024-06-01,free,writing,False,0,7,0,False,7,4.0
user_00558,2024-01-30,2024-03-30,free,data_analysis,False,0,2,0,True,8,6.1
user_00559,2024-01-16,2024-06-01,enterprise,data_analysis,True,50,11,550,False,3,7.1
user_00560,2024-01-30,2024-03-30,free,general_qa,False,0,2,0,True,8,2.9
user_00561,2024-02-14,2024-06-01,free,general_qa,False,0,4,0,False,4,3.6
user_00562,2024-02-19,2024-06-01,free,writing,False,0,7,0,False,8,3.0
user_00563,2024-03-09,2024-06-01,free,data_analysis,False,0,9,0,False,9,5.3
user_00564,2024-02-04,2024-06-01,free,writing,False,0,8,0,False,6,8.7
user_00565,2024-03-15,2024-06-01,pro,data_analysis,True,20,4,80,False,7,6.4
user_00566,2024-01-16,2024-06-01,enterprise,general_qa,True,75,6,450,False,7,5.2
user_00567,2024-02-28,2024-06-01,free,writing,False,0,6,0,False,6,1.8
user_00568,2024-01-18,2024-03-18,free,data_analysis,False,0,2,0,True,12,2.9
user_00569,2024-03-20,2024-06-01,free,data_analysis,False,0,6,0,False,7,4.1
user_00570,2024-01-17,2024-06-01,free,writing,False,0,7,0,False,7,1.9
user_00571,2024-03-10,2024-06-01,enterprise,general_qa,True,50,5,250,False,5,6.5
user_00572,2024-02-25,2024-03-26,pro,writing,True,20,1,20,True,5,6.9
user_00573,2024-01-20,2024-06-01,pro,general_qa,True,25,5,125,False,9,4.2
user_00574,2024-02-17,2024-06-01,free,coding,False,0,5,0,False,9,1.3
user_00575,2024-01-17,2024-06-01,free,data_analysis,False,0,7,0,False,8,2.0
user_00576,2024-02-20,2024-04-20,free,coding,False,0,2,0,True,5,4.8
user_00577,2024-03-27,2024-06-01,pro,writing,True,20,9,180,False,9,2.4
user_00578,2024-03-05,2024-06-01,free,writing,False,0,3,0,False,5,5.9
user_00579,2024-02-29,2024-04-29,pro,coding,True,30,2,60,True,9,3.8
user_00580,2024-02-11,2024-04-11,pro,data_analysis,True,20,2,40,True,13,4.8
user_00581,2024-01-12,2024-06-01,free,general_qa,False,0,7,0,False,4,3.2
user_00582,2024-01-13,2024-03-13,free,general_qa,False,0,2,0,True,7,5.3
user_00583,2024-02-29,2024-06-01,free,writing,False,0,5,0,False,7,2.2
user_00584,2024-03-04,2024-06-01,enterprise,general_qa,True,50,3,150,False,9,4.9
user_00585,2024-01-30,2024-04-29,pro,general_qa,True,30,3,90,True,10,9.2
user_00586,2024-01-17,2024-02-16,pro,data_analysis,True,20,1,20,True,6,4.5
user_00587,2024-01-18,2024-06-01,free,general_qa,False,0,8,0,False,6,5.0
user_00588,2024-03-17,2024-06-01,free,writing,False,0,6,0,False,9,3.8
user_00589,2024-02-14,2024-06-01,enterprise,data_analysis,True,100,9,900,False,6,6.3
user_00590,2024-03-14,2024-04-13,free,writing,False,0,1,0,True,9,3.5
user_00591,2024-03-11,2024-06-01,free,writing,False,0,11,0,False,5,5.5
user_00592,2024-01-18,2024-03-18,free,coding,False,0,2,0,True,6,5.5
user_00593,2024-02-23,2024-06-01,pro,writing,True,25,7,175,False,12,9.7
user_00594,2024-01-12,2024-06-01,pro,general_qa,True,20,6,120,False,7,3.2
user_00595,2024-02-27,2024-06-01,free,general_qa,False,0,7,0,False,7,6.8
user_00596,2024-01-22,2024-06-01,free,data_analysis,False,0,11,0,False,6,5.7
user_00597,2024-01-06,2024-05-05,free,data_analysis,False,0,4,0,True,5,4.0
user_00598,2024-02-01,2024-06-01,free,data_analysis,False,0,9,0,False,6,5.5
user_00599,2024-03-20,2024-05-19,free,writing,False,0,2,0,True,11,3.0
user_00600,2024-01-01,2024-01-31,free,general_qa,False,0,1,0,True,15,5.8
user_00601,2024-01-10,2024-06-01,pro,writing,True,25,5,125,False,5,3.4
user_00602,2024-02-13,2024-06-01,free,writing,False,0,7,0,False,7,10.3
user_00603,2024-02-25,2024-04-25,enterprise,writing,True,75,2,150,True,6,12.9
user_00604,2024-02-16,2024-05-16,free,data_analysis,False,0,3,0,True,7,5.7
user_00605,2024-01-10,2024-06-01,pro,writing,True,20,8,160,False,6,2.8
user_00606,2024-03-23,2024-05-22,free,general_qa,False,0,2,0,True,7,6.6
user_00607,2024-01-19,2024-04-18,free,data_analysis,False,0,3,0,True,10,3.0
user_00608,2024-01-15,2024-06-01,pro,coding,True,20,7,140,False,9,3.0
user_00609,2024-02-23,2024-05-23,free,general_qa,False,0,3,0,True,8,8.8
user_00610,2024-01-22,2024-06-01,free,general_qa,False,0,7,0,False,7,6.5
user_00611,2024-01-21,2024-06-01,free,general_qa,False,0,6,0,False,7,8.4
user_00612,2024-01-31,2024-06-01,free,writing,False,0,9,0,False,4,8.4
user_00613,2024-01-18,2024-04-17,pro,writing,True,20,3,60,True,7,2.8
user_00614,2024-03-20,2024-06-01,free,data_analysis,False,0,8,0,False,8,3.8
user_00615,2024-02-21,2024-06-01,pro,data_analysis,True,20,4,80,False,7,15.6
user_00616,2024-01-16,2024-06-01,enterprise,data_analysis,True,50,6,300,False,4,4.1
user_00617,2024-01-07,2024-03-07,free,data_analysis,False,0,2,0,True,11,5.2
user_00618,2024-01-25,2024-06-01,pro,general_qa,True,20,8,160,False,6,6.8
user_00619,2024-02-21,2024-05-21,free,data_analysis,False,0,3,0,True,7,2.1
user_00620,2024-01-08,2024-05-07,pro,writing,True,30,4,120,True,6,4.7
user_00621,2024-01-03,2024-06-01,enterprise,coding,True,50,7,350,False,5,5.7
user_00622,2024-02-22,2024-06-01,free,coding,False,0,4,0,False,13,9.5
user_00623,2024-03-05,2024-06-01,pro,coding,True,25,7,175,False,5,2.5
user_00624,2024-01-15,2024-04-14,free,coding,False,0,3,0,True,5,5.1
user_00625,2024-01-09,2024-04-08,pro,coding,True,20,3,60,True,8,1.5
user_00626,2024-01-14,2024-06-01,free,writing,False,0,5,0,False,9,8.7
user_00627,2024-03-07,2024-06-01,free,data_analysis,False,0,9,0,False,9,9.3
user_00628,2024-01-06,2024-05-05,free,writing,False,0,4,0,True,4,2.3
user_00629,2024-01-22,2024-06-01,pro,general_qa,True,20,6,120,False,6,5.3
user_00630,2024-03-26,2024-06-01,free,coding,False,0,4,0,False,7,3.2
user_00631,2024-02-22,2024-04-22,free,writing,False,0,2,0,True,8,2.4
user_00632,2024-02-16,2024-06-01,pro,writing,True,20,9,180,False,6,3.2
user_00633,2024-01-21,2024-03-21,free,general_qa,False,0,2,0,True,7,6.4
user_00634,2024-02-01,2024-06-01,pro,data_analysis,True,20,7,140,False,7,2.0
user_00635,2024-02-18,2024-06-01,enterprise,general_qa,True,75,5,375,False,5,1.9
user_00636,2024-02-05,2024-06-01,pro,data_analysis,True,20,4,80,False,4,6.6
user_00637,2024-03-02,2024-06-01,free,coding,False,0,6,0,False,8,1.7
user_00638,2024-01-09,2024-03-09,free,data_analysis,False,0,2,0,True,4,5.6
user_00639,2024-02-01,2024-05-31,pro,writing,True,20,4,80,True,5,2.7
user_00640,2024-02-03,2024-06-01,pro,coding,True,25,5,125,False,9,7.2
user_00641,2024-01-27,2024-03-27,enterprise,coding,True,50,2,100,True,6,6.3
user_00642,2024-03-12,2024-06-01,free,general_qa,False,0,10,0,False,9,10.0
user_00643,2024-03-23,2024-06-01,pro,writing,True,20,9,180,False,9,3.3
user_00644,2024-02-27,2024-06-01,free,data_analysis,False,0,4,0,False,6,4.8
user_00645,2024-01-10,2024-06-01,free,writing,False,0,7,0,False,10,10.4
user_00646,2024-01-05,2024-06-01,free,writing,False,0,6,0,False,4,1.6
user_00647,2024-02-08,2024-04-08,free,data_analysis,False,0,2,0,True,6,2.8
user_00648,2024-02-10,2024-06-01,free,data_analysis,False,0,4,0,False,7,2.3
user_00649,2024-01-29,2024-06-01,pro,data_analysis,True,30,6,180,False,8,7.3
user_00650,2024-02-24,2024-06-01,free,general_qa,False,0,4,0,False,6,10.1
user_00651,2024-02-25,2024-03-26,free,general_qa,False,0,1,0,True,6,5.5
user_00652,2024-02-08,2024-06-01,free,data_analysis,False,0,8,0,False,11,3.7
user_00653,2024-02-27,2024-05-27,free,coding,False,0,3,0,True,7,8.1
user_00654,2024-02-26,2024-06-01,enterprise,data_analysis,True,50,5,250,False,8,9.3
user_00655,2024-03-15,2024-06-01,free,coding,False,0,6,0,False,5,4.1
user_00656,2024-01-06,2024-04-05,pro,general_qa,True,25,3,75,True,6,5.7
user_00657,2024-01-10,2024-06-01,pro,writing,True,20,12,240,False,6,9.0
user_00658,2024-02-26,2024-05-26,free,data_analysis,False,0,3,0,True,13,2.5
user_00659,2024-01-17,2024-02-16,free,writing,False,0,1,0,True,6,3.4
user_00660,2024-01-21,2024-06-01,enterprise,writing,True,50,8,400,False,6,2.4
user_00661,2024-01-15,2024-05-14,free,writing,False,0,4,0,True,7,4.3
user_00662,2024-02-06,2024-06-01,free,coding,False,0,7,0,False,5,2.0
user_00663,2024-01-29,2024-06-01,pro,general_qa,True,20,5,100,False,6,10.1
user_00664,2024-03-13,2024-06-01,free,general_qa,False,0,7,0,False,5,3.3
user_00665,2024-03-09,2024-06-01,pro,general_qa,True,20,3,60,False,5,3.1
user_00666,2024-01-20,2024-05-19,free,writing,False,0,4,0,True,6,5.1
user_00667,2024-03-21,2024-06-01,free,writing,False,0,10,0,False,8,12.1
user_00668,2024-02-24,2024-06-01,pro,writing,True,20,5,100,False,7,1.7
user_00669,2024-01-08,2024-06-01,pro,writing,True,20,7,140,False,12,3.0
user_00670,2024-03-28,2024-06-01,free,data_analysis,False,0,12,0,False,3,3.0
user_00671,2024-01-04,2024-06-01,free,data_analysis,False,0,5,0,False,9,5.3
user_00672,2024-01-19,2024-05-18,pro,general_qa,True,20,4,80,True,11,4.3
user_00673,2024-02-04,2024-06-01,pro,general_qa,True,25,9,225,False,5,3.4
user_00674,2024-03-26,2024-06-01,enterprise,coding,True,50,12,600,False,5,2.4
user_00675,2024-01-11,2024-05-10,free,writing,False,0,4,0,True,8,1.7
user_00676,2024-01-05,2024-06-01,pro,general_qa,True,25,5,125,False,7,9.7
user_00677,2024-01-01,2024-05-30,free,general_qa,False,0,5,0,True,7,4.7
user_00678,2024-03-06,2024-06-01,free,writing,False,0,3,0,False,8,1.8
user_00679,2024-02-12,2024-06-01,free,data_analysis,False,0,9,0,False,5,8.9
user_00680,2024-03-26,2024-06-01,pro,data_analysis,True,25,8,200,False,7,5.6
user_00681,2024-02-19,2024-03-20,free,general_qa,False,0,1,0,True,10,9.8
user_00682,2024-01-17,2024-06-01,pro,data_analysis,True,20,6,120,False,5,6.8
user_00683,2024-02-14,2024-06-01,free,general_qa,False,0,8,0,False,8,3.1
user_00684,2024-02-07,2024-06-01,free,general_qa,False,0,8,0,False,3,3.5
user_00685,2024-01-21,2024-04-20,enterprise,coding,True,100,3,300,True,10,3.1
user_00686,2024-02-07,2024-06-01,free,writing,False,0,5,0,False,7,2.8
user_00687,2024-01-29,2024-06-01,pro,general_qa,True,20,5,100,False,16,4.0
user_00688,2024-02-27,2024-06-01,enterprise,general_qa,True,75,5,375,False,5,1.3
user_00689,2024-03-21,2024-05-20,pro,writing,True,20,2,40,True,5,3.9
user_00690,2024-02-05,2024-06-01,free,coding,False,0,4,0,False,8,5.5
user_00691,2024-01-04,2024-06-01,free,general_qa,False,0,6,0,False,6,9.0
user_00692,2024-03-03,2024-06-01,free,writing,False,0,8,0,False,6,1.7
user_00693,2024-03-07,2024-06-01,enterprise,data_analysis,True,75,8,600,False,5,4.7
user_00694,2024-01-16,2024-02-15,free,writing,False,0,1,0,True,7,4.6
user_00695,2024-01-19,2024-06-01,free,general_qa,False,0,6,0,False,7,8.8
user_00696,2024-02-02,2024-04-02,free,general_qa,False,0,2,0,True,7,2.0
user_00697,2024-01-08,2024-02-07,pro,writing,True,20,1,20,True,11,5.5
user_00698,2024-02-08,2024-06-01,pro,coding,True,20,6,120,False,6,6.8
user_00699,2024-03-21,2024-06-01,free,writing,False,0,6,0,False,5,1.6
user_00700,2024-03-16,2024-06-01,free,coding,False,0,5,0,False,8,5.7
user_00701,2024-03-28,2024-06-01,free,coding,False,0,3,0,False,6,2.1
user_00702,2024-02-10,2024-06-01,free,writing,False,0,5,0,False,6,4.4
user_00703,2024-01-03,2024-06-01,enterprise,general_qa,True,75,8,600,False,8,9.5
user_00704,2024-01-18,2024-05-17,free,coding,False,0,4,0,True,6,3.8
user_00705,2024-02-19,2024-06-01,free,data_analysis,False,0,9,0,False,5,2.5
user_00706,2024-01-11,2024-06-01,free,writing,False,0,7,0,False,4,2.3
user_00707,2024-02-24,2024-05-24,free,general_qa,False,0,3,0,True,5,5.2
user_00708,2024-02-01,2024-05-31,free,writing,False,0,4,0,True,7,6.7
user_00709,2024-01-11,2024-06-01,free,general_qa,False,0,5,0,False,7,4.4
user_00710,2024-03-15,2024-04-14,free,writing,False,0,1,0,True,8,1.4
user_00711,2024-01-24,2024-02-23,pro,coding,True,20,1,20,True,10,2.4
user_00712,2024-02-20,2024-05-20,pro,general_qa,True,30,3,90,True,6,3.6
user_00713,2024-03-13,2024-06-01,pro,data_analysis,True,25,3,75,False,5,6.3
user_00714,2024-02-12,2024-06-01,pro,coding,True,25,9,225,False,7,1.5
user_00715,2024-01-18,2024-04-17,free,data_analysis,False,0,3,0,True,10,3.0
user_00716,2024-01-12,2024-03-12,pro,coding,True,30,2,60,True,9,4.6
user_00717,2024-03-26,2024-06-01,pro,writing,True,30,7,210,False,8,2.5
user_00718,2024-03-14,2024-06-01,free,coding,False,0,4,0,False,5,3.3
user_00719,2024-01-31,2024-06-01,enterprise,general_qa,True,100,5,500,False,9,1.9
user_00720,2024-02-11,2024-03-12,free,coding,False,0,1,0,True,11,4.2
user_00721,2024-02-05,2024-06-01,pro,writing,True,25,9,225,False,10,5.1
user_00722,2024-02-20,2024-06-01,pro,writing,True,25,7,175,False,7,1.7
user_00723,2024-02-23,2024-06-01,pro,coding,True,20,5,100,False,2,4.7
user_00724,2024-02-18,2024-06-01,free,writing,False,0,7,0,False,5,3.9
user_00725,2024-02-13,2024-06-01,free,coding,False,0,11,0,False,7,6.8
user_00726,2024-03-21,2024-06-01,free,writing,False,0,8,0,False,8,1.4
user_00727,2024-01-15,2024-06-01,free,writing,False,0,6,0,False,5,10.5
user_00728,2024-02-19,2024-05-19,pro,writing,True,20,3,60,True,10,2.9
user_00729,2024-03-13,2024-06-01,pro,writing,True,20,5,100,False,10,1.3
user_00730,2024-03-26,2024-06-01,free,data_analysis,False,0,6,0,False,7,5.6
user_00731,2024-01-21,2024-02-20,free,writing,False,0,1,0,True,7,5.8
user_00732,2024-03-27,2024-06-01,free,data_analysis,False,0,8,0,False,3,2.3
user_00733,2024-02-03,2024-06-01,free,coding,False,0,5,0,False,9,17.2
user_00734,2024-03-07,2024-06-01,enterprise,writing,True,50,8,400,False,13,2.9
user_00735,2024-03-04,2024-06-01,pro,coding,True,25,3,75,False,10,5.4
user_00736,2024-02-15,2024-06-01,free,general_qa,False,0,6,0,False,5,3.5
user_00737,2024-03-30,2024-06-01,free,general_qa,False,0,3,0,False,8,2.3
user_00738,2024-01-19,2024-06-01,pro,general_qa,True,20,6,120,False,9,7.0
user_00739,2024-03-06,2024-06-01,pro,general_qa,True,20,5,100,False,4,11.2
user_00740,2024-01-14,2024-03-14,free,general_qa,False,0,2,0,True,4,3.9
user_00741,2024-01-18,2024-05-17,pro,writing,True,30,4,120,True,9,4.5
user_00742,2024-03-27,2024-05-26,pro,general_qa,True,30,2,60,True,5,4.8
user_00743,2024-02-26,2024-05-26,free,data_analysis,False,0,3,0,True,7,8.0
user_00744,2024-02-25,2024-06-01,free,data_analysis,False,0,8,0,False,8,3.5
user_00745,2024-03-05,2024-05-04,pro,general_qa,True,25,2,50,True,11,3.3
user_00746,2024-01-06,2024-05-05,free,coding,False,0,4,0,True,4,3.3
user_00747,2024-03-08,2024-06-01,free,writing,False,0,3,0,False,7,4.7
user_00748,2024-02-15,2024-06-01,free,data_analysis,False,0,8,0,False,5,4.5
user_00749,2024-02-25,2024-06-01,free,coding,False,0,5,0,False,8,8.1
user_00750,2024-02-19,2024-06-01,pro,writing,True,30,7,210,False,5,3.7
user_00751,2024-03-30,2024-06-01,free,data_analysis,False,0,9,0,False,5,5.5
user_00752,2024-03-25,2024-06-01,pro,writing,True,20,5,100,False,6,2.6
user_00753,2024-02-19,2024-06-01,pro,writing,True,25,7,175,False,4,4.9
user_00754,2024-02-18,2024-06-01,free,writing,False,0,5,0,False,6,8.8
user_00755,2024-01-28,2024-03-28,pro,coding,True,30,2,60,True,10,5.4
user_00756,2024-03-14,2024-05-13,free,writing,False,0,2,0,True,5,1.3
user_00757,2024-02-02,2024-06-01,enterprise,data_analysis,True,75,9,675,False,10,4.6
user_00758,2024-02-10,2024-06-01,pro,general_qa,True,20,8,160,False,10,11.4
user_00759,2024-02-11,2024-06-01,free,writing,False,0,6,0,False,2,4.2
user_00760,2024-01-18,2024-06-01,pro,coding,True,20,9,180,False,6,1.6
user_00761,2024-01-24,2024-06-01,free,coding,False,0,7,0,False,4,4.3
user_00762,2024-02-19,2024-06-01,free,writing,False,0,6,0,False,4,1.7
user_00763,2024-01-29,2024-04-28,pro,general_qa,True,25,3,75,True,5,4.8
user_00764,2024-01-19,2024-06-01,free,writing,False,0,8,0,False,4,5.6
user_00765,2024-01-01,2024-04-30,pro,general_qa,True,25,4,100,True,6,10.8
user_00766,2024-03-14,2024-06-01,free,writing,False,0,8,0,False,6,9.3
user_00767,2024-03-07,2024-06-01,enterprise,writing,True,75,8,600,False,6,5.2
user_00768,2024-01-10,2024-04-09,enterprise,coding,True,50,3,150,True,8,2.9
user_00769,2024-01-12,2024-02-11,pro,general_qa,True,20,1,20,True,9,3.8
user_00770,2024-02-23,2024-06-01,free,data_analysis,False,0,12,0,False,6,7.7
user_00771,2024-03-13,2024-06-01,free,data_analysis,False,0,6,0,False,6,6.9
user_00772,2024-03-18,2024-06-01,free,general_qa,False,0,10,0,False,7,2.9
user_00773,2024-02-28,2024-05-28,free,general_qa,False,0,3,0,True,11,5.8
user_00774,2024-01-30,2024-05-29,free,coding,False,0,4,0,True,10,3.0
user_00775,2024-02-20,2024-04-20,free,coding,False,0,2,0,True,10,2.2
user_00776,2024-01-13,2024-03-13,pro,coding,True,20,2,40,True,6,3.6
user_00777,2024-01-17,2024-06-01,free,writing,False,0,5,0,False,6,4.3
user_00778,2024-03-24,2024-05-23,pro,data_analysis,True,30,2,60,True,5,7.1
user_00779,2024-01-25,2024-06-01,pro,general_qa,True,30,8,240,False,6,8.0
user_00780,2024-03-12,2024-06-01,enterprise,writing,True,75,7,525,False,6,3.6
user_00781,2024-01-31,2024-06-01,free,data_analysis,False,0,9,0,False,5,3.5
user_00782,2024-02-17,2024-05-17,pro,general_qa,True,25,3,75,True,10,4.3
user_00783,2024-02-28,2024-06-01,pro,writing,True,25,4,100,False,9,1.3
user_00784,2024-02-23,2024-03-24,free,writing,False,0,1,0,True,8,1.9
user_00785,2024-02-13,2024-06-01,free,writing,False,0,7,0,False,4,2.7
user_00786,2024-03-09,2024-06-01,pro,writing,True,20,6,120,False,6,2.1
user_00787,2024-02-10,2024-06-01,pro,coding,True,25,5,125,False,5,6.1
user_00788,2024-03-11,2024-06-01,free,general_qa,False,0,4,0,False,11,6.3
user_00789,2024-03-09,2024-06-01,free,coding,False,0,7,0,False,5,2.1
user_00790,2024-02-03,2024-05-03,pro,data_analysis,True,30,3,90,True,4,3.8
user_00791,2024-03-29,2024-04-28,free,general_qa,False,0,1,0,True,12,4.2
user_00792,2024-02-11,2024-06-01,free,data_analysis,False,0,9,0,False,7,3.0
user_00793,2024-03-13,2024-06-01,free,writing,False,0,3,0,False,5,2.4
user_00794,2024-01-20,2024-04-19,pro,data_analysis,True,25,3,75,True,4,2.5
user_00795,2024-02-19,2024-06-01,pro,writing,True,25,6,150,False,4,5.5
user_00796,2024-02-21,2024-04-21,free,coding,False,0,2,0,True,8,4.4
user_00797,2024-03-28,2024-06-01,free,writing,False,0,5,0,False,6,3.4
user_00798,2024-03-27,2024-06-01,free,coding,False,0,6,0,False,6,2.1
user_00799,2024-01-23,2024-05-22,enterprise,writing,True,75,4,300,True,6,9.8
user_00800,2024-01-24,2024-06-01,free,writing,False,0,7,0,False,6,6.3
user_00801,2024-03-03,2024-05-02,free,coding,False,0,2,0,True,7,5.8
user_00802,2024-02-05,2024-04-05,enterprise,general_qa,True,100,2,200,True,8,6.7
user_00803,2024-02-05,2024-06-01,free,data_analysis,False,0,4,0,False,5,6.4
user_00804,2024-01-15,2024-06-01,free,data_analysis,False,0,5,0,False,5,2.2
user_00805,2024-01-20,2024-06-01,free,writing,False,0,7,0,False,2,4.5
user_00806,2024-01-27,2024-05-26,free,data_analysis,False,0,4,0,True,9,12.0
user_00807,2024-01-10,2024-06-01,enterprise,coding,True,100,7,700,False,9,2.9
user_00808,2024-02-01,2024-06-01,free,writing,False,0,10,0,False,9,2.2
user_00809,2024-03-14,2024-06-01,free,data_analysis,False,0,3,0,False,12,3.3
user_00810,2024-03-27,2024-06-01,pro,coding,True,20,3,60,False,9,3.6
user_00811,2024-01-06,2024-06-01,pro,writing,True,20,12,240,False,5,3.3
user_00812,2024-02-27,2024-06-01,free,general_qa,False,0,10,0,False,5,3.8
user_00813,2024-02-18,2024-06-01,pro,data_analysis,True,20,5,100,False,5,9.7
user_00814,2024-02-04,2024-06-01,free,data_analysis,False,0,7,0,False,4,2.6
user_00815,2024-02-10,2024-06-01,pro,coding,True,25,9,225,False,6,9.1
user_00816,2024-01-25,2024-06-01,pro,general_qa,True,20,7,140,False,8,2.5
user_00817,2024-03-22,2024-04-21,pro,general_qa,True,25,1,25,True,10,3.6
user_00818,2024-02-19,2024-06-01,pro,coding,True,20,8,160,False,5,7.7
user_00819,2024-01-09,2024-06-01,free,data_analysis,False,0,5,0,False,7,3.5
user_00820,2024-02-21,2024-06-01,free,coding,False,0,10,0,False,7,5.4
user_00821,2024-03-15,2024-06-01,free,data_analysis,False,0,3,0,False,6,15.4
user_00822,2024-01-24,2024-06-01,free,general_qa,False,0,8,0,False,8,6.2
user_00823,2024-03-29,2024-06-01,free,coding,False,0,8,0,False,5,3.0
user_00824,2024-02-26,2024-06-01,free,coding,False,0,12,0,False,12,8.5
user_00825,2024-01-27,2024-04-26,enterprise,coding,True,100,3,300,True,6,2.0
user_00826,2024-03-19,2024-06-01,free,data_analysis,False,0,9,0,False,10,8.0
user_00827,2024-02-09,2024-06-01,pro,coding,True,20,8,160,False,7,2.8
user_00828,2024-02-14,2024-06-01,free,general_qa,False,0,5,0,False,9,4.9
user_00829,2024-03-07,2024-04-06,pro,data_analysis,True,20,1,20,True,8,1.8
user_00830,2024-02-13,2024-05-13,free,writing,False,0,3,0,True,7,2.9
user_00831,2024-01-16,2024-02-15,pro,writing,True,25,1,25,True,7,7.6
user_00832,2024-01-18,2024-05-17,free,writing,False,0,4,0,True,11,3.0
user_00833,2024-03-01,2024-06-01,pro,data_analysis,True,20,5,100,False,5,9.9
user_00834,2024-02-15,2024-06-01,pro,data_analysis,True,25,11,275,False,7,6.8
user_00835,2024-03-09,2024-06-01,pro,general_qa,True,20,3,60,False,8,3.8
user_00836,2024-01-28,2024-06-01,free,general_qa,False,0,6,0,False,9,10.6
user_00837,2024-03-07,2024-05-06,free,writing,False,0,2,0,True,12,2.8
user_00838,2024-02-23,2024-06-01,pro,coding,True,20,5,100,False,7,1.6
user_00839,2024-02-08,2024-06-01,pro,data_analysis,True,20,5,100,False,6,4.8
user_00840,2024-02-01,2024-05-31,pro,writing,True,20,4,80,True,3,4.1
user_00841,2024-02-12,2024-06-01,pro,coding,True,20,7,140,False,9,4.0
user_00842,2024-03-27,2024-06-01,free,writing,False,0,5,0,False,8,4.1
user_00843,2024-03-05,2024-06-01,enterprise,data_analysis,True,100,5,500,False,7,10.5
user_00844,2024-03-16,2024-06-01,free,writing,False,0,7,0,False,7,10.8
user_00845,2024-02-07,2024-06-01,free,writing,False,0,9,0,False,8,13.9
user_00846,2024-01-24,2024-06-01,free,general_qa,False,0,5,0,False,8,5.6
user_00847,2024-02-25,2024-06-01,pro,coding,True,25,4,100,False,7,8.0
user_00848,2024-01-08,2024-05-07,free,coding,False,0,4,0,True,5,8.4
user_00849,2024-01-21,2024-02-20,free,data_analysis,False,0,1,0,True,5,6.5
user_00850,2024-01-07,2024-03-07,free,coding,False,0,2,0,True,8,4.4
user_00851,2024-03-28,2024-06-01,enterprise,coding,True,100,8,800,False,6,6.7
user_00852,2024-02-01,2024-05-01,enterprise,general_qa,True,100,3,300,True,6,1.5
user_00853,2024-03-21,2024-06-01,enterprise,coding,True,50,6,300,False,7,12.5
user_00854,2024-03-12,2024-06-01,pro,writing,True,30,8,240,False,5,3.9
user_00855,2024-02-10,2024-06-01,pro,general_qa,True,20,7,140,False,6,3.1
user_00856,2024-02-19,2024-06-01,free,writing,False,0,9,0,False,6,6.7
user_00857,2024-01-21,2024-03-21,free,writing,False,0,2,0,True,9,7.4
user_00858,2024-03-17,2024-06-01,pro,general_qa,True,20,7,140,False,7,4.2
user_00859,2024-03-24,2024-06-01,free,writing,False,0,7,0,False,5,5.7
user_00860,2024-01-06,2024-04-05,free,general_qa,False,0,3,0,True,5,6.2
user_00861,2024-01-15,2024-06-01,free,general_qa,False,0,9,0,False,3,2.8
user_00862,2024-03-19,2024-06-01,enterprise,coding,True,75,5,375,False,6,3.2
user_00863,2024-02-25,2024-06-01,free,general_qa,False,0,10,0,False,8,2.6
user_00864,2024-03-21,2024-06-01,free,data_analysis,False,0,3,0,False,7,5.8
user_00865,2024-01-12,2024-06-01,enterprise,writing,True,50,6,300,False,6,3.5
user_00866,2024-02-20,2024-06-01,pro,writing,True,20,8,160,False,9,8.2
user_00867,2024-01-29,2024-05-28,free,general_qa,False,0,4,0,True,12,9.6
user_00868,2024-01-29,2024-06-01,free,general_qa,False,0,9,0,False,7,1.9
user_00869,2024-01-01,2024-01-31,free,data_analysis,False,0,1,0,True,4,3.5
user_00870,2024-02-19,2024-06-01,free,coding,False,0,6,0,False,7,2.5
user_00871,2024-03-20,2024-06-01,free,general_qa,False,0,4,0,False,7,4.3
user_00872,2024-01-18,2024-06-01,pro,coding,True,25,11,275,False,6,5.2
user_00873,2024-02-28,2024-03-29,pro,writing,True,20,1,20,True,3,3.1
user_00874,2024-03-12,2024-06-01,pro,writing,True,20,5,100,False,9,2.3
user_00875,2024-02-18,2024-06-01,free,general_qa,False,0,4,0,False,10,4.5
user_00876,2024-03-03,2024-06-01,free,general_qa,False,0,6,0,False,12,4.6
user_00877,2024-03-20,2024-04-19,pro,writing,True,20,1,20,True,11,2.5
user_00878,2024-01-25,2024-06-01,enterprise,data_analysis,True,75,5,375,False,5,2.7
user_00879,2024-02-02,2024-04-02,free,data_analysis,False,0,2,0,True,4,8.2
user_00880,2024-02-10,2024-05-10,free,writing,False,0,3,0,True,9,10.4
user_00881,2024-02-08,2024-06-01,enterprise,data_analysis,True,75,12,900,False,8,1.9
user_00882,2024-02-13,2024-06-01,free,general_qa,False,0,9,0,False,3,4.2
user_00883,2024-01-08,2024-06-01,pro,coding,True,20,5,100,False,9,3.9
user_00884,2024-03-02,2024-06-01,pro,general_qa,True,30,5,150,False,2,6.3
user_00885,2024-02-01,2024-05-01,free,data_analysis,False,0,3,0,True,8,3.7
user_00886,2024-02-03,2024-06-01,free,general_qa,False,0,7,0,False,6,4.4
user_00887,2024-01-20,2024-06-01,free,data_analysis,False,0,5,0,False,9,1.2
user_00888,2024-02-19,2024-06-01,pro,general_qa,True,20,5,100,False,6,4.6
user_00889,2024-01-08,2024-05-07,free,general_qa,False,0,4,0,True,5,3.8
user_00890,2024-01-05,2024-02-04,free,writing,False,0,1,0,True,8,3.7
user_00891,2024-02-19,2024-06-01,free,data_analysis,False,0,9,0,False,10,3.3
user_00892,2024-01-31,2024-05-30,free,coding,False,0,4,0,True,8,5.6
user_00893,2024-03-18,2024-06-01,free,data_analysis,False,0,7,0,False,10,14.6
user_00894,2024-01-03,2024-06-01,pro,general_qa,True,20,6,120,False,5,2.6
user_00895,2024-02-11,2024-05-11,free,general_qa,False,0,3,0,True,3,2.1
user_00896,2024-01-12,2024-03-12,enterprise,coding,True,50,2,100,True,6,4.0
user_00897,2024-03-03,2024-06-01,free,general_qa,False,0,4,0,False,6,2.2
user_00898,2024-01-18,2024-04-17,free,coding,False,0,3,0,True,5,2.8
user_00899,2024-01-28,2024-06-01,free,writing,False,0,7,0,False,7,6.6
user_00900,2024-03-13,2024-06-01,free,general_qa,False,0,5,0,False,4,3.6
user_00901,2024-02-07,2024-04-07,enterprise,general_qa,True,50,2,100,True,5,4.9
user_00902,2024-02-03,2024-05-03,free,data_analysis,False,0,3,0,True,4,5.6
user_00903,2024-01-23,2024-05-22,enterprise,writing,True,50,4,200,True,9,4.4
user_00904,2024-02-11,2024-06-01,free,data_analysis,False,0,9,0,False,8,2.7
user_00905,2024-01-01,2024-06-01,free,general_qa,False,0,11,0,False,9,5.3
user_00906,2024-02-03,2024-04-03,free,data_analysis,False,0,2,0,True,10,8.9
user_00907,2024-03-25,2024-06-01,free,general_qa,False,0,3,0,False,4,3.2
user_00908,2024-01-23,2024-05-22,pro,writing,True,20,4,80,True,7,4.9
user_00909,2024-03-09,2024-06-01,pro,general_qa,True,25,11,275,False,6,2.9
user_00910,2024-02-01,2024-06-01,pro,data_analysis,True,25,7,175,False,5,8.1
user_00911,2024-02-21,2024-06-01,free,writing,False,0,8,0,False,7,4.4
user_00912,2024-01-08,2024-06-01,free,general_qa,False,0,5,0,False,6,4.3
user_00913,2024-02-25,2024-04-25,free,data_analysis,False,0,2,0,True,8,2.6
user_00914,2024-01-06,2024-03-06,pro,general_qa,True,30,2,60,True,6,2.8
user_00915,2024-01-10,2024-06-01,pro,data_analysis,True,25,6,150,False,9,4.0
user_00916,2024-02-10,2024-06-01,enterprise,coding,True,75,9,675,False,5,5.2
user_00917,2024-01-03,2024-06-01,pro,coding,True,20,8,160,False,7,8.5
user_00918,2024-01-28,2024-05-27,free,writing,False,0,4,0,True,9,8.0
user_00919,2024-03-04,2024-06-01,free,data_analysis,False,0,5,0,False,5,1.9
user_00920,2024-03-25,2024-06-01,pro,data_analysis,True,25,10,250,False,8,7.3
user_00921,2024-02-04,2024-06-01,free,coding,False,0,9,0,False,3,3.0
user_00922,2024-01-23,2024-06-01,pro,writing,True,30,5,150,False,8,2.5
user_00923,2024-03-28,2024-04-27,pro,writing,True,25,1,25,True,4,4.4
user_00924,2024-03-24,2024-06-01,free,writing,False,0,3,0,False,8,6.1
user_00925,2024-03-24,2024-05-23,pro,writing,True,20,2,40,True,7,8.0
user_00926,2024-01-12,2024-06-01,free,writing,False,0,6,0,False,8,4.5
user_00927,2024-01-11,2024-03-11,pro,writing,True,20,2,40,True,7,9.8
user_00928,2024-03-29,2024-06-01,free,data_analysis,False,0,9,0,False,9,3.1
user_00929,2024-03-29,2024-05-28,free,coding,False,0,2,0,True,8,4.9
user_00930,2024-01-30,2024-04-29,pro,coding,True,30,3,90,True,6,6.3
user_00931,2024-03-22,2024-04-21,free,general_qa,False,0,1,0,True,7,1.4
user_00932,2024-01-14,2024-02-13,free,general_qa,False,0,1,0,True,5,2.2
user_00933,2024-03-07,2024-06-01,pro,coding,True,20,4,80,False,8,4.0
user_00934,2024-02-08,2024-06-01,free,writing,False,0,8,0,False,8,1.8
user_00935,2024-03-21,2024-06-01,free,coding,False,0,6,0,False,9,5.5
user_00936,2024-03-19,2024-06-01,free,data_analysis,False,0,3,0,False,12,2.7
user_00937,2024-01-06,2024-03-06,free,coding,False,0,2,0,True,5,5.8
user_00938,2024-03-18,2024-06-01,free,writing,False,0,3,0,False,6,1.9
user_00939,2024-02-26,2024-04-26,free,coding,False,0,2,0,True,6,7.6
user_00940,2024-03-21,2024-06-01,free,coding,False,0,4,0,False,12,4.1
user_00941,2024-03-21,2024-06-01,free,coding,False,0,9,0,False,7,4.5
user_00942,2024-01-08,2024-03-08,free,data_analysis,False,0,2,0,True,7,18.1
user_00943,2024-01-02,2024-06-01,pro,writing,True,25,12,300,False,9,2.8
user_00944,2024-01-24,2024-03-24,free,data_analysis,False,0,2,0,True,5,2.1
user_00945,2024-03-16,2024-06-01,free,writing,False,0,4,0,False,9,6.4
user_00946,2024-02-23,2024-06-01,free,coding,False,0,6,0,False,12,4.9
user_00947,2024-01-12,2024-05-11,pro,general_qa,True,30,4,120,True,8,1.4
user_00948,2024-03-22,2024-06-01,free,coding,False,0,12,0,False,6,2.6
user_00949,2024-01-09,2024-05-08,free,general_qa,False,0,4,0,True,5,4.5
user_00950,2024-03-05,2024-06-01,pro,general_qa,True,30,9,270,False,3,1.4
user_00951,2024-02-01,2024-06-01,pro,writing,True,20,6,120,False,8,2.6
user_00952,2024-01-09,2024-06-01,pro,general_qa,True,30,9,270,False,9,4.9
user_00953,2024-02-06,2024-06-01,free,writing,False,0,4,0,False,5,4.5
user_00954,2024-02-26,2024-06-01,free,coding,False,0,5,0,False,8,8.4
user_00955,2024-01-22,2024-06-01,free,data_analysis,False,0,9,0,False,7,2.9
user_00956,2024-01-05,2024-06-01,enterprise,general_qa,True,75,5,375,False,6,4.4
user_00957,2024-03-28,2024-06-01,free,coding,False,0,4,0,False,5,3.8
user_00958,2024-03-11,2024-06-01,pro,data_analysis,True,25,4,100,False,7,3.0
user_00959,2024-01-22,2024-02-21,pro,data_analysis,True,30,1,30,True,6,2.0
user_00960,2024-03-24,2024-05-23,free,general_qa,False,0,2,0,True,6,2.2
user_00961,2024-01-21,2024-06-01,free,general_qa,False,0,8,0,False,6,3.6
user_00962,2024-01-07,2024-06-01,free,writing,False,0,6,0,False,5,8.9
user_00963,2024-01-05,2024-06-01,pro,writing,True,25,6,150,False,8,11.2
user_00964,2024-02-10,2024-06-01,free,data_analysis,False,0,4,0,False,6,11.6
user_00965,2024-03-02,2024-06-01,pro,coding,True,30,10,300,False,8,4.7
user_00966,2024-02-26,2024-06-01,free,writing,False,0,6,0,False,7,7.1
user_00967,2024-02-21,2024-03-22,pro,writing,True,20,1,20,True,3,1.2
user_00968,2024-01-19,2024-04-18,free,coding,False,0,3,0,True,7,4.1
user_00969,2024-02-05,2024-03-06,free,general_qa,False,0,1,0,True,6,3.9
user_00970,2024-02-04,2024-06-01,free,writing,False,0,4,0,False,5,4.1
user_00971,2024-02-09,2024-06-01,pro,writing,True,30,12,360,False,3,3.1
user_00972,2024-01-02,2024-02-01,free,data_analysis,False,0,1,0,True,6,10.7
user_00973,2024-01-21,2024-02-20,free,writing,False,0,1,0,True,4,3.2
user_00974,2024-03-16,2024-06-01,free,writing,False,0,7,0,False,7,3.3
user_00975,2024-03-21,2024-05-20,free,general_qa,False,0,2,0,True,10,5.6
user_00976,2024-01-13,2024-06-01,free,coding,False,0,8,0,False,6,10.9
user_00977,2024-03-15,2024-06-01,pro,general_qa,True,20,7,140,False,8,3.1
user_00978,2024-01-06,2024-06-01,free,writing,False,0,9,0,False,11,5.3
user_00979,2024-02-11,2024-06-01,free,coding,False,0,11,0,False,4,2.5
user_00980,2024-03-18,2024-06-01,pro,writing,True,20,8,160,False,4,5.1
user_00981,2024-02-07,2024-06-01,pro,writing,True,20,8,160,False,5,5.9
user_00982,2024-01-21,2024-06-01,free,general_qa,False,0,7,0,False,8,8.3
user_00983,2024-03-26,2024-06-01,free,data_analysis,False,0,3,0,False,6,2.1
user_00984,2024-02-18,2024-06-01,free,data_analysis,False,0,4,0,False,7,4.3
user_00985,2024-01-08,2024-02-07,free,coding,False,0,1,0,True,9,4.2
user_00986,2024-03-18,2024-06-01,free,data_analysis,False,0,3,0,False,13,5.0
user_00987,2024-03-04,2024-06-01,free,writing,False,0,3,0,False,7,3.9
user_00988,2024-03-13,2024-06-01,free,writing,False,0,5,0,False,6,3.0
user_00989,2024-02-22,2024-06-01,free,writing,False,0,9,0,False,4,8.5
user_00990,2024-01-23,2024-04-22,free,general_qa,False,0,3,0,True,8,3.3
user_00991,2024-01-16,2024-05-15,free,writing,False,0,4,0,True,5,7.6
user_00992,2024-01-11,2024-06-01,enterprise,general_qa,True,75,11,825,False,11,6.3
user_00993,2024-03-17,2024-06-01,enterprise,writing,True,50,6,300,False,12,4.4
user_00994,2024-01-16,2024-06-01,pro,writing,True,20,7,140,False,8,11.2
user_00995,2024-03-21,2024-06-01,free,general_qa,False,0,5,0,False,5,8.2
user_00996,2024-02-11,2024-06-01,pro,general_qa,True,20,8,160,False,6,5.4
user_00997,2024-01-02,2024-06-01,free,writing,False,0,7,0,False,9,3.6
user_00998,2024-03-02,2024-06-01,enterprise,writing,True,75,8,600,False,8,4.7
user_00999,2024-01-29,2024-06-01,enterprise,writing,True,50,6,300,False,4,4.9
user_01000,2024-02-28,2024-06-01,pro,writing,True,20,6,120,False,6,5.0
user_01001,2024-03-18,2024-06-01,free,writing,False,0,5,0,False,7,3.5
user_01002,2024-02-02,2024-06-01,free,writing,False,0,7,0,False,7,3.5
user_01003,2024-02-17,2024-06-01,free,general_qa,False,0,7,0,False,12,4.0
user_01004,2024-01-21,2024-04-20,free,general_qa,False,0,3,0,True,10,2.5
user_01005,2024-03-18,2024-06-01,free,writing,False,0,5,0,False,9,2.3
user_01006,2024-01-12,2024-06-01,enterprise,general_qa,True,100,5,500,False,8,7.6
user_01007,2024-02-03,2024-06-01,free,writing,False,0,5,0,False,6,4.7
user_01008,2024-02-25,2024-06-01,pro,coding,True,20,6,120,False,12,3.1
user_01009,2024-01-02,2024-06-01,enterprise,writing,True,75,7,525,False,8,9.2
user_01010,2024-02-02,2024-06-01,free,general_qa,False,0,6,0,False,7,2.3
user_01011,2024-03-26,2024-06-01,free,data_analysis,False,0,5,0,False,7,3.1
user_01012,2024-02-16,2024-06-01,free,coding,False,0,4,0,False,8,5.7
user_01013,2024-03-08,2024-06-01,free,writing,False,0,6,0,False,7,4.3
user_01014,2024-02-05,2024-04-05,free,coding,False,0,2,0,True,4,3.9
user_01015,2024-03-09,2024-06-01,free,coding,False,0,4,0,False,5,3.0
user_01016,2024-01-16,2024-06-01,free,data_analysis,False,0,8,0,False,8,3.7
user_01017,2024-03-15,2024-06-01,enterprise,general_qa,True,75,4,300,False,5,4.5
user_01018,2024-02-08,2024-06-01,pro,data_analysis,True,25,5,125,False,8,4.8
user_01019,2024-03-02,2024-06-01,enterprise,coding,True,50,8,400,False,6,3.0
user_01020,2024-01-12,2024-06-01,pro,coding,True,25,10,250,False,10,2.9
user_01021,2024-03-04,2024-06-01,pro,general_qa,True,20,8,160,False,9,4.1
user_01022,2024-03-10,2024-05-09,pro,general_qa,True,20,2,40,True,10,7.1
user_01023,2024-03-03,2024-06-01,free,data_analysis,False,0,8,0,False,10,2.9
user_01024,2024-02-18,2024-06-01,pro,data_analysis,True,20,9,180,False,6,1.5
user_01025,2024-03-13,2024-05-12,free,data_analysis,False,0,2,0,True,4,2.9
user_01026,2024-02-29,2024-06-01,pro,coding,True,20,10,200,False,8,5.8
user_01027,2024-01-30,2024-03-30,free,coding,False,0,2,0,True,6,2.0
user_01028,2024-01-29,2024-05-28,pro,general_qa,True,20,4,80,True,5,3.3
user_01029,2024-03-13,2024-06-01,free,general_qa,False,0,6,0,False,13,4.0
user_01030,2024-02-01,2024-06-01,pro,writing,True,20,7,140,False,6,2.0
user_01031,2024-03-06,2024-06-01,pro,data_analysis,True,20,9,180,False,7,3.8
user_01032,2024-01-10,2024-04-09,pro,writing,True,25,3,75,True,9,7.8
user_01033,2024-02-14,2024-06-01,free,data_analysis,False,0,5,0,False,9,7.0
user_01034,2024-02-18,2024-06-01,pro,writing,True,30,8,240,False,6,7.8
user_01035,2024-02-06,2024-06-01,free,general_qa,False,0,4,0,False,4,2.4
user_01036,2024-01-03,2024-06-01,enterprise,general_qa,True,75,6,450,False,4,5.3
user_01037,2024-02-28,2024-05-28,free,general_qa,False,0,3,0,True,8,12.3
user_01038,2024-02-12,2024-06-01,free,data_analysis,False,0,12,0,False,7,7.0
user_01039,2024-03-15,2024-06-01,free,general_qa,False,0,3,0,False,7,2.8
user_01040,2024-02-22,2024-03-23,free,general_qa,False,0,1,0,True,9,5.6
user_01041,2024-01-20,2024-04-19,pro,data_analysis,True,20,3,60,True,9,1.7
user_01042,2024-03-21,2024-06-01,free,data_analysis,False,0,6,0,False,7,5.6
user_01043,2024-03-09,2024-06-01,enterprise,coding,True,50,4,200,False,7,14.1
user_01044,2024-03-24,2024-05-23,free,data_analysis,False,0,2,0,True,6,3.9
user_01045,2024-03-07,2024-06-01,pro,coding,True,20,10,200,False,8,5.1
user_01046,2024-02-26,2024-06-01,pro,coding,True,20,12,240,False,8,4.4
user_01047,2024-03-17,2024-05-16,free,writing,False,0,2,0,True,9,1.5
user_01048,2024-01-16,2024-04-15,pro,writing,True,20,3,60,True,7,3.8
user_01049,2024-03-21,2024-06-01,free,general_qa,False,0,4,0,False,8,4.3
user_01050,2024-03-16,2024-06-01,pro,coding,True,20,12,240,False,8,2.3
user_01051,2024-01-03,2024-06-01,pro,general_qa,True,25,8,200,False,12,8.7
user_01052,2024-03-26,2024-06-01,free,general_qa,False,0,8,0,False,5,6.3
user_01053,2024-02-13,2024-06-01,free,coding,False,0,9,0,False,4,3.3
user_01054,2024-02-06,2024-06-01,free,data_analysis,False,0,7,0,False,3,4.4
user_01055,2024-01-27,2024-06-01,pro,general_qa,True,25,9,225,False,3,1.8
user_01056,2024-03-10,2024-06-01,free,coding,False,0,3,0,False,9,2.2
user_01057,2024-03-01,2024-06-01,pro,writing,True,25,11,275,False,7,2.5
user_01058,2024-02-04,2024-06-01,free,writing,False,0,4,0,False,4,2.6
user_01059,2024-03-15,2024-06-01,free,writing,False,0,4,0,False,7,2.4
user_01060,2024-03-02,2024-05-31,free,coding,False,0,3,0,True,15,6.0
user_01061,2024-01-11,2024-06-01,enterprise,general_qa,True,75,8,600,False,7,4.0
user_01062,2024-03-24,2024-06-01,free,writing,False,0,5,0,False,6,1.4
user_01063,2024-02-03,2024-05-03,enterprise,writing,True,50,3,150,True,8,4.0
user_01064,2024-02-18,2024-06-01,free,data_analysis,False,0,7,0,False,3,5.9
user_01065,2024-02-14,2024-06-01,free,data_analysis,False,0,5,0,False,6,6.1
user_01066,2024-02-07,2024-06-01,free,writing,False,0,6,0,False,7,12.1
user_01067,2024-02-23,2024-06-01,free,writing,False,0,6,0,False,6,3.1
user_01068,2024-03-30,2024-06-01,free,general_qa,False,0,5,0,False,3,1.8
user_01069,2024-03-27,2024-05-26,free,data_analysis,False,0,2,0,True,8,18.2
user_01070,2024-01-04,2024-04-03,pro,general_qa,True,20,3,60,True,6,2.9
user_01071,2024-01-02,2024-06-01,free,coding,False,0,7,0,False,4,1.8
user_01072,2024-01-18,2024-04-17,pro,writing,True,20,3,60,True,4,21.7
user_01073,2024-03-02,2024-05-01,enterprise,data_analysis,True,100,2,200,True,6,10.7
user_01074,2024-03-24,2024-05-23,free,writing,False,0,2,0,True,5,4.9
user_01075,2024-03-21,2024-04-20,free,coding,False,0,1,0,True,6,4.3
user_01076,2024-01-06,2024-06-01,pro,writing,True,25,9,225,False,10,3.0
user_01077,2024-02-05,2024-06-01,pro,general_qa,True,20,9,180,False,11,2.4
user_01078,2024-01-14,2024-06-01,pro,data_analysis,True,30,8,240,False,10,4.3
user_01079,2024-03-01,2024-06-01,free,general_qa,False,0,6,0,False,4,5.4
user_01080,2024-03-26,2024-04-25,free,coding,False,0,1,0,True,6,6.4
user_01081,2024-03-26,2024-06-01,free,writing,False,0,10,0,False,9,7.5
user_01082,2024-01-31,2024-06-01,free,general_qa,False,0,7,0,False,6,3.2
user_01083,2024-01-28,2024-06-01,free,writing,False,0,5,0,False,8,11.7
user_01084,2024-02-29,2024-06-01,free,data_analysis,False,0,7,0,False,11,3.4
user_01085,2024-02-16,2024-06-01,pro,writing,True,20,7,140,False,4,1.4
user_01086,2024-03-26,2024-06-01,free,coding,False,0,4,0,False,10,5.4
user_01087,2024-02-17,2024-06-01,free,coding,False,0,7,0,False,9,6.2
user_01088,2024-01-14,2024-04-13,free,coding,False,0,3,0,True,8,4.4
user_01089,2024-03-17,2024-06-01,free,writing,False,0,7,0,False,3,3.6
user_01090,2024-01-30,2024-06-01,enterprise,writing,True,50,8,400,False,6,6.4
user_01091,2024-01-04,2024-05-03,free,writing,False,0,4,0,True,10,1.6
user_01092,2024-03-18,2024-06-01,pro,coding,True,25,4,100,False,9,2.2
user_01093,2024-03-01,2024-06-01,free,data_analysis,False,0,6,0,False,5,10.9
user_01094,2024-03-06,2024-06-01,pro,general_qa,True,30,7,210,False,9,2.7
user_01095,2024-01-05,2024-06-01,pro,general_qa,True,25,6,150,False,6,1.9
user_01096,2024-02-06,2024-06-01,pro,data_analysis,True,30,8,240,False,8,11.3
user_01097,2024-02-03,2024-06-01,free,writing,False,0,6,0,False,9,1.3
user_01098,2024-03-28,2024-06-01,free,writing,False,0,5,0,False,8,3.0
user_01099,2024-02-03,2024-05-03,pro,data_analysis,True,30,3,90,True,10,1.5
user_01100,2024-02-01,2024-05-31,free,general_qa,False,0,4,0,True,6,3.7
user_01101,2024-01-10,2024-06-01,free,writing,False,0,5,0,False,11,2.6
user_01102,2024-01-27,2024-05-26,pro,general_qa,True,30,4,120,True,4,5.6
user_01103,2024-01-31,2024-05-30,pro,general_qa,True,25,4,100,True,8,3.6
user_01104,2024-02-14,2024-06-01,pro,writing,True,20,5,100,False,9,3.9
user_01105,2024-02-23,2024-06-01,pro,coding,True,20,4,80,False,7,2.1
user_01106,2024-02-02,2024-06-01,pro,writing,True,20,5,100,False,10,8.2
user_01107,2024-01-29,2024-06-01,free,writing,False,0,8,0,False,7,3.3
user_01108,2024-01-01,2024-06-01,pro,general_qa,True,20,6,120,False,5,9.2
user_01109,2024-01-30,2024-05-29,free,data_analysis,False,0,4,0,True,11,7.9
user_01110,2024-01-07,2024-04-06,enterprise,coding,True,75,3,225,True,4,6.5
user_01111,2024-01-17,2024-06-01,free,coding,False,0,6,0,False,6,8.3
user_01112,2024-03-14,2024-06-01,pro,general_qa,True,25,5,125,False,9,2.2
user_01113,2024-01-26,2024-06-01,pro,writing,True,30,6,180,False,6,1.8
user_01114,2024-01-17,2024-06-01,free,data_analysis,False,0,8,0,False,6,4.5
user_01115,2024-01-30,2024-05-29,free,general_qa,False,0,4,0,True,11,4.1
user_01116,2024-01-28,2024-06-01,pro,data_analysis,True,20,9,180,False,4,8.6
user_01117,2024-02-14,2024-04-14,pro,general_qa,True,25,2,50,True,3,5.8
user_01118,2024-02-24,2024-05-24,free,coding,False,0,3,0,True,10,1.8
user_01119,2024-01-06,2024-06-01,free,coding,False,0,5,0,False,7,1.3
user_01120,2024-03-22,2024-06-01,pro,coding,True,20,4,80,False,6,4.0
user_01121,2024-01-12,2024-04-11,pro,general_qa,True,25,3,75,True,8,2.6
user_01122,2024-03-27,2024-06-01,enterprise,writing,True,75,7,525,False,8,3.7
user_01123,2024-03-08,2024-06-01,free,general_qa,False,0,3,0,False,10,3.8
user_01124,2024-01-20,2024-06-01,free,coding,False,0,10,0,False,6,3.3
user_01125,2024-01-09,2024-04-08,pro,general_qa,True,20,3,60,True,4,7.2
user_01126,2024-01-12,2024-06-01,free,general_qa,False,0,8,0,False,5,6.1
user_01127,2024-01-11,2024-03-11,enterprise,data_analysis,True,50,2,100,True,6,3.0
user_01128,2024-02-09,2024-03-10,pro,coding,True,25,1,25,True,6,6.3
user_01129,2024-02-15,2024-05-15,free,general_qa,False,0,3,0,True,14,2.7
user_01130,2024-01-28,2024-06-01,enterprise,writing,True,50,8,400,False,8,1.8
user_01131,2024-03-27,2024-06-01,free,data_analysis,False,0,4,0,False,6,4.7
user_01132,2024-03-27,2024-06-01,free,writing,False,0,12,0,False,8,2.1
user_01133,2024-02-18,2024-03-19,free,data_analysis,False,0,1,0,True,5,5.5
user_01134,2024-03-09,2024-06-01,pro,writing,True,30,4,120,False,7,6.3
user_01135,2024-01-11,2024-06-01,enterprise,writing,True,75,10,750,False,7,2.0
user_01136,2024-01-02,2024-06-01,free,writing,False,0,6,0,False,5,4.7
user_01137,2024-03-09,2024-06-01,free,general_qa,False,0,5,0,False,8,3.1
user_01138,2024-02-28,2024-06-01,free,writing,False,0,7,0,False,2,3.8
user_01139,2024-03-21,2024-06-01,free,writing,False,0,6,0,False,7,7.1
user_01140,2024-01-24,2024-03-24,free,coding,False,0,2,0,True,2,3.7
user_01141,2024-03-29,2024-06-01,free,data_analysis,False,0,6,0,False,5,5.9
user_01142,2024-03-09,2024-06-01,free,writing,False,0,8,0,False,6,3.2
user_01143,2024-03-25,2024-05-24,pro,writing,True,30,2,60,True,7,1.7
user_01144,2024-01-30,2024-06-01,pro,writing,True,30,7,210,False,9,1.9
user_01145,2024-01-09,2024-06-01,free,writing,False,0,5,0,False,9,4.0
user_01146,2024-03-03,2024-06-01,free,writing,False,0,4,0,False,9,5.4
user_01147,2024-02-07,2024-05-07,free,coding,False,0,3,0,True,6,3.1
user_01148,2024-01-06,2024-04-05,free,writing,False,0,3,0,True,7,6.4
user_01149,2024-01-16,2024-06-01,pro,coding,True,20,8,160,False,8,3.4
user_01150,2024-02-09,2024-06-01,pro,general_qa,True,30,4,120,False,6,2.6
user_01151,2024-03-04,2024-04-03,pro,writing,True,30,1,30,True,6,6.9
user_01152,2024-03-08,2024-06-01,free,writing,False,0,12,0,False,6,4.4
user_01153,2024-01-04,2024-06-01,free,general_qa,False,0,7,0,False,9,4.7
user_01154,2024-02-23,2024-06-01,free,data_analysis,False,0,6,0,False,6,2.9
user_01155,2024-01-09,2024-06-01,pro,general_qa,True,25,8,200,False,10,1.9
user_01156,2024-02-07,2024-06-01,free,writing,False,0,6,0,False,5,3.5
user_01157,2024-01-14,2024-06-01,free,data_analysis,False,0,7,0,False,7,6.5
user_01158,2024-01-04,2024-06-01,pro,coding,True,20,10,200,False,10,1.6
user_01159,2024-01-05,2024-06-01,free,data_analysis,False,0,8,0,False,5,3.1
user_01160,2024-02-20,2024-06-01,pro,writing,True,20,4,80,False,6,8.3
user_01161,2024-01-23,2024-05-22,enterprise,writing,True,75,4,300,True,7,9.7
user_01162,2024-02-08,2024-06-01,free,coding,False,0,8,0,False,6,3.3
user_01163,2024-03-09,2024-06-01,enterprise,data_analysis,True,75,7,525,False,5,2.3
user_01164,2024-01-11,2024-06-01,pro,data_analysis,True,30,8,240,False,7,16.0
user_01165,2024-03-26,2024-06-01,pro,general_qa,True,25,7,175,False,8,2.7
user_01166,2024-02-29,2024-06-01,pro,data_analysis,True,20,4,80,False,4,6.7
user_01167,2024-03-28,2024-06-01,pro,general_qa,True,30,5,150,False,7,6.6
user_01168,2024-03-14,2024-06-01,pro,writing,True,20,5,100,False,9,3.4
user_01169,2024-01-15,2024-06-01,free,coding,False,0,5,0,False,6,4.1
user_01170,2024-01-22,2024-03-22,pro,data_analysis,True,25,2,50,True,9,12.7
user_01171,2024-03-24,2024-06-01,free,general_qa,False,0,5,0,False,8,4.6
user_01172,2024-02-18,2024-05-18,free,writing,False,0,3,0,True,10,3.3
user_01173,2024-03-05,2024-06-01,free,data_analysis,False,0,6,0,False,9,6.3
user_01174,2024-02-19,2024-05-19,free,data_analysis,False,0,3,0,True,9,7.9
user_01175,2024-03-13,2024-04-12,pro,writing,True,20,1,20,True,3,3.5
user_01176,2024-01-26,2024-06-01,free,writing,False,0,9,0,False,6,4.0
user_01177,2024-01-08,2024-06-01,free,writing,False,0,5,0,False,10,5.4
user_01178,2024-02-18,2024-06-01,free,general_qa,False,0,12,0,False,6,5.3
user_01179,2024-03-26,2024-06-01,free,general_qa,False,0,5,0,False,10,2.4
user_01180,2024-03-01,2024-03-31,free,writing,False,0,1,0,True,9,2.5
user_01181,2024-03-27,2024-06-01,free,writing,False,0,8,0,False,7,2.7
user_01182,2024-01-17,2024-05-16,free,general_qa,False,0,4,0,True,7,5.8
user_01183,2024-01-21,2024-03-21,pro,coding,True,20,2,40,True,11,4.4
user_01184,2024-02-08,2024-06-01,free,data_analysis,False,0,9,0,False,7,3.4
user_01185,2024-02-09,2024-06-01,free,data_analysis,False,0,9,0,False,4,4.8
user_01186,2024-02-19,2024-06-01,free,coding,False,0,4,0,False,6,7.0
user_01187,2024-02-11,2024-06-01,enterprise,writing,True,75,5,375,False,7,2.4
user_01188,2024-01-28,2024-04-27,pro,writing,True,25,3,75,True,8,8.1
user_01189,2024-02-20,2024-04-20,free,coding,False,0,2,0,True,6,3.3
user_01190,2024-02-18,2024-04-18,pro,data_analysis,True,20,2,40,True,7,4.7
user_01191,2024-01-09,2024-06-01,pro,data_analysis,True,30,5,150,False,7,2.3
user_01192,2024-01-08,2024-06-01,free,general_qa,False,0,8,0,False,5,2.2
user_01193,2024-03-25,2024-06-01,free,coding,False,0,3,0,False,4,7.3
user_01194,2024-01-27,2024-06-01,pro,general_qa,True,30,8,240,False,5,6.1
user_01195,2024-02-13,2024-04-13,pro,coding,True,25,2,50,True,4,4.3
user_01196,2024-03-15,2024-06-01,free,writing,False,0,4,0,False,8,14.6
user_01197,2024-02-26,2024-06-01,pro,coding,True,25,7,175,False,6,3.8
user_01198,2024-02-06,2024-06-01,pro,general_qa,True,25,4,100,False,6,8.2
user_01199,2024-03-27,2024-05-26,free,writing,False,0,2,0,True,5,2.6
user_01200,2024-03-04,2024-06-01,pro,general_qa,True,20,12,240,False,6,3.0
user_01201,2024-02-06,2024-04-06,pro,data_analysis,True,20,2,40,True,11,2.8
user_01202,2024-01-13,2024-03-13,pro,data_analysis,True,25,2,50,True,4,5.2
user_01203,2024-01-20,2024-06-01,free,writing,False,0,6,0,False,8,14.6
user_01204,2024-02-08,2024-05-08,free,general_qa,False,0,3,0,True,5,4.4
user_01205,2024-03-07,2024-06-01,pro,writing,True,20,11,220,False,8,6.2
user_01206,2024-03-27,2024-05-26,free,writing,False,0,2,0,True,10,4.8
user_01207,2024-01-04,2024-06-01,free,coding,False,0,7,0,False,9,6.8
user_01208,2024-02-18,2024-06-01,free,coding,False,0,8,0,False,11,5.1
user_01209,2024-02-23,2024-06-01,pro,general_qa,True,30,5,150,False,10,4.7
user_01210,2024-01-24,2024-06-01,free,general_qa,False,0,5,0,False,6,3.9
user_01211,2024-02-22,2024-04-22,free,general_qa,False,0,2,0,True,10,9.6
user_01212,2024-03-23,2024-06-01,free,general_qa,False,0,11,0,False,6,6.7
user_01213,2024-01-27,2024-06-01,pro,coding,True,20,5,100,False,6,6.4
user_01214,2024-02-05,2024-06-01,pro,general_qa,True,25,9,225,False,8,4.1
user_01215,2024-02-10,2024-06-01,free,writing,False,0,10,0,False,3,2.4
user_01216,2024-01-04,2024-06-01,free,coding,False,0,6,0,False,10,2.9
user_01217,2024-01-26,2024-04-25,free,data_analysis,False,0,3,0,True,6,9.4
user_01218,2024-01-22,2024-04-21,pro,data_analysis,True,20,3,60,True,6,10.8
user_01219,2024-03-14,2024-06-01,enterprise,general_qa,True,100,4,400,False,6,5.1
user_01220,2024-02-09,2024-04-09,pro,data_analysis,True,20,2,40,True,9,7.5
user_01221,2024-01-13,2024-03-13,free,writing,False,0,2,0,True,9,4.4
user_01222,2024-03-04,2024-06-01,pro,coding,True,20,7,140,False,9,4.5
user_01223,2024-02-13,2024-03-14,free,data_analysis,False,0,1,0,True,6,5.7
user_01224,2024-01-02,2024-04-01,free,writing,False,0,3,0,True,3,5.7
user_01225,2024-02-22,2024-06-01,free,general_qa,False,0,6,0,False,8,6.0
user_01226,2024-03-22,2024-06-01,pro,writing,True,25,8,200,False,7,11.4
user_01227,2024-02-06,2024-05-06,free,writing,False,0,3,0,True,5,8.8
user_01228,2024-01-27,2024-05-26,pro,data_analysis,True,20,4,80,True,9,11.1
user_01229,2024-02-23,2024-06-01,free,general_qa,False,0,10,0,False,7,2.7
user_01230,2024-01-04,2024-04-03,pro,general_qa,True,30,3,90,True,3,6.9
user_01231,2024-02-25,2024-06-01,enterprise,writing,True,50,6,300,False,6,4.9
user_01232,2024-01-12,2024-06-01,free,writing,False,0,5,0,False,5,8.8
user_01233,2024-03-16,2024-05-15,free,coding,False,0,2,0,True,8,2.9
user_01234,2024-03-25,2024-06-01,free,coding,False,0,4,0,False,11,3.1
user_01235,2024-03-01,2024-06-01,pro,general_qa,True,20,7,140,False,3,3.2
user_01236,2024-01-06,2024-06-01,pro,data_analysis,True,25,9,225,False,11,5.4
user_01237,2024-01-13,2024-06-01,free,data_analysis,False,0,10,0,False,9,4.6
user_01238,2024-02-23,2024-05-23,pro,general_qa,True,20,3,60,True,11,7.8
user_01239,2024-02-11,2024-06-01,free,writing,False,0,8,0,False,10,2.9
user_01240,2024-01-19,2024-03-19,pro,writing,True,25,2,50,True,6,3.9
user_01241,2024-01-22,2024-06-01,free,writing,False,0,8,0,False,8,2.6
user_01242,2024-02-20,2024-06-01,pro,general_qa,True,20,4,80,False,9,1.6
user_01243,2024-01-10,2024-05-09,free,data_analysis,False,0,4,0,True,5,13.5
user_01244,2024-03-16,2024-06-01,enterprise,coding,True,75,8,600,False,4,5.2
user_01245,2024-03-19,2024-06-01,free,writing,False,0,5,0,False,7,5.2
user_01246,2024-01-07,2024-06-01,pro,coding,True,25,5,125,False,4,3.6
user_01247,2024-02-11,2024-06-01,pro,writing,True,20,6,120,False,6,6.2
user_01248,2024-03-25,2024-06-01,enterprise,writing,True,75,8,600,False,4,8.6
user_01249,2024-01-10,2024-04-09,free,data_analysis,False,0,3,0,True,3,3.2
user_01250,2024-01-07,2024-04-06,enterprise,writing,True,75,3,225,True,5,4.8
user_01251,2024-02-06,2024-06-01,free,data_analysis,False,0,5,0,False,6,7.0
user_01252,2024-03-24,2024-06-01,free,general_qa,False,0,11,0,False,6,5.1
user_01253,2024-03-02,2024-06-01,free,general_qa,False,0,8,0,False,11,3.5
user_01254,2024-02-04,2024-05-04,pro,writing,True,25,3,75,True,10,10.9
user_01255,2024-03-10,2024-06-01,free,data_analysis,False,0,4,0,False,6,1.8
user_01256,2024-03-15,2024-06-01,free,coding,False,0,3,0,False,6,1.4
user_01257,2024-03-17,2024-06-01,enterprise,writing,True,50,3,150,False,8,5.1
user_01258,2024-03-14,2024-05-13,pro,general_qa,True,25,2,50,True,11,3.7
user_01259,2024-03-26,2024-05-25,enterprise,writing,True,50,2,100,True,6,3.8
user_01260,2024-02-02,2024-06-01,enterprise,coding,True,50,6,300,False,5,6.7
user_01261,2024-01-03,2024-05-02,free,coding,False,0,4,0,True,10,1.8
user_01262,2024-03-12,2024-06-01,free,coding,False,0,4,0,False,4,3.5
user_01263,2024-03-03,2024-06-01,enterprise,data_analysis,True,100,4,400,False,9,1.5
user_01264,2024-02-15,2024-03-16,free,data_analysis,False,0,1,0,True,5,2.0
user_01265,2024-01-05,2024-06-01,free,general_qa,False,0,10,0,False,7,8.4
user_01266,2024-01-28,2024-06-01,free,writing,False,0,9,0,False,7,9.1
user_01267,2024-02-24,2024-06-01,pro,coding,True,20,11,220,False,5,8.8
user_01268,2024-03-24,2024-06-01,free,general_qa,False,0,12,0,False,7,7.4
user_01269,2024-03-30,2024-06-01,pro,writing,True,25,4,100,False,8,10.4
user_01270,2024-02-06,2024-06-01,free,general_qa,False,0,9,0,False,5,7.0
user_01271,2024-02-07,2024-06-01,free,coding,False,0,8,0,False,12,1.7
user_01272,2024-02-15,2024-05-15,free,data_analysis,False,0,3,0,True,5,4.4
user_01273,2024-03-28,2024-06-01,pro,general_qa,True,30,6,180,False,5,2.7
user_01274,2024-03-14,2024-06-01,pro,writing,True,20,3,60,False,6,12.0
user_01275,2024-03-04,2024-06-01,free,general_qa,False,0,8,0,False,8,3.3
user_01276,2024-01-24,2024-06-01,pro,general_qa,True,25,7,175,False,6,1.7
user_01277,2024-01-30,2024-03-30,pro,writing,True,25,2,50,True,6,4.0
user_01278,2024-02-23,2024-06-01,free,coding,False,0,4,0,False,5,3.8
user_01279,2024-03-03,2024-05-02,free,writing,False,0,2,0,True,4,5.4
user_01280,2024-01-02,2024-03-02,free,writing,False,0,2,0,True,8,6.9
user_01281,2024-03-14,2024-06-01,pro,general_qa,True,20,7,140,False,3,1.7
user_01282,2024-02-06,2024-06-01,free,writing,False,0,9,0,False,7,1.3
user_01283,2024-01-28,2024-05-27,pro,coding,True,20,4,80,True,10,2.4
user_01284,2024-02-06,2024-06-01,free,data_analysis,False,0,8,0,False,11,3.4
user_01285,2024-02-10,2024-06-01,free,data_analysis,False,0,6,0,False,7,6.8
user_01286,2024-03-23,2024-06-01,free,writing,False,0,4,0,False,6,1.7
user_01287,2024-01-27,2024-06-01,free,general_qa,False,0,5,0,False,7,2.3
user_01288,2024-03-06,2024-06-01,pro,general_qa,True,20,6,120,False,9,4.3
user_01289,2024-01-13,2024-05-12,pro,general_qa,True,20,4,80,True,5,6.8
user_01290,2024-01-25,2024-05-24,free,writing,False,0,4,0,True,7,1.8
user_01291,2024-01-24,2024-06-01,free,writing,False,0,8,0,False,7,2.8
user_01292,2024-01-25,2024-06-01,free,general_qa,False,0,5,0,False,6,2.5
user_01293,2024-01-06,2024-06-01,free,writing,False,0,7,0,False,6,5.8
user_01294,2024-03-14,2024-06-01,pro,writing,True,20,6,120,False,9,3.9
user_01295,2024-02-02,2024-06-01,free,writing,False,0,6,0,False,7,3.4
user_01296,2024-02-28,2024-04-28,pro,coding,True,20,2,40,True,4,3.2
user_01297,2024-02-10,2024-06-01,pro,writing,True,20,8,160,False,6,18.2
user_01298,2024-02-14,2024-06-01,free,coding,False,0,5,0,False,13,8.0
user_01299,2024-02-07,2024-06-01,free,writing,False,0,6,0,False,5,12.6
user_01300,2024-03-27,2024-05-26,free,coding,False,0,2,0,True,6,3.3
user_01301,2024-01-21,2024-06-01,free,writing,False,0,7,0,False,5,3.0
user_01302,2024-03-23,2024-06-01,free,writing,False,0,7,0,False,5,3.4
user_01303,2024-02-27,2024-06-01,pro,writing,True,25,9,225,False,10,7.0
user_01304,2024-02-16,2024-06-01,pro,general_qa,True,20,10,200,False,6,6.6
user_01305,2024-01-10,2024-06-01,free,data_analysis,False,0,8,0,False,7,4.3
user_01306,2024-02-25,2024-06-01,free,coding,False,0,5,0,False,5,1.4
user_01307,2024-01-18,2024-04-17,free,writing,False,0,3,0,True,11,7.2
user_01308,2024-03-22,2024-06-01,free,coding,False,0,7,0,False,7,4.2
user_01309,2024-03-16,2024-06-01,free,general_qa,False,0,5,0,False,7,4.8
user_01310,2024-02-15,2024-04-15,pro,data_analysis,True,25,2,50,True,5,7.1
user_01311,2024-02-25,2024-06-01,free,coding,False,0,4,0,False,6,3.1
user_01312,2024-01-13,2024-06-01,enterprise,data_analysis,True,75,6,450,False,9,5.1
user_01313,2024-01-25,2024-06-01,enterprise,writing,True,100,7,700,False,6,1.5
user_01314,2024-01-06,2024-03-06,free,writing,False,0,2,0,True,9,11.8
user_01315,2024-02-03,2024-04-03,pro,coding,True,30,2,60,True,6,4.8
user_01316,2024-03-30,2024-06-01,pro,coding,True,30,12,360,False,5,8.4
user_01317,2024-03-23,2024-06-01,pro,writing,True,25,5,125,False,8,6.1
user_01318,2024-01-09,2024-06-01,free,writing,False,0,11,0,False,9,6.0
user_01319,2024-03-25,2024-06-01,free,general_qa,False,0,5,0,False,6,3.0
user_01320,2024-02-25,2024-06-01,pro,coding,True,20,11,220,False,12,3.0
user_01321,2024-03-08,2024-06-01,free,writing,False,0,6,0,False,8,6.1
user_01322,2024-03-09,2024-06-01,free,coding,False,0,7,0,False,6,3.7
user_01323,2024-02-07,2024-04-07,enterprise,coding,True,50,2,100,True,14,2.3
user_01324,2024-03-20,2024-05-19,free,writing,False,0,2,0,True,9,3.4
user_01325,2024-02-06,2024-06-01,free,data_analysis,False,0,8,0,False,10,12.0
user_01326,2024-02-23,2024-06-01,free,general_qa,False,0,7,0,False,7,5.2
user_01327,2024-03-23,2024-06-01,free,writing,False,0,6,0,False,9,3.1
user_01328,2024-01-11,2024-06-01,free,coding,False,0,8,0,False,7,4.1
user_01329,2024-01-08,2024-05-07,enterprise,data_analysis,True,75,4,300,True,10,9.2
user_01330,2024-03-24,2024-06-01,free,writing,False,0,7,0,False,4,2.9
user_01331,2024-01-18,2024-06-01,pro,writing,True,20,5,100,False,6,7.5
user_01332,2024-02-26,2024-06-01,enterprise,coding,True,50,9,450,False,7,8.7
user_01333,2024-03-08,2024-06-01,free,writing,False,0,11,0,False,5,4.7
user_01334,2024-01-27,2024-05-26,free,coding,False,0,4,0,True,6,6.5
user_01335,2024-03-10,2024-06-01,pro,general_qa,True,20,7,140,False,9,3.1
user_01336,2024-02-22,2024-06-01,free,writing,False,0,8,0,False,8,12.5
user_01337,2024-01-15,2024-06-01,free,data_analysis,False,0,6,0,False,5,6.0
user_01338,2024-02-07,2024-06-01,pro,data_analysis,True,25,4,100,False,9,2.9
user_01339,2024-02-04,2024-06-01,free,coding,False,0,5,0,False,6,4.7
user_01340,2024-01-15,2024-06-01,free,data_analysis,False,0,5,0,False,6,2.7
user_01341,2024-02-13,2024-06-01,free,writing,False,0,10,0,False,8,9.9
user_01342,2024-01-29,2024-03-29,enterprise,data_analysis,True,75,2,150,True,6,1.7
user_01343,2024-03-15,2024-05-14,free,general_qa,False,0,2,0,True,4,2.9
user_01344,2024-02-09,2024-04-09,pro,writing,True,20,2,40,True,5,4.4
user_01345,2024-03-11,2024-06-01,free,data_analysis,False,0,4,0,False,7,8.6
user_01346,2024-03-22,2024-06-01,free,writing,False,0,12,0,False,9,2.7
user_01347,2024-03-28,2024-06-01,pro,general_qa,True,20,3,60,False,6,3.4
user_01348,2024-01-14,2024-06-01,free,general_qa,False,0,6,0,False,8,1.9
user_01349,2024-01-04,2024-04-03,free,data_analysis,False,0,3,0,True,5,7.5
user_01350,2024-03-29,2024-04-28,free,data_analysis,False,0,1,0,True,5,7.9
user_01351,2024-01-09,2024-06-01,free,writing,False,0,7,0,False,6,2.8
user_01352,2024-02-28,2024-05-28,free,general_qa,False,0,3,0,True,9,4.4
user_01353,2024-03-30,2024-06-01,free,general_qa,False,0,4,0,False,9,1.2
user_01354,2024-03-07,2024-06-01,pro,general_qa,True,25,4,100,False,9,1.8
user_01355,2024-01-12,2024-06-01,free,data_analysis,False,0,6,0,False,9,2.4
user_01356,2024-02-06,2024-04-06,enterprise,writing,True,100,2,200,True,10,12.3
user_01357,2024-03-03,2024-06-01,enterprise,writing,True,100,5,500,False,6,9.2
user_01358,2024-02-15,2024-06-01,free,writing,False,0,6,0,False,11,5.1
user_01359,2024-01-09,2024-06-01,free,coding,False,0,6,0,False,9,5.5
user_01360,2024-02-09,2024-04-09,free,data_analysis,False,0,2,0,True,10,7.6
user_01361,2024-03-26,2024-06-01,free,coding,False,0,9,0,False,6,4.7
user_01362,2024-01-09,2024-04-08,free,data_analysis,False,0,3,0,True,6,4.2
user_01363,2024-03-24,2024-06-01,free,coding,False,0,8,0,False,6,3.5
user_01364,2024-03-21,2024-06-01,free,writing,False,0,5,0,False,6,5.5
user_01365,2024-01-01,2024-06-01,pro,writing,True,20,7,140,False,6,6.8
user_01366,2024-03-10,2024-06-01,free,data_analysis,False,0,6,0,False,6,1.6
user_01367,2024-02-10,2024-06-01,pro,data_analysis,True,20,8,160,False,10,6.8
user_01368,2024-01-04,2024-03-04,free,coding,False,0,2,0,True,10,11.5
user_01369,2024-03-10,2024-06-01,pro,coding,True,25,7,175,False,4,4.1
user_01370,2024-03-13,2024-06-01,free,writing,False,0,3,0,False,6,8.2
user_01371,2024-01-01,2024-06-01,free,coding,False,0,10,0,False,9,7.1
user_01372,2024-01-30,2024-02-29,free,coding,False,0,1,0,True,9,6.5
user_01373,2024-02-02,2024-03-03,free,writing,False,0,1,0,True,6,3.6
user_01374,2024-01-20,2024-06-01,pro,writing,True,25,9,225,False,8,3.0
user_01375,2024-02-15,2024-06-01,free,general_qa,False,0,8,0,False,9,6.0
user_01376,2024-03-07,2024-06-01,free,coding,False,0,8,0,False,13,2.9
user_01377,2024-03-29,2024-06-01,enterprise,coding,True,75,3,225,False,10,4.1
user_01378,2024-01-09,2024-06-01,free,data_analysis,False,0,5,0,False,4,2.0
user_01379,2024-03-15,2024-06-01,free,general_qa,False,0,9,0,False,6,5.4
user_01380,2024-02-01,2024-05-01,pro,data_analysis,True,20,3,60,True,8,2.6
user_01381,2024-01-11,2024-06-01,pro,general_qa,True,25,5,125,False,10,4.7
user_01382,2024-02-19,2024-06-01,free,coding,False,0,12,0,False,8,5.6
user_01383,2024-03-17,2024-05-16,pro,coding,True,25,2,50,True,10,7.6
user_01384,2024-02-03,2024-06-01,free,general_qa,False,0,7,0,False,7,1.8
user_01385,2024-02-18,2024-06-01,free,general_qa,False,0,12,0,False,9,11.4
user_01386,2024-01-02,2024-06-01,free,general_qa,False,0,11,0,False,4,1.5
user_01387,2024-03-05,2024-06-01,pro,coding,True,20,5,100,False,7,4.5
user_01388,2024-01-28,2024-06-01,free,general_qa,False,0,7,0,False,8,7.5
user_01389,2024-01-19,2024-06-01,pro,coding,True,20,10,200,False,9,7.8
user_01390,2024-02-23,2024-04-23,free,data_analysis,False,0,2,0,True,6,6.5
user_01391,2024-03-14,2024-05-13,free,general_qa,False,0,2,0,True,8,2.6
user_01392,2024-01-16,2024-04-15,free,general_qa,False,0,3,0,True,9,1.5
user_01393,2024-01-04,2024-06-01,free,coding,False,0,7,0,False,10,5.5
user_01394,2024-02-06,2024-06-01,free,general_qa,False,0,7,0,False,6,3.5
user_01395,2024-03-20,2024-06-01,free,data_analysis,False,0,7,0,False,6,5.1
user_01396,2024-02-02,2024-05-02,free,writing,False,0,3,0,True,8,9.3
user_01397,2024-01-10,2024-04-09,pro,data_analysis,True,20,3,60,True,7,1.4
user_01398,2024-01-26,2024-02-25,free,data_analysis,False,0,1,0,True,7,13.2
user_01399,2024-03-21,2024-06-01,free,coding,False,0,8,0,False,4,5.7
user_01400,2024-01-10,2024-03-10,free,general_qa,False,0,2,0,True,9,4.4
user_01401,2024-01-27,2024-06-01,pro,general_qa,True,30,5,150,False,3,4.8
user_01402,2024-02-15,2024-06-01,free,coding,False,0,10,0,False,8,8.1
user_01403,2024-03-15,2024-04-14,enterprise,data_analysis,True,100,1,100,True,6,2.7
user_01404,2024-03-29,2024-06-01,free,writing,False,0,7,0,False,7,2.1
user_01405,2024-03-25,2024-06-01,free,writing,False,0,12,0,False,4,1.6
user_01406,2024-02-27,2024-04-27,pro,writing,True,30,2,60,True,8,2.3
user_01407,2024-02-20,2024-06-01,free,coding,False,0,4,0,False,5,2.9
user_01408,2024-03-12,2024-06-01,free,general_qa,False,0,9,0,False,9,2.2
user_01409,2024-02-18,2024-06-01,pro,general_qa,True,20,6,120,False,4,7.1
user_01410,2024-01-25,2024-06-01,free,writing,False,0,6,0,False,6,3.5
user_01411,2024-02-29,2024-06-01,free,general_qa,False,0,4,0,False,5,4.4
user_01412,2024-03-15,2024-06-01,enterprise,writing,True,100,7,700,False,7,3.1
user_01413,2024-03-23,2024-06-01,free,writing,False,0,12,0,False,8,4.3
user_01414,2024-01-09,2024-03-09,pro,data_analysis,True,20,2,40,True,7,4.2
user_01415,2024-02-07,2024-06-01,free,coding,False,0,12,0,False,7,9.2
user_01416,2024-01-13,2024-05-12,pro,general_qa,True,25,4,100,True,6,9.8
user_01417,2024-03-11,2024-06-01,free,general_qa,False,0,6,0,False,6,5.3
user_01418,2024-03-01,2024-06-01,free,data_analysis,False,0,9,0,False,2,2.4
user_01419,2024-01-22,2024-04-21,pro,writing,True,20,3,60,True,6,6.5
user_01420,2024-02-16,2024-04-16,free,coding,False,0,2,0,True,7,12.1
user_01421,2024-01-23,2024-06-01,pro,coding,True,30,5,150,False,5,4.5
user_01422,2024-03-27,2024-06-01,pro,writing,True,30,8,240,False,7,2.6
user_01423,2024-01-12,2024-04-11,free,coding,False,0,3,0,True,12,3.4
user_01424,2024-02-01,2024-06-01,pro,writing,True,30,6,180,False,8,9.2
user_01425,2024-02-25,2024-06-01,enterprise,writing,True,50,9,450,False,6,8.7
user_01426,2024-01-19,2024-06-01,free,data_analysis,False,0,5,0,False,11,3.5
user_01427,2024-01-17,2024-03-17,pro,general_qa,True,30,2,60,True,7,4.4
user_01428,2024-02-05,2024-06-01,pro,data_analysis,True,20,5,100,False,9,5.2
user_01429,2024-01-01,2024-06-01,free,writing,False,0,7,0,False,7,2.0
user_01430,2024-03-05,2024-06-01,free,data_analysis,False,0,5,0,False,10,6.0
user_01431,2024-03-03,2024-06-01,pro,writing,True,25,3,75,True,7,1.8
user_01432,2024-02-11,2024-06-01,free,data_analysis,False,0,8,0,False,5,2.6
user_01433,2024-01-04,2024-03-04,pro,data_analysis,True,25,2,50,True,9,3.7
user_01434,2024-01-19,2024-03-19,pro,general_qa,True,20,2,40,True,9,9.4
user_01435,2024-03-27,2024-06-01,free,general_qa,False,0,9,0,False,8,3.3
user_01436,2024-02-14,2024-05-14,pro,coding,True,20,3,60,True,5,4.8
user_01437,2024-03-27,2024-06-01,free,writing,False,0,4,0,False,8,3.4
user_01438,2024-03-04,2024-06-01,pro,data_analysis,True,20,4,80,False,8,3.5
user_01439,2024-03-01,2024-06-01,free,general_qa,False,0,6,0,False,8,2.9
user_01440,2024-01-07,2024-06-01,free,general_qa,False,0,8,0,False,8,3.6
user_01441,2024-02-16,2024-06-01,free,coding,False,0,5,0,False,9,6.9
user_01442,2024-03-07,2024-06-01,free,writing,False,0,5,0,False,6,9.5
user_01443,2024-03-18,2024-06-01,pro,coding,True,20,3,60,False,4,4.3
user_01444,2024-02-02,2024-05-02,pro,writing,True,20,3,60,True,7,9.6
user_01445,2024-01-21,2024-06-01,pro,general_qa,True,20,8,160,False,8,1.7
user_01446,2024-03-25,2024-06-01,free,data_analysis,False,0,6,0,False,8,2.1
user_01447,2024-02-29,2024-06-01,free,general_qa,False,0,9,0,False,7,6.4
user_01448,2024-03-11,2024-06-01,free,writing,False,0,7,0,False,4,7.6
user_01449,2024-01-27,2024-03-27,enterprise,general_qa,True,100,2,200,True,3,6.9
user_01450,2024-03-30,2024-06-01,pro,writing,True,30,6,180,False,8,3.8
user_01451,2024-01-16,2024-05-15,free,writing,False,0,4,0,True,10,5.2
user_01452,2024-03-16,2024-05-15,free,data_analysis,False,0,2,0,True,7,5.9
user_01453,2024-03-18,2024-06-01,pro,coding,True,20,3,60,False,7,2.3
user_01454,2024-03-09,2024-06-01,pro,general_qa,True,20,3,60,False,4,5.5
user_01455,2024-02-08,2024-06-01,free,writing,False,0,8,0,False,6,5.2
user_01456,2024-03-26,2024-06-01,pro,coding,True,30,7,210,False,6,4.2
user_01457,2024-03-30,2024-05-29,free,writing,False,0,2,0,True,9,4.3
user_01458,2024-02-13,2024-04-13,free,coding,False,0,2,0,True,11,4.6
user_01459,2024-02-05,2024-06-01,free,writing,False,0,7,0,False,6,9.9
user_01460,2024-02-25,2024-06-01,enterprise,coding,True,100,9,900,False,7,2.4
user_01461,2024-01-10,2024-03-10,pro,data_analysis,True,20,2,40,True,6,7.8
user_01462,2024-03-09,2024-06-01,free,writing,False,0,12,0,False,6,3.0
user_01463,2024-01-26,2024-06-01,free,coding,False,0,7,0,False,7,2.7
user_01464,2024-03-12,2024-06-01,free,writing,False,0,5,0,False,9,3.5
user_01465,2024-01-07,2024-04-06,free,coding,False,0,3,0,True,4,8.7
user_01466,2024-03-08,2024-04-07,free,coding,False,0,1,0,True,6,5.8
user_01467,2024-03-15,2024-05-14,pro,general_qa,True,20,2,40,True,7,3.3
user_01468,2024-01-12,2024-03-12,pro,coding,True,30,2,60,True,4,3.2
user_01469,2024-01-05,2024-03-05,free,writing,False,0,2,0,True,10,2.5
user_01470,2024-03-01,2024-06-01,pro,data_analysis,True,25,6,150,False,9,7.4
user_01471,2024-02-02,2024-05-02,pro,coding,True,25,3,75,True,9,8.7
user_01472,2024-03-10,2024-06-01,free,writing,False,0,5,0,False,6,7.3
user_01473,2024-01-30,2024-03-30,free,data_analysis,False,0,2,0,True,5,3.2
user_01474,2024-02-12,2024-06-01,free,general_qa,False,0,9,0,False,11,4.1
user_01475,2024-03-09,2024-06-01,pro,writing,True,20,8,160,False,4,1.8
user_01476,2024-01-09,2024-05-08,free,data_analysis,False,0,4,0,True,3,3.2
user_01477,2024-01-04,2024-06-01,free,data_analysis,False,0,6,0,False,7,6.5
user_01478,2024-01-13,2024-06-01,free,data_analysis,False,0,7,0,False,4,3.3
user_01479,2024-01-09,2024-03-09,enterprise,general_qa,True,50,2,100,True,7,5.8
user_01480,2024-03-18,2024-06-01,pro,data_analysis,True,30,5,150,False,7,4.7
user_01481,2024-03-30,2024-06-01,pro,coding,True,25,5,125,False,7,3.5
user_01482,2024-02-10,2024-06-01,pro,data_analysis,True,20,4,80,False,11,4.5
user_01483,2024-02-13,2024-03-14,free,writing,False,0,1,0,True,7,8.4
user_01484,2024-01-13,2024-06-01,free,general_qa,False,0,8,0,False,9,5.6
user_01485,2024-02-12,2024-06-01,free,coding,False,0,7,0,False,6,4.3
user_01486,2024-01-22,2024-03-22,free,general_qa,False,0,2,0,True,6,4.6
user_01487,2024-02-03,2024-05-03,pro,general_qa,True,25,3,75,True,8,7.7
user_01488,2024-02-24,2024-06-01,free,coding,False,0,8,0,False,11,5.1
user_01489,2024-01-13,2024-04-12,free,coding,False,0,3,0,True,7,10.6
user_01490,2024-01-23,2024-05-22,free,general_qa,False,0,4,0,True,10,3.8
user_01491,2024-03-23,2024-06-01,free,coding,False,0,6,0,False,11,5.0
user_01492,2024-01-30,2024-06-01,free,writing,False,0,9,0,False,10,5.4
user_01493,2024-01-16,2024-03-16,free,writing,False,0,2,0,True,7,3.3
user_01494,2024-02-07,2024-05-07,free,data_analysis,False,0,3,0,True,7,4.9
user_01495,2024-01-16,2024-03-16,pro,data_analysis,True,20,2,40,True,7,4.9
user_01496,2024-01-06,2024-06-01,free,data_analysis,False,0,8,0,False,6,1.3
user_01497,2024-01-15,2024-05-14,free,general_qa,False,0,4,0,True,6,4.5
user_01498,2024-03-23,2024-06-01,free,data_analysis,False,0,5,0,False,7,4.0
user_01499,2024-01-22,2024-02-21,free,coding,False,0,1,0,True,4,5.3
user_01500,2024-01-02,2024-06-01,free,data_analysis,False,0,12,0,False,7,2.6
user_01501,2024-03-21,2024-06-01,pro,data_analysis,True,30,11,330,False,9,9.3
user_01502,2024-03-08,2024-06-01,pro,data_analysis,True,20,6,120,False,6,5.7
user_01503,2024-03-05,2024-05-04,pro,general_qa,True,20,2,40,True,8,4.0
user_01504,2024-03-02,2024-06-01,free,writing,False,0,5,0,False,6,7.7
user_01505,2024-03-25,2024-06-01,free,coding,False,0,6,0,False,6,3.9
user_01506,2024-03-19,2024-04-18,free,general_qa,False,0,1,0,True,8,3.2
user_01507,2024-02-10,2024-06-01,enterprise,general_qa,True,50,8,400,False,6,9.1
user_01508,2024-01-26,2024-05-25,pro,data_analysis,True,20,4,80,True,8,5.4
user_01509,2024-03-26,2024-06-01,pro,coding,True,25,5,125,False,10,2.0
user_01510,2024-03-22,2024-06-01,free,coding,False,0,3,0,False,6,1.5
user_01511,2024-01-27,2024-06-01,free,coding,False,0,10,0,False,7,7.4
user_01512,2024-02-15,2024-03-16,free,data_analysis,False,0,1,0,True,9,3.0
user_01513,2024-01-25,2024-05-24,pro,writing,True,20,4,80,True,6,6.4
user_01514,2024-02-26,2024-06-01,free,coding,False,0,8,0,False,10,4.1
user_01515,2024-03-30,2024-06-01,free,general_qa,False,0,3,0,False,10,4.2
user_01516,2024-03-09,2024-06-01,enterprise,writing,True,75,5,375,False,9,3.8
user_01517,2024-01-21,2024-06-01,enterprise,general_qa,True,75,7,525,False,6,7.9
user_01518,2024-02-12,2024-06-01,free,coding,False,0,8,0,False,4,3.5
user_01519,2024-03-05,2024-06-01,free,coding,False,0,9,0,False,8,2.0
user_01520,2024-01-13,2024-05-12,enterprise,general_qa,True,50,4,200,True,9,1.5
user_01521,2024-02-08,2024-06-01,free,coding,False,0,9,0,False,3,3.1
user_01522,2024-02-22,2024-06-01,free,general_qa,False,0,8,0,False,10,4.9
user_01523,2024-02-22,2024-06-01,free,writing,False,0,6,0,False,5,5.7
user_01524,2024-02-01,2024-06-01,free,writing,False,0,8,0,False,10,5.0
user_01525,2024-03-21,2024-06-01,free,coding,False,0,5,0,False,8,5.4
user_01526,2024-01-31,2024-06-01,free,coding,False,0,6,0,False,7,5.6
user_01527,2024-03-28,2024-06-01,free,data_analysis,False,0,6,0,False,10,3.1
user_01528,2024-02-29,2024-06-01,free,coding,False,0,4,0,False,3,3.8
user_01529,2024-01-01,2024-04-30,pro,data_analysis,True,30,4,120,True,5,2.3
user_01530,2024-03-27,2024-06-01,free,coding,False,0,4,0,False,5,3.9
user_01531,2024-02-09,2024-05-09,pro,writing,True,30,3,90,True,3,3.4
user_01532,2024-02-10,2024-04-10,free,coding,False,0,2,0,True,8,4.3
user_01533,2024-03-29,2024-06-01,enterprise,general_qa,True,100,4,400,False,3,6.7
user_01534,2024-01-21,2024-06-01,pro,coding,True,20,5,100,False,7,10.3
user_01535,2024-02-01,2024-06-01,free,writing,False,0,8,0,False,8,8.6
user_01536,2024-02-22,2024-06-01,pro,data_analysis,True,25,9,225,False,10,2.6
user_01537,2024-01-09,2024-04-08,pro,general_qa,True,25,3,75,True,5,3.9
user_01538,2024-03-04,2024-06-01,free,coding,False,0,9,0,False,4,3.1
user_01539,2024-01-01,2024-06-01,pro,coding,True,25,8,200,False,7,4.6
user_01540,2024-01-17,2024-02-16,free,coding,False,0,1,0,True,9,2.5
user_01541,2024-03-09,2024-06-01,free,coding,False,0,3,0,False,8,7.5
user_01542,2024-01-12,2024-06-01,pro,coding,True,20,7,140,False,7,4.1
user_01543,2024-02-29,2024-06-01,free,data_analysis,False,0,7,0,False,10,3.6
user_01544,2024-02-04,2024-06-01,pro,data_analysis,True,20,5,100,False,7,1.9
user_01545,2024-01-09,2024-06-01,free,general_qa,False,0,9,0,False,10,7.3
user_01546,2024-02-06,2024-05-06,free,data_analysis,False,0,3,0,True,4,9.7
user_01547,2024-03-02,2024-06-01,pro,coding,True,20,9,180,False,7,3.5
user_01548,2024-02-09,2024-06-01,free,coding,False,0,12,0,False,8,3.9
user_01549,2024-01-11,2024-06-01,free,data_analysis,False,0,5,0,False,5,1.4
user_01550,2024-02-19,2024-06-01,free,data_analysis,False,0,7,0,False,6,2.9
user_01551,2024-01-24,2024-04-23,pro,general_qa,True,20,3,60,True,4,1.5
user_01552,2024-03-29,2024-06-01,free,writing,False,0,3,0,False,8,6.4
user_01553,2024-02-01,2024-06-01,free,coding,False,0,7,0,False,5,2.0
user_01554,2024-02-19,2024-05-19,free,data_analysis,False,0,3,0,True,5,3.5
user_01555,2024-02-01,2024-06-01,free,coding,False,0,9,0,False,13,4.7
user_01556,2024-03-04,2024-05-03,free,general_qa,False,0,2,0,True,3,3.0
user_01557,2024-03-30,2024-06-01,free,general_qa,False,0,7,0,False,9,2.6
user_01558,2024-03-23,2024-04-22,enterprise,coding,True,50,1,50,True,8,2.4
user_01559,2024-01-07,2024-06-01,free,writing,False,0,11,0,False,7,9.4
user_01560,2024-01-18,2024-06-01,free,coding,False,0,8,0,False,4,6.4
user_01561,2024-02-02,2024-06-01,free,coding,False,0,8,0,False,10,4.4
user_01562,2024-01-01,2024-04-30,pro,writing,True,25,4,100,True,7,7.2
user_01563,2024-02-27,2024-06-01,pro,data_analysis,True,20,11,220,False,4,2.2
user_01564,2024-03-21,2024-06-01,free,coding,False,0,4,0,False,10,3.4
user_01565,2024-02-12,2024-03-13,pro,coding,True,20,1,20,True,8,2.0
user_01566,2024-01-08,2024-06-01,free,coding,False,0,5,0,False,9,7.0
user_01567,2024-01-27,2024-06-01,pro,coding,True,30,9,270,False,7,5.6
user_01568,2024-01-31,2024-04-30,pro,general_qa,True,25,3,75,True,10,9.4
user_01569,2024-03-04,2024-06-01,free,writing,False,0,12,0,False,7,4.4
user_01570,2024-02-06,2024-06-01,free,writing,False,0,4,0,False,7,2.9
user_01571,2024-03-27,2024-06-01,free,data_analysis,False,0,4,0,False,9,8.2
user_01572,2024-01-07,2024-05-06,enterprise,general_qa,True,75,4,300,True,6,7.0
user_01573,2024-02-10,2024-04-10,free,writing,False,0,2,0,True,7,8.4
user_01574,2024-02-29,2024-06-01,free,writing,False,0,5,0,False,8,5.4
user_01575,2024-02-29,2024-06-01,free,writing,False,0,4,0,False,8,4.7
user_01576,2024-02-28,2024-06-01,free,writing,False,0,4,0,False,6,2.1
user_01577,2024-01-02,2024-06-01,free,general_qa,False,0,7,0,False,6,3.5
user_01578,2024-02-17,2024-06-01,free,writing,False,0,5,0,False,3,4.7
user_01579,2024-01-16,2024-06-01,pro,coding,True,20,8,160,False,9,5.9
user_01580,2024-01-14,2024-03-14,pro,general_qa,True,30,2,60,True,8,5.4
user_01581,2024-01-05,2024-06-01,enterprise,data_analysis,True,100,5,500,False,9,2.8
user_01582,2024-03-14,2024-06-01,free,coding,False,0,4,0,False,5,1.9
user_01583,2024-02-27,2024-06-01,enterprise,general_qa,True,50,4,200,False,6,5.6
user_01584,2024-03-10,2024-06-01,pro,coding,True,30,4,120,False,9,3.4
user_01585,2024-03-09,2024-06-01,free,coding,False,0,3,0,False,5,4.0
user_01586,2024-03-25,2024-06-01,free,general_qa,False,0,4,0,False,8,4.9
user_01587,2024-03-06,2024-06-01,free,writing,False,0,3,0,False,9,2.9
user_01588,2024-03-22,2024-06-01,pro,data_analysis,True,30,8,240,False,5,1.9
user_01589,2024-02-25,2024-06-01,free,coding,False,0,8,0,False,7,5.0
user_01590,2024-03-08,2024-06-01,pro,writing,True,20,7,140,False,7,2.4
user_01591,2024-02-10,2024-06-01,free,coding,False,0,5,0,False,2,4.9
user_01592,2024-02-22,2024-06-01,free,writing,False,0,4,0,False,5,16.1
user_01593,2024-01-15,2024-06-01,free,general_qa,False,0,5,0,False,3,3.5
user_01594,2024-03-07,2024-04-06,free,general_qa,False,0,1,0,True,7,6.4
user_01595,2024-03-03,2024-06-01,enterprise,writing,True,75,4,300,False,9,1.6
user_01596,2024-02-19,2024-06-01,free,general_qa,False,0,11,0,False,9,4.1
user_01597,2024-03-29,2024-06-01,free,data_analysis,False,0,6,0,False,3,2.8
user_01598,2024-02-17,2024-06-01,free,coding,False,0,8,0,False,5,2.9
user_01599,2024-02-05,2024-06-01,free,data_analysis,False,0,7,0,False,5,2.8
user_01600,2024-01-27,2024-06-01,free,writing,False,0,10,0,False,5,5.3
user_01601,2024-02-02,2024-06-01,free,coding,False,0,5,0,False,7,4.3
user_01602,2024-01-20,2024-06-01,free,coding,False,0,5,0,False,10,12.3
user_01603,2024-03-24,2024-06-01,free,coding,False,0,8,0,False,8,5.5
user_01604,2024-01-16,2024-06-01,pro,coding,True,25,9,225,False,8,8.4
user_01605,2024-03-24,2024-05-23,free,coding,False,0,2,0,True,9,5.3
user_01606,2024-01-12,2024-06-01,pro,writing,True,20,8,160,False,5,3.1
user_01607,2024-03-29,2024-06-01,free,general_qa,False,0,5,0,False,5,1.9
user_01608,2024-03-13,2024-06-01,pro,data_analysis,True,30,6,180,False,9,2.8
user_01609,2024-01-15,2024-06-01,free,writing,False,0,7,0,False,8,2.2
user_01610,2024-03-10,2024-06-01,free,writing,False,0,7,0,False,5,9.6
user_01611,2024-01-07,2024-06-01,pro,general_qa,True,20,6,120,False,5,6.6
user_01612,2024-01-15,2024-04-14,pro,writing,True,20,3,60,True,7,7.9
user_01613,2024-02-24,2024-06-01,free,writing,False,0,4,0,False,6,10.4
user_01614,2024-01-22,2024-06-01,free,coding,False,0,9,0,False,6,4.6
user_01615,2024-02-16,2024-06-01,pro,data_analysis,True,20,12,240,False,7,1.2
user_01616,2024-01-06,2024-06-01,free,writing,False,0,6,0,False,9,2.3
user_01617,2024-01-11,2024-05-10,enterprise,coding,True,75,4,300,True,6,3.4
user_01618,2024-03-06,2024-06-01,free,data_analysis,False,0,5,0,False,7,4.7
user_01619,2024-03-05,2024-06-01,free,writing,False,0,6,0,False,11,2.4
user_01620,2024-01-31,2024-06-01,pro,coding,True,30,7,210,False,5,5.1
user_01621,2024-02-28,2024-03-29,free,writing,False,0,1,0,True,12,8.0
user_01622,2024-01-24,2024-06-01,free,general_qa,False,0,5,0,False,7,6.3
user_01623,2024-02-12,2024-05-12,pro,coding,True,30,3,90,True,4,7.6
user_01624,2024-01-07,2024-06-01,free,data_analysis,False,0,8,0,False,5,9.0
user_01625,2024-03-16,2024-06-01,free,general_qa,False,0,11,0,False,4,1.5
user_01626,2024-01-26,2024-04-25,free,general_qa,False,0,3,0,True,3,6.8
user_01627,2024-02-09,2024-06-01,free,data_analysis,False,0,6,0,False,8,13.1
user_01628,2024-03-29,2024-06-01,free,coding,False,0,7,0,False,10,2.7
user_01629,2024-01-17,2024-06-01,free,writing,False,0,7,0,False,4,3.1
user_01630,2024-03-14,2024-05-13,free,writing,False,0,2,0,True,8,2.6
user_01631,2024-03-30,2024-06-01,enterprise,data_analysis,True,100,3,300,False,8,8.3
user_01632,2024-01-28,2024-06-01,free,general_qa,False,0,10,0,False,12,4.7
user_01633,2024-02-08,2024-04-08,free,data_analysis,False,0,2,0,True,4,5.4
user_01634,2024-02-11,2024-06-01,free,writing,False,0,4,0,False,4,2.8
user_01635,2024-01-15,2024-06-01,pro,general_qa,True,25,10,250,False,9,4.3
user_01636,2024-01-25,2024-06-01,pro,coding,True,20,11,220,False,4,3.2
user_01637,2024-01-20,2024-06-01,free,writing,False,0,5,0,False,6,6.5
user_01638,2024-03-20,2024-06-01,free,data_analysis,False,0,6,0,False,3,4.1
user_01639,2024-02-12,2024-06-01,free,writing,False,0,10,0,False,6,2.9
user_01640,2024-01-07,2024-06-01,free,general_qa,False,0,6,0,False,5,5.1
user_01641,2024-02-15,2024-03-16,pro,writing,True,30,1,30,True,6,7.1
user_01642,2024-03-11,2024-06-01,free,coding,False,0,9,0,False,9,2.6
user_01643,2024-03-26,2024-06-01,pro,writing,True,25,5,125,False,4,4.6
user_01644,2024-02-19,2024-06-01,pro,writing,True,20,4,80,False,6,7.2
user_01645,2024-03-30,2024-06-01,free,writing,False,0,3,0,False,8,4.3
user_01646,2024-01-02,2024-04-01,free,writing,False,0,3,0,True,7,7.8
user_01647,2024-01-06,2024-06-01,pro,coding,True,25,6,150,False,5,10.8
user_01648,2024-03-03,2024-04-02,free,writing,False,0,1,0,True,6,5.2
user_01649,2024-01-09,2024-06-01,pro,data_analysis,True,25,9,225,False,6,6.1
user_01650,2024-01-28,2024-06-01,free,coding,False,0,9,0,False,6,7.1
user_01651,2024-01-19,2024-04-18,free,general_qa,False,0,3,0,True,7,3.0
user_01652,2024-02-28,2024-06-01,enterprise,coding,True,100,6,600,False,7,4.2
user_01653,2024-01-01,2024-03-31,free,writing,False,0,3,0,True,7,3.7
user_01654,2024-03-04,2024-05-03,pro,data_analysis,True,20,2,40,True,9,5.0
user_01655,2024-02-18,2024-04-18,free,general_qa,False,0,2,0,True,6,1.8
user_01656,2024-01-06,2024-04-05,pro,data_analysis,True,25,3,75,True,4,8.6
user_01657,2024-02-05,2024-06-01,enterprise,data_analysis,True,75,11,825,False,11,2.3
user_01658,2024-01-19,2024-06-01,free,writing,False,0,6,0,False,7,5.9
user_01659,2024-03-01,2024-05-30,free,writing,False,0,3,0,True,6,6.3
user_01660,2024-03-07,2024-06-01,enterprise,data_analysis,True,75,9,675,False,6,3.2
user_01661,2024-03-16,2024-06-01,free,data_analysis,False,0,8,0,False,10,7.8
user_01662,2024-02-25,2024-06-01,free,writing,False,0,4,0,False,10,6.0
user_01663,2024-01-05,2024-03-05,free,coding,False,0,2,0,True,7,9.1
user_01664,2024-03-21,2024-06-01,pro,writing,True,25,3,75,False,5,4.1
user_01665,2024-02-07,2024-06-01,enterprise,data_analysis,True,50,5,250,False,8,9.5
user_01666,2024-02-12,2024-06-01,free,coding,False,0,4,0,False,7,4.3
user_01667,2024-03-06,2024-06-01,pro,data_analysis,True,20,10,200,False,7,2.0
user_01668,2024-02-08,2024-06-01,free,general_qa,False,0,4,0,False,8,3.8
user_01669,2024-02-25,2024-06-01,free,data_analysis,False,0,10,0,False,7,2.7
user_01670,2024-03-06,2024-06-01,free,coding,False,0,9,0,False,9,2.6
user_01671,2024-03-22,2024-06-01,free,writing,False,0,4,0,False,10,8.5
user_01672,2024-03-15,2024-06-01,free,writing,False,0,3,0,False,8,7.0
user_01673,2024-01-12,2024-06-01,free,coding,False,0,6,0,False,9,4.1
user_01674,2024-01-06,2024-02-05,free,writing,False,0,1,0,True,5,4.0
user_01675,2024-02-09,2024-06-01,pro,general_qa,True,30,4,120,False,6,1.4
user_01676,2024-02-07,2024-05-07,pro,data_analysis,True,20,3,60,True,12,2.8
user_01677,2024-02-03,2024-06-01,free,general_qa,False,0,5,0,False,10,3.6
user_01678,2024-02-08,2024-06-01,free,data_analysis,False,0,10,0,False,4,8.6
user_01679,2024-01-01,2024-06-01,free,general_qa,False,0,6,0,False,12,4.2
user_01680,2024-01-19,2024-06-01,enterprise,writing,True,50,10,500,False,9,6.6
user_01681,2024-02-15,2024-06-01,free,coding,False,0,7,0,False,6,10.0
user_01682,2024-03-09,2024-06-01,free,coding,False,0,5,0,False,7,3.9
user_01683,2024-02-21,2024-06-01,free,writing,False,0,6,0,False,10,2.8
user_01684,2024-02-20,2024-06-01,free,general_qa,False,0,5,0,False,4,8.0
user_01685,2024-02-12,2024-06-01,free,general_qa,False,0,10,0,False,6,6.2
user_01686,2024-02-28,2024-06-01,free,data_analysis,False,0,5,0,False,6,3.0
user_01687,2024-02-03,2024-06-01,pro,general_qa,True,30,7,210,False,9,4.2
user_01688,2024-03-06,2024-05-05,free,coding,False,0,2,0,True,4,2.3
user_01689,2024-02-27,2024-06-01,free,writing,False,0,4,0,False,8,6.6
user_01690,2024-03-04,2024-06-01,enterprise,writing,True,100,7,700,False,6,5.2
user_01691,2024-03-03,2024-06-01,enterprise,data_analysis,True,75,5,375,False,6,6.0
user_01692,2024-02-12,2024-06-01,pro,writing,True,30,7,210,False,5,2.3
user_01693,2024-02-08,2024-06-01,free,coding,False,0,4,0,False,15,7.4
user_01694,2024-03-11,2024-06-01,pro,writing,True,20,5,100,False,4,5.6
user_01695,2024-03-23,2024-06-01,free,writing,False,0,6,0,False,5,4.5
user_01696,2024-02-29,2024-06-01,enterprise,writing,True,100,8,800,False,10,2.8
user_01697,2024-02-02,2024-06-01,free,coding,False,0,7,0,False,4,4.4
user_01698,2024-01-08,2024-04-07,free,data_analysis,False,0,3,0,True,6,3.2
user_01699,2024-03-13,2024-06-01,free,general_qa,False,0,8,0,False,8,8.5
user_01700,2024-02-02,2024-05-02,free,data_analysis,False,0,3,0,True,11,5.8
user_01701,2024-02-01,2024-06-01,free,data_analysis,False,0,5,0,False,5,2.7
user_01702,2024-02-02,2024-06-01,free,writing,False,0,8,0,False,6,8.0
user_01703,2024-03-16,2024-06-01,free,general_qa,False,0,11,0,False,6,3.7
user_01704,2024-03-21,2024-06-01,pro,coding,True,30,12,360,False,5,3.2
user_01705,2024-02-07,2024-05-07,free,writing,False,0,3,0,True,9,8.3
user_01706,2024-03-14,2024-06-01,pro,writing,True,20,11,220,False,9,5.5
user_01707,2024-01-03,2024-06-01,pro,writing,True,30,8,240,False,6,6.6
user_01708,2024-01-15,2024-04-14,free,coding,False,0,3,0,True,9,3.8
user_01709,2024-02-09,2024-06-01,free,coding,False,0,5,0,False,8,7.5
user_01710,2024-02-23,2024-04-23,free,coding,False,0,2,0,True,7,1.8
user_01711,2024-03-11,2024-05-10,free,writing,False,0,2,0,True,7,3.8
user_01712,2024-03-19,2024-06-01,enterprise,data_analysis,True,100,3,300,False,9,1.9
user_01713,2024-02-24,2024-06-01,free,coding,False,0,4,0,False,8,2.6
user_01714,2024-01-18,2024-02-17,free,general_qa,False,0,1,0,True,14,4.7
user_01715,2024-01-09,2024-06-01,free,general_qa,False,0,7,0,False,8,7.7
user_01716,2024-03-22,2024-06-01,free,general_qa,False,0,3,0,False,11,6.7
user_01717,2024-01-26,2024-06-01,pro,coding,True,25,7,175,False,7,4.7
user_01718,2024-02-17,2024-04-17,free,data_analysis,False,0,2,0,True,5,2.6
user_01719,2024-03-13,2024-05-12,free,writing,False,0,2,0,True,7,4.0
user_01720,2024-02-16,2024-05-16,free,general_qa,False,0,3,0,True,7,5.3
user_01721,2024-02-21,2024-04-21,pro,general_qa,True,20,2,40,True,7,3.2
user_01722,2024-02-17,2024-05-17,enterprise,coding,True,75,3,225,True,10,5.3
user_01723,2024-02-23,2024-06-01,pro,coding,True,20,4,80,False,8,2.7
user_01724,2024-02-07,2024-06-01,free,writing,False,0,6,0,False,8,6.8
user_01725,2024-02-12,2024-04-12,free,coding,False,0,2,0,True,7,6.3
user_01726,2024-01-20,2024-06-01,enterprise,coding,True,50,11,550,False,6,5.3
user_01727,2024-03-23,2024-06-01,free,writing,False,0,4,0,False,8,7.5
user_01728,2024-02-06,2024-05-06,free,data_analysis,False,0,3,0,True,9,7.4
user_01729,2024-02-04,2024-06-01,free,coding,False,0,6,0,False,7,2.1
user_01730,2024-01-24,2024-05-23,free,writing,False,0,4,0,True,6,10.1
user_01731,2024-03-10,2024-06-01,free,coding,False,0,9,0,False,7,1.7
user_01732,2024-01-22,2024-05-21,free,writing,False,0,4,0,True,11,10.1
user_01733,2024-02-23,2024-06-01,free,data_analysis,False,0,6,0,False,6,5.3
user_01734,2024-01-04,2024-06-01,free,data_analysis,False,0,5,0,False,4,7.9
user_01735,2024-02-28,2024-06-01,free,writing,False,0,9,0,False,11,4.1
user_01736,2024-02-11,2024-05-11,free,coding,False,0,3,0,True,7,3.5
user_01737,2024-01-26,2024-06-01,free,coding,False,0,9,0,False,6,2.9
user_01738,2024-03-18,2024-06-01,pro,data_analysis,True,30,4,120,False,4,9.2
user_01739,2024-02-26,2024-06-01,pro,writing,True,20,5,100,False,5,1.5
user_01740,2024-01-17,2024-06-01,enterprise,writing,True,75,10,750,False,5,6.9
user_01741,2024-03-24,2024-06-01,free,writing,False,0,4,0,False,7,6.9
user_01742,2024-03-12,2024-06-01,free,data_analysis,False,0,5,0,False,9,7.8
user_01743,2024-01-12,2024-06-01,pro,general_qa,True,20,7,140,False,6,4.1
user_01744,2024-03-23,2024-06-01,pro,writing,True,20,8,160,False,8,9.5
user_01745,2024-01-02,2024-05-01,pro,data_analysis,True,20,4,80,True,10,4.1
user_01746,2024-01-01,2024-06-01,free,writing,False,0,6,0,False,9,4.6
user_01747,2024-03-19,2024-06-01,pro,data_analysis,True,20,3,60,False,6,1.8
user_01748,2024-01-26,2024-04-25,pro,general_qa,True,30,3,90,True,8,5.9
user_01749,2024-03-10,2024-06-01,free,general_qa,False,0,9,0,False,6,2.5
user_01750,2024-03-20,2024-06-01,free,general_qa,False,0,6,0,False,7,1.6
user_01751,2024-03-17,2024-04-16,free,writing,False,0,1,0,True,5,3.0
user_01752,2024-03-17,2024-06-01,free,coding,False,0,7,0,False,5,8.6
user_01753,2024-02-13,2024-06-01,pro,data_analysis,True,25,6,150,False,11,7.0
user_01754,2024-01-29,2024-05-28,free,writing,False,0,4,0,True,5,6.5
user_01755,2024-01-23,2024-03-23,pro,data_analysis,True,25,2,50,True,11,13.7
user_01756,2024-03-04,2024-05-03,free,coding,False,0,2,0,True,7,6.8
user_01757,2024-01-26,2024-06-01,free,coding,False,0,5,0,False,5,6.2
user_01758,2024-01-25,2024-06-01,enterprise,coding,True,50,5,250,False,8,3.5
user_01759,2024-03-10,2024-06-01,free,writing,False,0,3,0,False,5,2.3
user_01760,2024-03-02,2024-05-31,enterprise,writing,True,100,3,300,True,8,4.5
user_01761,2024-01-11,2024-06-01,free,general_qa,False,0,6,0,False,6,8.1
user_01762,2024-02-07,2024-05-07,pro,writing,True,20,3,60,True,10,4.3
user_01763,2024-02-28,2024-06-01,free,general_qa,False,0,5,0,False,7,2.0
user_01764,2024-03-14,2024-06-01,enterprise,general_qa,True,75,3,225,False,8,3.2
user_01765,2024-02-16,2024-06-01,free,writing,False,0,8,0,False,10,4.1
user_01766,2024-03-01,2024-06-01,free,general_qa,False,0,12,0,False,7,5.0
user_01767,2024-01-17,2024-02-16,free,writing,False,0,1,0,True,10,8.2
user_01768,2024-02-29,2024-05-29,free,writing,False,0,3,0,True,7,6.9
user_01769,2024-03-27,2024-06-01,enterprise,coding,True,100,4,400,False,4,1.3
user_01770,2024-01-06,2024-06-01,free,general_qa,False,0,7,0,False,5,4.5
user_01771,2024-02-14,2024-06-01,free,general_qa,False,0,5,0,False,13,2.4
user_01772,2024-02-24,2024-03-25,free,coding,False,0,1,0,True,8,4.1
user_01773,2024-01-08,2024-06-01,free,coding,False,0,9,0,False,4,6.2
user_01774,2024-01-12,2024-05-11,free,general_qa,False,0,4,0,True,5,1.6
user_01775,2024-01-12,2024-06-01,pro,data_analysis,True,25,6,150,False,4,3.8
user_01776,2024-01-22,2024-06-01,free,coding,False,0,6,0,False,4,1.6
user_01777,2024-01-15,2024-06-01,enterprise,general_qa,True,100,6,600,False,9,2.6
user_01778,2024-02-01,2024-03-02,pro,coding,True,30,1,30,True,6,1.2
user_01779,2024-03-30,2024-06-01,pro,general_qa,True,30,9,270,False,11,2.7
user_01780,2024-03-23,2024-06-01,enterprise,writing,True,50,7,350,False,7,6.6
user_01781,2024-01-20,2024-06-01,free,writing,False,0,5,0,False,10,2.4
user_01782,2024-02-05,2024-06-01,free,data_analysis,False,0,8,0,False,7,5.1
user_01783,2024-01-31,2024-06-01,free,general_qa,False,0,9,0,False,5,3.7
user_01784,2024-02-23,2024-06-01,free,general_qa,False,0,5,0,False,6,3.8
user_01785,2024-03-05,2024-06-01,pro,data_analysis,True,20,9,180,False,5,3.2
user_01786,2024-03-25,2024-06-01,free,coding,False,0,5,0,False,4,1.5
user_01787,2024-02-02,2024-05-02,free,coding,False,0,3,0,True,5,7.1
user_01788,2024-02-09,2024-05-09,enterprise,coding,True,75,3,225,True,6,1.6
user_01789,2024-02-27,2024-06-01,free,general_qa,False,0,9,0,False,6,6.5
user_01790,2024-01-16,2024-03-16,free,coding,False,0,2,0,True,5,3.2
user_01791,2024-03-06,2024-06-01,free,writing,False,0,11,0,False,5,5.0
user_01792,2024-03-26,2024-06-01,free,writing,False,0,7,0,False,10,11.0
user_01793,2024-01-28,2024-06-01,free,writing,False,0,5,0,False,14,4.0
user_01794,2024-02-07,2024-06-01,free,data_analysis,False,0,5,0,False,3,8.4
user_01795,2024-03-13,2024-06-01,pro,data_analysis,True,20,5,100,False,11,1.4
user_01796,2024-02-25,2024-04-25,free,general_qa,False,0,2,0,True,10,3.5
user_01797,2024-02-17,2024-03-18,pro,coding,True,25,1,25,True,10,7.9
user_01798,2024-03-19,2024-06-01,free,general_qa,False,0,3,0,False,8,4.6
user_01799,2024-01-09,2024-06-01,free,general_qa,False,0,6,0,False,7,2.8
user_01800,2024-03-24,2024-06-01,free,data_analysis,False,0,3,0,False,5,3.8
user_01801,2024-02-19,2024-03-20,free,writing,False,0,1,0,True,4,4.1
user_01802,2024-01-28,2024-06-01,free,writing,False,0,6,0,False,5,3.4
user_01803,2024-02-08,2024-06-01,enterprise,writing,True,75,6,450,False,10,3.8
user_01804,2024-03-21,2024-06-01,pro,writing,True,25,8,200,False,4,2.2
user_01805,2024-01-23,2024-02-22,free,coding,False,0,1,0,True,6,10.3
user_01806,2024-02-14,2024-03-15,free,data_analysis,False,0,1,0,True,7,7.3
user_01807,2024-02-11,2024-06-01,pro,general_qa,True,20,7,140,False,6,3.0
user_01808,2024-02-24,2024-05-24,pro,general_qa,True,25,3,75,True,7,9.4
user_01809,2024-02-25,2024-06-01,free,writing,False,0,4,0,False,7,9.9
user_01810,2024-01-24,2024-04-23,pro,data_analysis,True,25,3,75,True,6,3.1
user_01811,2024-03-29,2024-06-01,pro,data_analysis,True,20,5,100,False,6,5.6
user_01812,2024-03-09,2024-06-01,free,writing,False,0,11,0,False,9,6.7
user_01813,2024-02-11,2024-06-01,free,coding,False,0,6,0,False,7,12.6
user_01814,2024-02-08,2024-06-01,pro,coding,True,30,12,360,False,5,2.6
user_01815,2024-03-04,2024-06-01,free,writing,False,0,9,0,False,11,8.4
user_01816,2024-03-06,2024-06-01,free,coding,False,0,4,0,False,9,3.2
user_01817,2024-03-27,2024-06-01,pro,data_analysis,True,25,9,225,False,10,12.1
user_01818,2024-02-25,2024-06-01,free,writing,False,0,12,0,False,8,8.2
user_01819,2024-01-09,2024-06-01,free,writing,False,0,6,0,False,4,3.5
user_01820,2024-01-31,2024-06-01,pro,coding,True,20,7,140,False,7,10.6
user_01821,2024-02-15,2024-06-01,pro,coding,True,25,5,125,False,7,2.9
user_01822,2024-02-15,2024-04-15,free,data_analysis,False,0,2,0,True,6,4.7
user_01823,2024-01-07,2024-03-07,pro,coding,True,20,2,40,True,6,10.4
user_01824,2024-03-02,2024-06-01,pro,coding,True,30,4,120,False,8,2.9
user_01825,2024-01-16,2024-06-01,free,general_qa,False,0,5,0,False,10,5.2
user_01826,2024-01-12,2024-03-12,enterprise,data_analysis,True,100,2,200,True,4,5.5
user_01827,2024-02-14,2024-06-01,free,writing,False,0,9,0,False,3,5.9
user_01828,2024-01-26,2024-06-01,free,writing,False,0,10,0,False,6,4.5
user_01829,2024-03-12,2024-06-01,free,general_qa,False,0,7,0,False,6,2.2
user_01830,2024-01-09,2024-04-08,free,writing,False,0,3,0,True,7,9.7
user_01831,2024-03-03,2024-06-01,free,coding,False,0,5,0,False,8,8.0
user_01832,2024-03-28,2024-06-01,free,writing,False,0,8,0,False,6,4.4
user_01833,2024-02-23,2024-06-01,free,data_analysis,False,0,10,0,False,6,6.7
user_01834,2024-02-25,2024-06-01,free,coding,False,0,6,0,False,8,7.0
user_01835,2024-03-11,2024-05-10,free,data_analysis,False,0,2,0,True,7,3.5
user_01836,2024-01-26,2024-04-25,pro,general_qa,True,20,3,60,True,7,3.9
user_01837,2024-01-26,2024-03-26,free,writing,False,0,2,0,True,9,5.9
user_01838,2024-02-02,2024-06-01,enterprise,general_qa,True,100,12,1200,False,10,4.9
user_01839,2024-02-22,2024-06-01,free,writing,False,0,8,0,False,8,6.1
user_01840,2024-03-01,2024-06-01,free,coding,False,0,4,0,False,5,6.5
user_01841,2024-01-10,2024-06-01,free,writing,False,0,5,0,False,4,4.4
user_01842,2024-01-06,2024-05-05,enterprise,writing,True,75,4,300,True,8,2.2
user_01843,2024-01-28,2024-06-01,free,coding,False,0,6,0,False,8,6.0
user_01844,2024-01-12,2024-04-11,free,general_qa,False,0,3,0,True,8,7.9
user_01845,2024-01-10,2024-06-01,free,general_qa,False,0,7,0,False,9,3.7
user_01846,2024-03-15,2024-04-14,free,data_analysis,False,0,1,0,True,7,4.0
user_01847,2024-02-12,2024-06-01,free,coding,False,0,12,0,False,12,4.7
user_01848,2024-02-05,2024-06-01,pro,general_qa,True,25,12,300,False,8,3.5
user_01849,2024-01-09,2024-03-09,free,data_analysis,False,0,2,0,True,8,6.6
user_01850,2024-02-14,2024-05-14,free,writing,False,0,3,0,True,7,4.1
user_01851,2024-02-03,2024-06-01,pro,general_qa,True,30,5,150,False,6,7.0
user_01852,2024-02-08,2024-06-01,free,data_analysis,False,0,7,0,False,9,2.7
user_01853,2024-01-18,2024-06-01,pro,data_analysis,True,20,6,120,False,12,8.7
user_01854,2024-03-06,2024-04-05,free,writing,False,0,1,0,True,6,4.5
user_01855,2024-02-01,2024-05-31,enterprise,writing,True,50,4,200,True,7,2.9
user_01856,2024-02-24,2024-04-24,pro,data_analysis,True,25,2,50,True,9,2.9
user_01857,2024-01-26,2024-06-01,enterprise,coding,True,75,6,450,False,3,3.8
user_01858,2024-03-03,2024-06-01,free,general_qa,False,0,3,0,True,7,1.7
user_01859,2024-02-27,2024-06-01,pro,data_analysis,True,30,10,300,False,5,3.4
user_01860,2024-02-14,2024-05-14,pro,data_analysis,True,25,3,75,True,4,2.7
user_01861,2024-03-28,2024-06-01,free,writing,False,0,8,0,False,8,2.5
user_01862,2024-01-11,2024-06-01,enterprise,coding,True,50,11,550,False,7,11.4
user_01863,2024-01-19,2024-06-01,pro,data_analysis,True,25,8,200,False,5,4.5
user_01864,2024-02-16,2024-06-01,free,general_qa,False,0,5,0,False,9,2.6
user_01865,2024-03-04,2024-06-01,free,data_analysis,False,0,7,0,False,5,8.8
user_01866,2024-01-26,2024-04-25,pro,coding,True,30,3,90,True,9,6.1
user_01867,2024-03-28,2024-05-27,free,data_analysis,False,0,2,0,True,3,3.5
user_01868,2024-01-24,2024-06-01,free,writing,False,0,5,0,False,8,8.2
user_01869,2024-03-09,2024-06-01,free,coding,False,0,6,0,False,10,8.2
user_01870,2024-01-04,2024-05-03,free,general_qa,False,0,4,0,True,7,4.9
user_01871,2024-02-12,2024-06-01,free,data_analysis,False,0,5,0,False,9,3.4
user_01872,2024-02-14,2024-06-01,pro,data_analysis,True,25,6,150,False,7,2.7
user_01873,2024-03-24,2024-06-01,free,coding,False,0,4,0,False,6,4.7
user_01874,2024-01-13,2024-06-01,pro,general_qa,True,20,7,140,False,5,6.3
user_01875,2024-03-10,2024-06-01,free,coding,False,0,11,0,False,5,7.7
user_01876,2024-03-27,2024-06-01,pro,writing,True,25,7,175,False,5,2.8
user_01877,2024-02-12,2024-05-12,free,general_qa,False,0,3,0,True,5,1.5
user_01878,2024-02-11,2024-06-01,free,coding,False,0,4,0,False,11,3.0
user_01879,2024-03-12,2024-06-01,free,general_qa,False,0,10,0,False,6,3.7
user_01880,2024-01-08,2024-05-07,free,writing,False,0,4,0,True,5,16.9
user_01881,2024-03-10,2024-06-01,free,coding,False,0,4,0,False,8,7.8
user_01882,2024-02-14,2024-06-01,free,writing,False,0,5,0,False,8,1.5
user_01883,2024-01-31,2024-06-01,free,writing,False,0,6,0,False,4,4.6
user_01884,2024-03-27,2024-06-01,free,data_analysis,False,0,9,0,False,8,1.8
user_01885,2024-02-07,2024-06-01,free,general_qa,False,0,5,0,False,6,4.8
user_01886,2024-03-01,2024-06-01,free,data_analysis,False,0,6,0,False,10,11.2
user_01887,2024-01-26,2024-06-01,free,coding,False,0,7,0,False,7,3.0
user_01888,2024-02-29,2024-04-29,free,data_analysis,False,0,2,0,True,13,3.0
user_01889,2024-03-03,2024-05-02,free,data_analysis,False,0,2,0,True,6,6.0
user_01890,2024-01-09,2024-06-01,pro,general_qa,True,25,7,175,False,8,4.8
user_01891,2024-02-15,2024-04-15,pro,data_analysis,True,20,2,40,True,7,5.0
user_01892,2024-03-06,2024-06-01,free,data_analysis,False,0,7,0,False,8,3.1
user_01893,2024-01-31,2024-04-30,pro,coding,True,20,3,60,True,6,7.3
user_01894,2024-01-29,2024-06-01,pro,general_qa,True,30,6,180,False,7,6.5
user_01895,2024-03-25,2024-06-01,free,data_analysis,False,0,5,0,False,8,2.9
user_01896,2024-01-28,2024-04-27,pro,general_qa,True,25,3,75,True,7,2.1
user_01897,2024-01-29,2024-06-01,free,coding,False,0,12,0,False,5,11.2
user_01898,2024-02-10,2024-06-01,pro,general_qa,True,20,5,100,False,8,2.1
user_01899,2024-01-16,2024-06-01,pro,writing,True,20,12,240,False,4,5.7
user_01900,2024-02-19,2024-06-01,pro,data_analysis,True,20,4,80,False,13,6.6
user_01901,2024-03-05,2024-06-01,enterprise,writing,True,75,12,900,False,6,5.4
user_01902,2024-03-10,2024-04-09,free,general_qa,False,0,1,0,True,7,2.3
user_01903,2024-01-24,2024-03-24,free,data_analysis,False,0,2,0,True,7,4.5
user_01904,2024-03-04,2024-06-01,free,data_analysis,False,0,5,0,False,5,5.6
user_01905,2024-02-01,2024-05-01,pro,writing,True,30,3,90,True,14,5.0
user_01906,2024-03-12,2024-06-01,enterprise,data_analysis,True,50,6,300,False,7,5.7
user_01907,2024-01-14,2024-06-01,free,general_qa,False,0,5,0,False,5,3.8
user_01908,2024-03-27,2024-06-01,pro,general_qa,True,20,3,60,False,4,5.2
user_01909,2024-01-03,2024-03-03,enterprise,general_qa,True,100,2,200,True,7,4.6
user_01910,2024-02-11,2024-06-01,free,writing,False,0,4,0,False,12,4.8
user_01911,2024-01-06,2024-06-01,free,coding,False,0,5,0,False,5,5.0
user_01912,2024-01-02,2024-05-01,free,coding,False,0,4,0,True,7,2.2
user_01913,2024-03-03,2024-06-01,free,data_analysis,False,0,5,0,False,6,6.6
user_01914,2024-02-29,2024-06-01,free,coding,False,0,11,0,False,7,3.9
user_01915,2024-02-28,2024-06-01,free,writing,False,0,6,0,False,7,3.8
user_01916,2024-01-04,2024-02-03,free,data_analysis,False,0,1,0,True,6,6.8
user_01917,2024-02-06,2024-06-01,enterprise,general_qa,True,75,5,375,False,6,4.3
user_01918,2024-02-09,2024-06-01,free,general_qa,False,0,4,0,False,8,11.8
user_01919,2024-02-22,2024-05-22,free,general_qa,False,0,3,0,True,8,6.2
user_01920,2024-03-07,2024-04-06,free,coding,False,0,1,0,True,7,1.4
user_01921,2024-03-20,2024-06-01,pro,coding,True,20,3,60,False,5,1.4
user_01922,2024-01-22,2024-04-21,free,writing,False,0,3,0,True,8,6.6
user_01923,2024-03-29,2024-06-01,free,coding,False,0,7,0,False,11,7.4
user_01924,2024-02-05,2024-06-01,free,coding,False,0,8,0,False,6,2.0
user_01925,2024-01-16,2024-06-01,pro,writing,True,20,8,160,False,7,5.3
user_01926,2024-01-21,2024-06-01,free,writing,False,0,6,0,False,5,5.7
user_01927,2024-01-03,2024-05-02,free,general_qa,False,0,4,0,True,5,5.7
user_01928,2024-01-19,2024-04-18,free,writing,False,0,3,0,True,3,5.6
user_01929,2024-01-13,2024-06-01,free,writing,False,0,5,0,False,7,6.8
user_01930,2024-02-25,2024-06-01,free,coding,False,0,7,0,False,8,4.8
user_01931,2024-02-10,2024-04-10,enterprise,writing,True,75,2,150,True,5,6.9
user_01932,2024-01-31,2024-03-31,free,coding,False,0,2,0,True,7,2.7
user_01933,2024-03-08,2024-06-01,free,coding,False,0,5,0,False,7,3.8
user_01934,2024-02-16,2024-06-01,pro,data_analysis,True,20,10,200,False,7,11.9
user_01935,2024-02-27,2024-03-28,free,writing,False,0,1,0,True,9,1.9
user_01936,2024-01-16,2024-06-01,pro,data_analysis,True,20,7,140,False,7,5.8
user_01937,2024-02-06,2024-06-01,pro,writing,True,25,5,125,False,5,2.3
user_01938,2024-01-03,2024-06-01,pro,writing,True,20,6,120,False,7,2.6
user_01939,2024-02-19,2024-06-01,pro,data_analysis,True,25,9,225,False,10,2.9
user_01940,2024-02-19,2024-06-01,free,coding,False,0,10,0,False,10,3.8
user_01941,2024-01-12,2024-05-11,free,data_analysis,False,0,4,0,True,11,6.2
user_01942,2024-02-13,2024-04-13,pro,general_qa,True,25,2,50,True,8,5.7
user_01943,2024-02-14,2024-04-14,enterprise,coding,True,75,2,150,True,5,5.5
user_01944,2024-02-06,2024-05-06,enterprise,general_qa,True,100,3,300,True,11,2.0
user_01945,2024-01-12,2024-03-12,free,writing,False,0,2,0,True,4,5.8
user_01946,2024-01-18,2024-06-01,free,general_qa,False,0,7,0,False,12,3.4
user_01947,2024-02-14,2024-03-15,pro,data_analysis,True,30,1,30,True,8,2.1
user_01948,2024-01-01,2024-06-01,enterprise,writing,True,50,6,300,False,4,2.4
user_01949,2024-02-05,2024-06-01,free,data_analysis,False,0,6,0,False,7,8.6
user_01950,2024-03-28,2024-05-27,pro,writing,True,30,2,60,True,3,1.8
user_01951,2024-02-11,2024-06-01,free,general_qa,False,0,5,0,False,4,7.8
user_01952,2024-03-25,2024-06-01,free,writing,False,0,4,0,False,5,4.3
user_01953,2024-02-22,2024-04-22,free,writing,False,0,2,0,True,4,1.6
user_01954,2024-03-14,2024-06-01,free,writing,False,0,5,0,False,7,5.1
user_01955,2024-01-10,2024-06-01,pro,writing,True,30,9,270,False,8,6.8
user_01956,2024-02-21,2024-05-21,free,data_analysis,False,0,3,0,True,9,2.3
user_01957,2024-03-02,2024-06-01,free,data_analysis,False,0,6,0,False,4,2.7
user_01958,2024-02-21,2024-06-01,free,data_analysis,False,0,6,0,False,7,5.2
user_01959,2024-02-28,2024-04-28,pro,general_qa,True,30,2,60,True,7,7.2
user_01960,2024-01-30,2024-06-01,pro,writing,True,20,6,120,False,4,3.7
user_01961,2024-01-15,2024-06-01,free,data_analysis,False,0,11,0,False,7,3.6
user_01962,2024-03-14,2024-06-01,free,writing,False,0,4,0,False,6,4.7
user_01963,2024-03-13,2024-06-01,pro,general_qa,True,20,9,180,False,6,3.7
user_01964,2024-01-24,2024-06-01,free,coding,False,0,9,0,False,4,2.7
user_01965,2024-02-12,2024-06-01,pro,writing,True,20,6,120,False,5,10.1
user_01966,2024-03-17,2024-06-01,free,writing,False,0,6,0,False,6,2.1
user_01967,2024-01-29,2024-03-29,pro,writing,True,30,2,60,True,3,4.2
user_01968,2024-03-22,2024-06-01,free,general_qa,False,0,6,0,False,3,5.5
user_01969,2024-01-19,2024-06-01,enterprise,data_analysis,True,50,7,350,False,5,3.1
user_01970,2024-01-01,2024-06-01,pro,general_qa,True,20,7,140,False,7,4.4
user_01971,2024-01-03,2024-03-03,free,data_analysis,False,0,2,0,True,9,4.3
user_01972,2024-01-23,2024-05-22,free,writing,False,0,4,0,True,7,5.5
user_01973,2024-01-04,2024-06-01,pro,writing,True,20,11,220,False,8,5.9
user_01974,2024-01-21,2024-06-01,free,data_analysis,False,0,10,0,False,5,7.4
user_01975,2024-02-15,2024-06-01,enterprise,coding,True,100,8,800,False,3,4.9
user_01976,2024-03-14,2024-06-01,free,coding,False,0,8,0,False,7,3.0
user_01977,2024-03-02,2024-06-01,enterprise,coding,True,50,11,550,False,7,2.6
user_01978,2024-02-09,2024-06-01,pro,data_analysis,True,20,9,180,False,4,8.5
user_01979,2024-02-23,2024-06-01,free,data_analysis,False,0,4,0,False,7,9.6
user_01980,2024-02-01,2024-05-31,free,coding,False,0,4,0,True,8,3.4
user_01981,2024-02-29,2024-06-01,free,general_qa,False,0,9,0,False,7,4.6
user_01982,2024-01-17,2024-03-17,free,general_qa,False,0,2,0,True,3,3.1
user_01983,2024-02-18,2024-06-01,pro,general_qa,True,20,6,120,False,5,2.0
user_01984,2024-02-16,2024-03-17,pro,coding,True,30,1,30,True,6,4.8
user_01985,2024-03-20,2024-05-19,free,coding,False,0,2,0,True,6,2.8
user_01986,2024-01-24,2024-02-23,free,coding,False,0,1,0,True,8,4.4
user_01987,2024-02-28,2024-06-01,free,general_qa,False,0,5,0,False,8,6.9
user_01988,2024-03-13,2024-06-01,pro,data_analysis,True,30,3,90,False,7,8.8
user_01989,2024-01-21,2024-06-01,free,data_analysis,False,0,9,0,False,7,1.9
user_01990,2024-02-13,2024-06-01,pro,coding,True,20,11,220,False,8,2.6
user_01991,2024-01-15,2024-06-01,free,writing,False,0,11,0,False,7,3.3
user_01992,2024-01-08,2024-04-07,pro,coding,True,25,3,75,True,10,3.1
user_01993,2024-01-17,2024-04-16,enterprise,general_qa,True,50,3,150,True,5,10.4
user_01994,2024-01-26,2024-06-01,pro,writing,True,30,9,270,False,9,2.8
user_01995,2024-03-01,2024-04-30,free,coding,False,0,2,0,True,9,2.1
user_01996,2024-01-05,2024-06-01,free,general_qa,False,0,5,0,False,7,2.3
user_01997,2024-02-14,2024-06-01,free,coding,False,0,7,0,False,10,2.2
user_01998,2024-03-27,2024-06-01,pro,writing,True,25,6,150,False,7,3.0
user_01999,2024-01-22,2024-05-21,free,writing,False,0,4,0,True,3,6.4
user_02000,2024-03-24,2024-06-01,pro,data_analysis,True,30,4,120,False,9,10.7
user_02001,2024-03-01,2024-05-30,pro,data_analysis,True,25,3,75,True,9,3.9
user_02002,2024-02-24,2024-05-24,free,general_qa,False,0,3,0,True,9,2.8
user_02003,2024-02-25,2024-06-01,pro,coding,True,25,6,150,False,4,6.1
user_02004,2024-03-29,2024-06-01,pro,general_qa,True,20,9,180,False,9,3.7
user_02005,2024-01-24,2024-05-23,pro,general_qa,True,20,4,80,True,5,2.0
user_02006,2024-02-22,2024-06-01,free,coding,False,0,9,0,False,4,3.4
user_02007,2024-03-13,2024-05-12,free,general_qa,False,0,2,0,True,6,6.4
user_02008,2024-01-24,2024-03-24,free,writing,False,0,2,0,True,7,7.2
user_02009,2024-01-22,2024-03-22,free,writing,False,0,2,0,True,5,2.4
user_02010,2024-03-17,2024-06-01,free,data_analysis,False,0,3,0,False,9,8.0
user_02011,2024-01-31,2024-06-01,free,writing,False,0,10,0,False,11,9.3
user_02012,2024-03-11,2024-05-10,free,general_qa,False,0,2,0,True,7,15.9
user_02013,2024-03-11,2024-06-01,free,writing,False,0,3,0,False,2,4.4
user_02014,2024-02-16,2024-05-16,enterprise,writing,True,100,3,300,True,10,3.7
user_02015,2024-01-23,2024-06-01,free,data_analysis,False,0,7,0,False,4,6.4
user_02016,2024-03-30,2024-06-01,free,data_analysis,False,0,3,0,False,7,4.1
user_02017,2024-03-24,2024-06-01,enterprise,general_qa,True,100,8,800,False,7,4.3
user_02018,2024-03-02,2024-05-31,enterprise,coding,True,75,3,225,True,9,2.7
user_02019,2024-01-17,2024-03-17,free,coding,False,0,2,0,True,7,5.3
user_02020,2024-03-18,2024-06-01,pro,general_qa,True,30,11,330,False,6,3.7
user_02021,2024-03-15,2024-06-01,free,data_analysis,False,0,5,0,False,9,5.4
user_02022,2024-02-07,2024-06-01,free,writing,False,0,7,0,False,7,9.4
user_02023,2024-03-25,2024-06-01,free,writing,False,0,3,0,False,8,5.5
user_02024,2024-02-23,2024-06-01,free,coding,False,0,5,0,False,5,4.2
user_02025,2024-01-18,2024-05-17,pro,data_analysis,True,25,4,100,True,10,7.0
user_02026,2024-03-17,2024-06-01,free,data_analysis,False,0,4,0,False,7,3.3
user_02027,2024-02-01,2024-04-01,pro,general_qa,True,25,2,50,True,7,3.7
user_02028,2024-03-24,2024-06-01,pro,writing,True,25,8,200,False,9,4.0
user_02029,2024-01-24,2024-06-01,free,coding,False,0,9,0,False,5,5.4
user_02030,2024-02-09,2024-06-01,free,writing,False,0,5,0,False,8,1.7
user_02031,2024-03-08,2024-06-01,free,general_qa,False,0,6,0,False,8,4.6
user_02032,2024-01-06,2024-06-01,free,data_analysis,False,0,9,0,False,10,2.4
user_02033,2024-01-20,2024-04-19,pro,data_analysis,True,30,3,90,True,5,6.3
user_02034,2024-01-06,2024-06-01,free,coding,False,0,5,0,False,6,4.1
user_02035,2024-01-26,2024-05-25,enterprise,general_qa,True,50,4,200,True,10,3.2
user_02036,2024-02-02,2024-06-01,free,data_analysis,False,0,6,0,False,10,6.4
user_02037,2024-01-03,2024-06-01,enterprise,writing,True,100,7,700,False,6,4.3
user_02038,2024-03-25,2024-06-01,free,data_analysis,False,0,3,0,False,9,3.3
user_02039,2024-02-21,2024-03-22,free,coding,False,0,1,0,True,8,2.4
user_02040,2024-01-05,2024-06-01,free,data_analysis,False,0,5,0,False,4,2.8
user_02041,2024-03-26,2024-06-01,enterprise,writing,True,50,6,300,False,6,13.1
user_02042,2024-02-08,2024-05-08,free,coding,False,0,3,0,True,4,6.7
user_02043,2024-03-26,2024-06-01,pro,writing,True,20,5,100,False,10,2.4
user_02044,2024-02-16,2024-04-16,pro,coding,True,20,2,40,True,8,4.3
user_02045,2024-03-23,2024-06-01,enterprise,coding,True,75,5,375,False,5,2.0
user_02046,2024-02-11,2024-03-12,free,writing,False,0,1,0,True,7,2.2
user_02047,2024-01-26,2024-02-25,pro,data_analysis,True,20,1,20,True,3,11.5
user_02048,2024-01-26,2024-06-01,free,general_qa,False,0,6,0,False,8,6.7
user_02049,2024-02-15,2024-04-15,free,coding,False,0,2,0,True,9,3.5
user_02050,2024-02-02,2024-06-01,enterprise,coding,True,100,6,600,False,4,2.4
user_02051,2024-03-26,2024-06-01,free,data_analysis,False,0,7,0,False,7,7.9
user_02052,2024-03-02,2024-06-01,pro,coding,True,30,9,270,False,10,4.1
user_02053,2024-03-11,2024-06-01,pro,general_qa,True,20,4,80,False,7,2.9
user_02054,2024-02-21,2024-06-01,free,writing,False,0,7,0,False,9,3.5
user_02055,2024-02-26,2024-06-01,free,general_qa,False,0,5,0,False,7,4.7
user_02056,2024-02-17,2024-06-01,free,general_qa,False,0,9,0,False,9,3.4
user_02057,2024-02-22,2024-06-01,pro,data_analysis,True,20,5,100,False,6,2.7
user_02058,2024-02-17,2024-06-01,pro,writing,True,25,8,200,False,3,4.6
user_02059,2024-01-10,2024-06-01,free,general_qa,False,0,7,0,False,8,7.9
user_02060,2024-01-19,2024-06-01,free,general_qa,False,0,8,0,False,2,4.2
user_02061,2024-01-27,2024-06-01,free,coding,False,0,8,0,False,3,4.1
user_02062,2024-02-28,2024-04-28,pro,writing,True,25,2,50,True,6,3.3
user_02063,2024-03-06,2024-06-01,free,general_qa,False,0,7,0,False,8,3.8
user_02064,2024-03-18,2024-06-01,enterprise,data_analysis,True,75,3,225,False,10,8.0
user_02065,2024-01-06,2024-06-01,free,coding,False,0,5,0,False,5,8.2
user_02066,2024-01-03,2024-06-01,pro,general_qa,True,20,5,100,True,6,7.4
user_02067,2024-01-09,2024-05-08,free,coding,False,0,4,0,True,3,3.9
user_02068,2024-02-20,2024-06-01,pro,writing,True,20,7,140,False,8,3.5
user_02069,2024-03-25,2024-06-01,free,general_qa,False,0,7,0,False,4,4.7
user_02070,2024-02-17,2024-06-01,pro,general_qa,True,25,4,100,False,6,1.8
user_02071,2024-01-10,2024-03-10,pro,writing,True,20,2,40,True,5,2.9
user_02072,2024-03-28,2024-05-27,pro,writing,True,25,2,50,True,11,5.7
user_02073,2024-01-16,2024-03-16,free,general_qa,False,0,2,0,True,8,5.2
user_02074,2024-02-22,2024-03-23,pro,coding,True,20,1,20,True,8,3.4
user_02075,2024-03-30,2024-06-01,free,writing,False,0,4,0,False,8,9.5
user_02076,2024-01-05,2024-06-01,pro,coding,True,25,7,175,False,6,5.6
user_02077,2024-01-07,2024-06-01,free,coding,False,0,7,0,False,11,4.5
user_02078,2024-01-31,2024-06-01,pro,writing,True,20,7,140,False,5,3.1
user_02079,2024-03-05,2024-06-01,free,coding,False,0,5,0,False,11,4.5
user_02080,2024-02-19,2024-05-19,pro,data_analysis,True,20,3,60,True,5,9.6
user_02081,2024-03-05,2024-06-01,enterprise,coding,True,50,4,200,False,7,4.4
user_02082,2024-02-23,2024-03-24,free,writing,False,0,1,0,True,4,5.0
user_02083,2024-02-24,2024-06-01,free,general_qa,False,0,10,0,False,3,4.8
user_02084,2024-02-13,2024-06-01,enterprise,coding,True,75,5,375,False,4,3.4
user_02085,2024-03-23,2024-06-01,enterprise,writing,True,75,4,300,False,7,10.1
user_02086,2024-03-10,2024-06-01,enterprise,coding,True,50,6,300,False,6,3.6
user_02087,2024-02-08,2024-06-01,pro,writing,True,20,6,120,False,4,2.9
user_02088,2024-01-23,2024-06-01,enterprise,writing,True,75,9,675,False,12,10.3
user_02089,2024-02-11,2024-06-01,free,data_analysis,False,0,5,0,False,4,1.9
user_02090,2024-02-28,2024-05-28,free,coding,False,0,3,0,True,6,6.3
user_02091,2024-03-05,2024-06-01,free,writing,False,0,5,0,False,8,4.2
user_02092,2024-03-30,2024-06-01,enterprise,data_analysis,True,75,7,525,False,8,1.4
user_02093,2024-01-10,2024-06-01,enterprise,general_qa,True,50,5,250,False,12,9.3
user_02094,2024-01-12,2024-04-11,free,data_analysis,False,0,3,0,True,4,3.0
user_02095,2024-03-12,2024-06-01,pro,writing,True,20,8,160,False,6,3.5
user_02096,2024-01-06,2024-03-06,pro,coding,True,20,2,40,True,9,1.6
user_02097,2024-01-24,2024-02-23,enterprise,writing,True,50,1,50,True,7,11.4
user_02098,2024-01-14,2024-06-01,pro,general_qa,True,25,6,150,False,9,6.4
user_02099,2024-02-18,2024-06-01,free,general_qa,False,0,5,0,False,10,2.8
user_02100,2024-03-28,2024-06-01,free,writing,False,0,3,0,False,10,3.1
user_02101,2024-03-21,2024-06-01,pro,writing,True,20,4,80,False,5,7.2
user_02102,2024-02-28,2024-06-01,free,general_qa,False,0,6,0,False,4,5.9
user_02103,2024-03-05,2024-06-01,pro,writing,True,25,6,150,False,4,4.6
user_02104,2024-03-18,2024-05-17,free,general_qa,False,0,2,0,True,6,18.4
user_02105,2024-02-19,2024-04-19,free,writing,False,0,2,0,True,8,4.9
user_02106,2024-03-24,2024-06-01,free,general_qa,False,0,12,0,False,5,3.6
user_02107,2024-02-17,2024-06-01,free,general_qa,False,0,10,0,False,8,2.6
user_02108,2024-03-05,2024-05-04,free,writing,False,0,2,0,True,7,3.7
user_02109,2024-03-19,2024-04-18,enterprise,data_analysis,True,75,1,75,True,7,1.4
user_02110,2024-01-06,2024-06-01,pro,coding,True,25,8,200,False,3,7.7
user_02111,2024-02-18,2024-06-01,pro,data_analysis,True,25,4,100,False,8,3.4
user_02112,2024-03-29,2024-06-01,free,general_qa,False,0,12,0,False,8,3.4
user_02113,2024-03-23,2024-06-01,free,writing,False,0,9,0,False,8,1.1
user_02114,2024-01-24,2024-06-01,free,data_analysis,False,0,8,0,False,9,1.2
user_02115,2024-03-26,2024-06-01,pro,coding,True,20,6,120,False,9,3.6
user_02116,2024-03-03,2024-06-01,free,data_analysis,False,0,6,0,False,9,4.1
user_02117,2024-01-02,2024-06-01,enterprise,data_analysis,True,75,6,450,False,5,2.2
user_02118,2024-02-19,2024-06-01,pro,coding,True,20,4,80,False,4,4.2
user_02119,2024-03-12,2024-06-01,pro,general_qa,True,25,8,200,False,6,12.8
user_02120,2024-03-01,2024-06-01,free,general_qa,False,0,6,0,False,9,3.3
user_02121,2024-03-12,2024-06-01,pro,writing,True,25,4,100,False,5,2.4
user_02122,2024-03-01,2024-05-30,free,writing,False,0,3,0,True,8,4.2
user_02123,2024-03-19,2024-06-01,free,writing,False,0,4,0,False,6,8.9
user_02124,2024-03-21,2024-06-01,free,coding,False,0,5,0,False,5,2.6
user_02125,2024-01-29,2024-03-29,free,general_qa,False,0,2,0,True,9,5.6
user_02126,2024-01-06,2024-05-05,pro,coding,True,20,4,80,True,6,9.8
user_02127,2024-03-14,2024-06-01,free,general_qa,False,0,3,0,False,7,4.9
user_02128,2024-03-20,2024-06-01,free,general_qa,False,0,8,0,False,9,5.6
user_02129,2024-02-06,2024-06-01,free,general_qa,False,0,4,0,False,4,3.6
user_02130,2024-03-08,2024-06-01,free,data_analysis,False,0,3,0,False,13,1.7
user_02131,2024-02-03,2024-05-03,free,writing,False,0,3,0,True,5,10.8
user_02132,2024-02-08,2024-06-01,free,writing,False,0,6,0,False,9,6.9
user_02133,2024-02-05,2024-04-05,pro,writing,True,25,2,50,True,2,8.2
user_02134,2024-03-03,2024-06-01,pro,data_analysis,True,25,4,100,False,4,10.6
user_02135,2024-03-18,2024-06-01,free,writing,False,0,10,0,False,10,3.4
user_02136,2024-01-13,2024-06-01,pro,data_analysis,True,25,6,150,False,9,1.8
user_02137,2024-01-27,2024-06-01,free,general_qa,False,0,7,0,False,6,5.6
user_02138,2024-01-19,2024-05-18,free,writing,False,0,4,0,True,7,8.0
user_02139,2024-03-03,2024-04-02,free,data_analysis,False,0,1,0,True,10,5.0
user_02140,2024-01-21,2024-04-20,free,coding,False,0,3,0,True,7,2.6
user_02141,2024-03-14,2024-04-13,free,general_qa,False,0,1,0,True,7,4.6
user_02142,2024-03-28,2024-06-01,free,data_analysis,False,0,12,0,False,9,3.0
user_02143,2024-01-20,2024-06-01,free,writing,False,0,8,0,False,3,6.9
user_02144,2024-02-03,2024-04-03,free,writing,False,0,2,0,True,6,3.0
user_02145,2024-02-11,2024-06-01,free,data_analysis,False,0,10,0,False,3,3.6
user_02146,2024-02-20,2024-05-20,enterprise,writing,True,50,3,150,True,9,2.6
user_02147,2024-03-25,2024-06-01,free,general_qa,False,0,11,0,False,8,5.0
user_02148,2024-03-02,2024-06-01,pro,data_analysis,True,30,4,120,False,11,3.0
user_02149,2024-03-03,2024-06-01,pro,data_analysis,True,20,4,80,False,7,7.2
user_02150,2024-03-04,2024-06-01,free,coding,False,0,5,0,False,14,4.6
user_02151,2024-03-20,2024-06-01,free,writing,False,0,5,0,False,5,3.7
user_02152,2024-03-29,2024-04-28,free,general_qa,False,0,1,0,True,8,1.6
user_02153,2024-02-01,2024-06-01,free,data_analysis,False,0,6,0,False,15,5.4
user_02154,2024-03-19,2024-06-01,free,writing,False,0,12,0,False,7,1.7
user_02155,2024-02-28,2024-03-29,pro,writing,True,20,1,20,True,6,5.6
user_02156,2024-01-13,2024-03-13,free,coding,False,0,2,0,True,8,3.9
user_02157,2024-01-10,2024-06-01,free,coding,False,0,8,0,False,5,2.0
user_02158,2024-02-07,2024-04-07,free,writing,False,0,2,0,True,7,6.1
user_02159,2024-01-24,2024-06-01,free,coding,False,0,5,0,False,7,5.9
user_02160,2024-03-22,2024-06-01,free,writing,False,0,5,0,False,7,6.1
user_02161,2024-03-06,2024-05-05,free,general_qa,False,0,2,0,True,8,3.8
user_02162,2024-02-13,2024-06-01,enterprise,data_analysis,True,75,5,375,False,9,14.1
user_02163,2024-02-12,2024-06-01,free,coding,False,0,12,0,False,8,8.5
user_02164,2024-03-21,2024-06-01,pro,writing,True,25,10,250,False,8,2.3
user_02165,2024-03-01,2024-06-01,pro,writing,True,20,4,80,False,5,4.5
user_02166,2024-01-27,2024-06-01,free,writing,False,0,10,0,False,7,6.1
user_02167,2024-03-12,2024-06-01,pro,coding,True,20,4,80,False,7,3.9
user_02168,2024-01-03,2024-05-02,pro,coding,True,20,4,80,True,4,4.1
user_02169,2024-02-21,2024-06-01,pro,general_qa,True,25,8,200,False,6,4.3
user_02170,2024-02-11,2024-06-01,free,writing,False,0,4,0,False,4,4.5
user_02171,2024-03-03,2024-06-01,pro,writing,True,25,4,100,False,14,10.1
user_02172,2024-03-23,2024-06-01,pro,writing,True,25,6,150,False,9,2.1
user_02173,2024-03-10,2024-06-01,free,general_qa,False,0,6,0,False,5,3.7
user_02174,2024-02-28,2024-06-01,free,data_analysis,False,0,4,0,False,8,5.3
user_02175,2024-02-06,2024-06-01,free,general_qa,False,0,7,0,False,9,6.3
user_02176,2024-03-29,2024-06-01,free,writing,False,0,9,0,False,5,4.0
user_02177,2024-03-30,2024-06-01,free,writing,False,0,8,0,False,10,4.8
user_02178,2024-03-06,2024-06-01,pro,coding,True,20,9,180,False,8,5.3
user_02179,2024-01-10,2024-06-01,free,general_qa,False,0,9,0,False,5,4.6
user_02180,2024-01-18,2024-05-17,free,general_qa,False,0,4,0,True,4,4.1
user_02181,2024-02-04,2024-06-01,free,writing,False,0,9,0,False,5,2.9
user_02182,2024-03-27,2024-06-01,free,writing,False,0,6,0,False,4,2.3
user_02183,2024-02-23,2024-06-01,free,writing,False,0,5,0,False,5,4.6
user_02184,2024-01-26,2024-03-26,free,general_qa,False,0,2,0,True,9,5.6
user_02185,2024-02-06,2024-05-06,pro,writing,True,20,3,60,True,10,2.9
user_02186,2024-01-11,2024-06-01,free,data_analysis,False,0,6,0,False,8,4.7
user_02187,2024-03-25,2024-06-01,free,writing,False,0,10,0,False,6,2.6
user_02188,2024-03-19,2024-06-01,free,general_qa,False,0,8,0,False,9,5.2
user_02189,2024-03-25,2024-06-01,pro,writing,True,20,11,220,False,12,4.9
user_02190,2024-03-08,2024-06-01,free,writing,False,0,6,0,False,7,3.9
user_02191,2024-01-06,2024-06-01,enterprise,writing,True,50,7,350,False,10,3.4
user_02192,2024-02-17,2024-06-01,enterprise,data_analysis,True,75,9,675,False,6,4.2
user_02193,2024-02-08,2024-06-01,free,data_analysis,False,0,5,0,False,4,4.2
user_02194,2024-02-11,2024-06-01,free,general_qa,False,0,7,0,False,11,4.2
user_02195,2024-03-28,2024-06-01,pro,data_analysis,True,25,3,75,False,6,8.0
user_02196,2024-02-28,2024-06-01,free,coding,False,0,5,0,False,8,6.6
user_02197,2024-01-25,2024-06-01,pro,writing,True,20,5,100,False,7,2.4
user_02198,2024-02-01,2024-05-31,free,writing,False,0,4,0,True,10,2.6
user_02199,2024-01-03,2024-04-02,free,general_qa,False,0,3,0,True,8,8.2
user_02200,2024-03-17,2024-05-16,free,writing,False,0,2,0,True,9,2.7
user_02201,2024-03-15,2024-05-14,free,data_analysis,False,0,2,0,True,6,4.5
user_02202,2024-02-15,2024-06-01,free,coding,False,0,9,0,False,10,2.9
user_02203,2024-01-07,2024-06-01,free,writing,False,0,6,0,False,3,5.8
user_02204,2024-02-15,2024-06-01,free,writing,False,0,6,0,False,4,3.3
user_02205,2024-03-25,2024-06-01,free,writing,False,0,6,0,False,7,7.3
user_02206,2024-02-23,2024-06-01,free,coding,False,0,11,0,False,5,2.0
user_02207,2024-01-23,2024-04-22,pro,coding,True,20,3,60,True,11,3.5
user_02208,2024-01-20,2024-04-19,pro,data_analysis,True,25,3,75,True,7,9.6
user_02209,2024-02-08,2024-06-01,pro,writing,True,30,5,150,False,6,2.5
user_02210,2024-02-26,2024-03-27,free,data_analysis,False,0,1,0,True,12,4.3
user_02211,2024-02-29,2024-06-01,free,coding,False,0,12,0,False,12,6.9
user_02212,2024-01-28,2024-03-28,free,writing,False,0,2,0,True,4,4.4
user_02213,2024-03-24,2024-06-01,pro,coding,True,20,3,60,False,3,17.2
user_02214,2024-03-06,2024-06-01,pro,writing,True,20,9,180,False,5,6.2
user_02215,2024-03-24,2024-06-01,pro,writing,True,20,6,120,False,7,3.1
user_02216,2024-02-23,2024-05-23,free,writing,False,0,3,0,True,7,4.2
user_02217,2024-02-04,2024-06-01,free,general_qa,False,0,4,0,False,5,2.6
user_02218,2024-03-23,2024-06-01,free,data_analysis,False,0,9,0,False,9,16.2
user_02219,2024-03-07,2024-06-01,pro,writing,True,30,3,90,False,4,3.4
user_02220,2024-02-11,2024-05-11,pro,data_analysis,True,20,3,60,True,8,6.8
user_02221,2024-01-18,2024-02-17,enterprise,coding,True,50,1,50,True,12,9.4
user_02222,2024-01-18,2024-02-17,free,writing,False,0,1,0,True,4,2.2
user_02223,2024-01-20,2024-06-01,free,writing,False,0,11,0,False,10,7.1
user_02224,2024-02-09,2024-06-01,pro,coding,True,25,4,100,False,5,7.2
user_02225,2024-01-19,2024-05-18,free,writing,False,0,4,0,True,5,6.4
user_02226,2024-03-22,2024-06-01,free,general_qa,False,0,5,0,False,6,12.7
user_02227,2024-03-15,2024-06-01,free,general_qa,False,0,5,0,False,4,2.7
user_02228,2024-03-30,2024-06-01,free,data_analysis,False,0,4,0,False,11,13.2
user_02229,2024-02-16,2024-06-01,free,general_qa,False,0,7,0,False,7,5.1
user_02230,2024-01-26,2024-06-01,free,general_qa,False,0,7,0,False,4,7.0
user_02231,2024-02-14,2024-06-01,pro,general_qa,True,25,6,150,False,6,4.1
user_02232,2024-02-25,2024-06-01,free,writing,False,0,8,0,False,10,7.9
user_02233,2024-02-24,2024-05-24,pro,coding,True,20,3,60,True,7,1.9
user_02234,2024-03-06,2024-06-01,enterprise,writing,True,50,8,400,False,6,6.5
user_02235,2024-01-19,2024-06-01,free,coding,False,0,5,0,False,9,4.0
user_02236,2024-03-11,2024-06-01,pro,data_analysis,True,20,11,220,False,7,1.4
user_02237,2024-02-23,2024-06-01,pro,coding,True,25,9,225,False,6,3.6
user_02238,2024-03-14,2024-05-13,free,coding,False,0,2,0,True,3,9.0
user_02239,2024-01-01,2024-05-30,pro,data_analysis,True,20,5,100,True,4,6.1
user_02240,2024-03-29,2024-06-01,free,data_analysis,False,0,10,0,False,5,2.1
user_02241,2024-01-17,2024-06-01,free,coding,False,0,5,0,False,4,3.2
user_02242,2024-02-04,2024-04-04,pro,general_qa,True,25,2,50,True,7,3.6
user_02243,2024-03-25,2024-04-24,free,coding,False,0,1,0,True,9,3.1
user_02244,2024-03-22,2024-05-21,free,general_qa,False,0,2,0,True,7,2.2
user_02245,2024-01-13,2024-06-01,free,writing,False,0,6,0,False,5,3.8
user_02246,2024-02-27,2024-05-27,pro,writing,True,25,3,75,True,5,3.3
user_02247,2024-02-21,2024-04-21,free,coding,False,0,2,0,True,9,1.6
user_02248,2024-02-25,2024-06-01,free,writing,False,0,8,0,False,7,1.5
user_02249,2024-01-26,2024-06-01,enterprise,writing,True,75,6,450,False,8,9.5
user_02250,2024-01-12,2024-03-12,free,writing,False,0,2,0,True,17,2.8
user_02251,2024-02-04,2024-05-04,pro,writing,True,20,3,60,True,5,1.4
user_02252,2024-02-19,2024-06-01,free,general_qa,False,0,12,0,False,8,3.9
user_02253,2024-02-24,2024-06-01,free,general_qa,False,0,7,0,False,6,2.7
user_02254,2024-02-22,2024-06-01,enterprise,general_qa,True,50,6,300,False,3,5.9
user_02255,2024-02-16,2024-04-16,pro,data_analysis,True,25,2,50,True,8,4.9
user_02256,2024-02-16,2024-06-01,enterprise,coding,True,75,6,450,False,4,7.8
user_02257,2024-03-23,2024-06-01,pro,data_analysis,True,20,9,180,False,6,5.0
user_02258,2024-02-13,2024-06-01,free,general_qa,False,0,8,0,False,7,2.2
user_02259,2024-03-23,2024-06-01,free,general_qa,False,0,4,0,False,12,4.0
user_02260,2024-01-12,2024-04-11,pro,data_analysis,True,20,3,60,True,9,2.3
user_02261,2024-02-17,2024-06-01,free,coding,False,0,4,0,False,5,4.6
user_02262,2024-01-06,2024-06-01,free,writing,False,0,6,0,False,8,7.8
user_02263,2024-02-14,2024-06-01,free,data_analysis,False,0,12,0,False,8,2.8
user_02264,2024-01-06,2024-04-05,free,general_qa,False,0,3,0,True,5,4.6
user_02265,2024-01-30,2024-06-01,free,coding,False,0,9,0,False,10,5.8
user_02266,2024-01-13,2024-05-12,free,general_qa,False,0,4,0,True,6,2.7
user_02267,2024-02-05,2024-06-01,free,data_analysis,False,0,9,0,False,5,7.9
user_02268,2024-03-19,2024-06-01,free,data_analysis,False,0,3,0,False,4,7.9
user_02269,2024-02-27,2024-06-01,pro,general_qa,True,25,5,125,False,10,6.7
user_02270,2024-02-08,2024-04-08,free,general_qa,False,0,2,0,True,7,17.0
user_02271,2024-01-17,2024-06-01,pro,writing,True,20,6,120,False,6,2.9
user_02272,2024-02-14,2024-06-01,pro,coding,True,20,12,240,False,3,2.4
user_02273,2024-02-12,2024-06-01,free,writing,False,0,7,0,False,7,16.3
user_02274,2024-02-08,2024-06-01,free,writing,False,0,7,0,False,10,11.2
user_02275,2024-03-29,2024-06-01,free,data_analysis,False,0,10,0,False,5,7.3
user_02276,2024-01-13,2024-05-12,pro,writing,True,20,4,80,True,7,6.5
user_02277,2024-03-23,2024-04-22,enterprise,writing,True,100,1,100,True,5,4.6
user_02278,2024-02-22,2024-04-22,free,coding,False,0,2,0,True,9,2.6
user_02279,2024-01-15,2024-06-01,free,coding,False,0,7,0,False,11,6.8
user_02280,2024-03-02,2024-05-31,free,writing,False,0,3,0,True,5,3.5
user_02281,2024-03-19,2024-06-01,pro,coding,True,25,6,150,False,7,4.5
user_02282,2024-03-22,2024-06-01,free,writing,False,0,7,0,False,8,7.0
user_02283,2024-02-20,2024-06-01,free,writing,False,0,6,0,False,8,2.9
user_02284,2024-03-13,2024-04-12,free,coding,False,0,1,0,True,7,3.2
user_02285,2024-03-18,2024-06-01,enterprise,writing,True,75,10,750,False,5,3.4
user_02286,2024-01-01,2024-03-01,free,coding,False,0,2,0,True,11,3.1
user_02287,2024-01-11,2024-02-10,pro,writing,True,20,1,20,True,4,2.5
user_02288,2024-03-26,2024-06-01,free,coding,False,0,8,0,False,13,2.2
user_02289,2024-02-23,2024-03-24,pro,writing,True,25,1,25,True,6,3.4
user_02290,2024-02-10,2024-04-10,free,writing,False,0,2,0,True,8,8.6
user_02291,2024-02-07,2024-06-01,free,writing,False,0,6,0,False,8,1.6
user_02292,2024-02-20,2024-05-20,pro,coding,True,20,3,60,True,4,3.1
user_02293,2024-01-10,2024-06-01,enterprise,writing,True,50,6,300,False,6,9.9
user_02294,2024-02-12,2024-05-12,free,writing,False,0,3,0,True,5,5.8
user_02295,2024-01-27,2024-06-01,free,coding,False,0,8,0,False,10,4.4
user_02296,2024-03-27,2024-06-01,enterprise,general_qa,True,100,8,800,False,9,2.5
user_02297,2024-03-04,2024-06-01,free,general_qa,False,0,7,0,False,7,9.1
user_02298,2024-01-31,2024-06-01,free,writing,False,0,6,0,False,8,3.3
user_02299,2024-03-11,2024-06-01,free,data_analysis,False,0,3,0,False,6,5.7
user_02300,2024-03-27,2024-06-01,pro,coding,True,25,4,100,False,9,7.8
user_02301,2024-01-29,2024-03-29,free,coding,False,0,2,0,True,10,4.9
user_02302,2024-01-18,2024-05-17,pro,writing,True,30,4,120,True,5,3.6
user_02303,2024-02-06,2024-05-06,pro,general_qa,True,30,3,90,True,10,1.7
user_02304,2024-01-05,2024-06-01,enterprise,general_qa,True,75,7,525,False,10,3.1
user_02305,2024-03-02,2024-06-01,pro,writing,True,25,6,150,False,8,3.3
user_02306,2024-01-12,2024-06-01,free,coding,False,0,6,0,False,12,2.2
user_02307,2024-01-16,2024-02-15,pro,writing,True,25,1,25,True,6,7.8
user_02308,2024-03-25,2024-06-01,free,general_qa,False,0,6,0,False,8,9.9
user_02309,2024-03-24,2024-06-01,pro,data_analysis,True,20,3,60,False,9,3.0
user_02310,2024-03-13,2024-06-01,enterprise,writing,True,50,7,350,False,4,11.3
user_02311,2024-02-01,2024-03-02,free,coding,False,0,1,0,True,8,4.6
user_02312,2024-03-11,2024-06-01,pro,writing,True,20,3,60,False,7,1.5
user_02313,2024-03-03,2024-06-01,pro,writing,True,25,4,100,False,8,3.5
user_02314,2024-02-05,2024-03-06,pro,writing,True,20,1,20,True,7,3.8
user_02315,2024-02-01,2024-06-01,free,writing,False,0,10,0,False,8,7.7
user_02316,2024-02-13,2024-06-01,enterprise,coding,True,75,12,900,False,8,6.4
user_02317,2024-03-20,2024-06-01,free,general_qa,False,0,12,0,False,3,7.9
user_02318,2024-01-13,2024-06-01,free,general_qa,False,0,12,0,False,9,15.1
user_02319,2024-01-21,2024-05-20,free,general_qa,False,0,4,0,True,9,6.7
user_02320,2024-01-28,2024-05-27,pro,general_qa,True,25,4,100,True,5,2.2
user_02321,2024-01-16,2024-04-15,free,coding,False,0,3,0,True,5,2.3
user_02322,2024-01-23,2024-06-01,free,coding,False,0,10,0,False,5,2.2
user_02323,2024-01-25,2024-02-24,free,data_analysis,False,0,1,0,True,9,3.9
user_02324,2024-03-19,2024-06-01,pro,general_qa,True,25,3,75,False,6,8.0
user_02325,2024-01-01,2024-06-01,free,data_analysis,False,0,8,0,False,5,9.2
user_02326,2024-01-17,2024-03-17,pro,general_qa,True,30,2,60,True,9,3.7
user_02327,2024-01-13,2024-06-01,pro,data_analysis,True,25,5,125,False,6,3.5
user_02328,2024-02-25,2024-06-01,free,writing,False,0,5,0,False,6,19.0
user_02329,2024-03-19,2024-06-01,free,writing,False,0,8,0,False,3,2.2
user_02330,2024-02-16,2024-06-01,pro,coding,True,20,11,220,False,12,14.4
user_02331,2024-02-25,2024-06-01,free,writing,False,0,7,0,False,5,3.6
user_02332,2024-02-23,2024-05-23,free,coding,False,0,3,0,True,7,6.8
user_02333,2024-03-05,2024-06-01,pro,data_analysis,True,25,8,200,False,3,1.6
user_02334,2024-01-28,2024-06-01,free,data_analysis,False,0,7,0,False,7,2.4
user_02335,2024-01-10,2024-06-01,enterprise,writing,True,50,8,400,False,5,6.5
user_02336,2024-01-22,2024-06-01,free,general_qa,False,0,11,0,False,10,5.4
user_02337,2024-03-25,2024-05-24,free,writing,False,0,2,0,True,6,5.0
user_02338,2024-03-25,2024-06-01,free,general_qa,False,0,8,0,False,8,6.2
user_02339,2024-01-01,2024-05-30,free,general_qa,False,0,5,0,True,7,2.5
user_02340,2024-01-30,2024-06-01,free,writing,False,0,6,0,False,7,4.4
user_02341,2024-02-13,2024-04-13,free,writing,False,0,2,0,True,5,2.8
user_02342,2024-03-22,2024-06-01,free,general_qa,False,0,5,0,False,3,2.3
user_02343,2024-01-17,2024-04-16,free,general_qa,False,0,3,0,True,8,3.5
user_02344,2024-01-02,2024-05-01,free,coding,False,0,4,0,True,5,4.1
user_02345,2024-02-20,2024-06-01,pro,coding,True,20,9,180,False,7,6.3
user_02346,2024-02-27,2024-06-01,free,writing,False,0,7,0,False,5,7.6
user_02347,2024-03-19,2024-06-01,free,data_analysis,False,0,8,0,False,8,5.9
user_02348,2024-03-04,2024-06-01,free,writing,False,0,12,0,False,10,5.7
user_02349,2024-01-07,2024-03-07,free,writing,False,0,2,0,True,7,7.5
user_02350,2024-01-26,2024-06-01,pro,data_analysis,True,20,5,100,False,5,4.2
user_02351,2024-01-15,2024-06-01,pro,coding,True,20,9,180,False,5,4.9
user_02352,2024-01-18,2024-06-01,pro,general_qa,True,20,7,140,False,10,3.4
user_02353,2024-03-05,2024-06-01,free,coding,False,0,10,0,False,3,5.9
user_02354,2024-03-07,2024-06-01,free,data_analysis,False,0,9,0,False,9,2.4
user_02355,2024-01-26,2024-06-01,free,general_qa,False,0,5,0,False,8,3.1
user_02356,2024-01-29,2024-06-01,free,data_analysis,False,0,11,0,False,7,8.8
user_02357,2024-01-20,2024-04-19,enterprise,coding,True,75,3,225,True,7,4.1
user_02358,2024-03-16,2024-06-01,free,data_analysis,False,0,3,0,False,8,5.7
user_02359,2024-02-08,2024-06-01,enterprise,writing,True,100,9,900,False,7,5.3
user_02360,2024-01-28,2024-05-27,pro,coding,True,20,4,80,True,7,2.8
user_02361,2024-03-12,2024-06-01,pro,writing,True,30,12,360,False,6,3.8
user_02362,2024-03-04,2024-05-03,pro,coding,True,25,2,50,True,6,4.2
user_02363,2024-02-18,2024-06-01,enterprise,coding,True,75,8,600,False,9,3.8
user_02364,2024-03-17,2024-05-16,free,general_qa,False,0,2,0,True,10,1.9
user_02365,2024-03-08,2024-04-07,free,data_analysis,False,0,1,0,True,4,8.3
user_02366,2024-01-12,2024-06-01,free,data_analysis,False,0,6,0,False,6,2.3
user_02367,2024-03-20,2024-06-01,free,general_qa,False,0,6,0,False,7,7.7
user_02368,2024-01-05,2024-06-01,free,writing,False,0,5,0,False,8,4.3
user_02369,2024-02-25,2024-06-01,free,writing,False,0,10,0,False,7,2.1
user_02370,2024-01-28,2024-06-01,free,general_qa,False,0,9,0,False,11,14.1
user_02371,2024-03-28,2024-06-01,free,data_analysis,False,0,9,0,False,4,5.2
user_02372,2024-01-04,2024-06-01,free,data_analysis,False,0,9,0,False,9,2.3
user_02373,2024-02-05,2024-05-05,pro,coding,True,20,3,60,True,9,3.4
user_02374,2024-01-05,2024-06-01,pro,general_qa,True,20,10,200,False,9,10.6
user_02375,2024-02-26,2024-06-01,enterprise,data_analysis,True,50,4,200,False,5,1.9
user_02376,2024-02-27,2024-06-01,pro,writing,True,20,5,100,False,10,3.3
user_02377,2024-02-08,2024-06-01,pro,writing,True,20,8,160,False,8,4.4
user_02378,2024-02-05,2024-06-01,free,general_qa,False,0,9,0,False,5,2.8
user_02379,2024-03-16,2024-06-01,free,general_qa,False,0,3,0,False,4,3.6
user_02380,2024-01-13,2024-04-12,free,data_analysis,False,0,3,0,True,10,6.3
user_02381,2024-02-04,2024-03-05,free,coding,False,0,1,0,True,10,8.8
user_02382,2024-02-18,2024-03-19,free,general_qa,False,0,1,0,True,10,5.1
user_02383,2024-03-07,2024-06-01,free,writing,False,0,3,0,False,7,6.3
user_02384,2024-03-27,2024-06-01,enterprise,data_analysis,True,75,9,675,False,8,3.4
user_02385,2024-01-25,2024-06-01,free,coding,False,0,5,0,False,4,1.9
user_02386,2024-01-28,2024-02-27,free,coding,False,0,1,0,True,10,14.0
user_02387,2024-01-11,2024-06-01,free,data_analysis,False,0,7,0,False,5,2.3
user_02388,2024-03-15,2024-06-01,free,general_qa,False,0,11,0,False,7,7.8
user_02389,2024-01-09,2024-04-08,free,coding,False,0,3,0,True,8,1.9
user_02390,2024-01-14,2024-06-01,enterprise,writing,True,50,9,450,False,10,2.4
user_02391,2024-01-31,2024-05-30,free,writing,False,0,4,0,True,9,5.0
user_02392,2024-02-28,2024-06-01,free,writing,False,0,7,0,False,8,1.7
user_02393,2024-02-04,2024-06-01,enterprise,general_qa,True,50,6,300,False,10,4.2
user_02394,2024-02-04,2024-06-01,pro,coding,True,20,9,180,False,4,8.1
user_02395,2024-01-28,2024-06-01,free,coding,False,0,8,0,False,4,5.7
user_02396,2024-02-25,2024-06-01,free,writing,False,0,5,0,False,8,8.3
user_02397,2024-03-20,2024-06-01,free,data_analysis,False,0,9,0,False,7,3.2
user_02398,2024-03-25,2024-06-01,pro,general_qa,True,20,5,100,False,10,15.3
user_02399,2024-03-09,2024-06-01,pro,writing,True,30,3,90,False,8,6.4
user_02400,2024-01-07,2024-02-06,free,data_analysis,False,0,1,0,True,8,8.7
user_02401,2024-03-27,2024-06-01,free,writing,False,0,9,0,False,6,2.9
user_02402,2024-02-14,2024-05-14,pro,writing,True,20,3,60,True,5,5.5
user_02403,2024-02-18,2024-06-01,free,data_analysis,False,0,6,0,False,3,5.1
user_02404,2024-03-20,2024-04-19,enterprise,general_qa,True,75,1,75,True,10,7.0
user_02405,2024-03-09,2024-06-01,free,data_analysis,False,0,3,0,False,5,7.7
user_02406,2024-03-05,2024-04-04,free,data_analysis,False,0,1,0,True,5,3.3
user_02407,2024-01-19,2024-06-01,free,writing,False,0,7,0,False,4,6.7
user_02408,2024-02-09,2024-06-01,enterprise,general_qa,True,75,8,600,False,6,1.7
user_02409,2024-02-19,2024-06-01,enterprise,general_qa,True,75,5,375,False,5,2.2
user_02410,2024-02-13,2024-06-01,free,coding,False,0,9,0,False,10,2.8
user_02411,2024-01-16,2024-06-01,pro,coding,True,20,7,140,False,10,5.1
user_02412,2024-01-14,2024-06-01,pro,coding,True,25,5,125,False,6,5.8
user_02413,2024-03-27,2024-06-01,free,coding,False,0,9,0,False,7,6.0
user_02414,2024-03-26,2024-06-01,free,general_qa,False,0,6,0,False,6,4.4
user_02415,2024-01-17,2024-04-16,free,writing,False,0,3,0,True,8,1.8
user_02416,2024-01-21,2024-06-01,enterprise,coding,True,50,8,400,False,3,8.8
user_02417,2024-02-03,2024-06-01,free,data_analysis,False,0,11,0,False,10,4.3
user_02418,2024-03-15,2024-06-01,pro,writing,True,20,8,160,False,9,12.5
user_02419,2024-02-20,2024-06-01,free,data_analysis,False,0,7,0,False,10,10.0
user_02420,2024-01-02,2024-06-01,pro,data_analysis,True,20,8,160,False,6,3.9
user_02421,2024-03-08,2024-06-01,pro,writing,True,20,8,160,False,6,5.4
user_02422,2024-02-24,2024-06-01,free,general_qa,False,0,9,0,False,15,2.9
user_02423,2024-01-26,2024-06-01,free,writing,False,0,9,0,False,6,5.0
user_02424,2024-03-24,2024-06-01,free,writing,False,0,9,0,False,10,7.7
user_02425,2024-01-28,2024-05-27,free,general_qa,False,0,4,0,True,8,4.2
user_02426,2024-02-17,2024-06-01,pro,coding,True,20,8,160,False,5,12.0
user_02427,2024-01-27,2024-06-01,free,data_analysis,False,0,8,0,False,7,2.5
user_02428,2024-01-18,2024-06-01,pro,coding,True,25,5,125,False,6,4.0
user_02429,2024-03-03,2024-06-01,pro,general_qa,True,20,6,120,False,5,7.5
user_02430,2024-03-06,2024-06-01,free,coding,False,0,3,0,False,5,3.9
user_02431,2024-02-15,2024-06-01,free,coding,False,0,9,0,False,6,3.7
user_02432,2024-02-08,2024-06-01,free,data_analysis,False,0,7,0,False,15,6.5
user_02433,2024-02-24,2024-05-24,free,data_analysis,False,0,3,0,True,4,3.7
user_02434,2024-01-23,2024-04-22,enterprise,data_analysis,True,75,3,225,True,9,5.8
user_02435,2024-02-02,2024-06-01,pro,coding,True,25,9,225,False,8,8.0
user_02436,2024-03-22,2024-06-01,pro,coding,True,20,6,120,False,7,5.2
user_02437,2024-03-21,2024-06-01,free,coding,False,0,9,0,False,8,3.9
user_02438,2024-02-08,2024-06-01,free,general_qa,False,0,7,0,False,4,11.7
user_02439,2024-03-27,2024-06-01,free,general_qa,False,0,6,0,False,6,5.6
user_02440,2024-03-19,2024-06-01,pro,general_qa,True,20,3,60,False,6,2.6
user_02441,2024-03-22,2024-06-01,enterprise,writing,True,100,6,600,False,8,3.3
user_02442,2024-01-15,2024-06-01,pro,writing,True,20,5,100,False,6,5.0
user_02443,2024-02-25,2024-06-01,free,writing,False,0,7,0,False,7,6.0
user_02444,2024-03-13,2024-05-12,free,writing,False,0,2,0,True,9,3.4
user_02445,2024-01-04,2024-02-03,free,writing,False,0,1,0,True,8,2.8
user_02446,2024-01-30,2024-06-01,pro,writing,True,20,6,120,False,9,5.4
user_02447,2024-02-24,2024-06-01,pro,general_qa,True,20,6,120,False,5,3.3
user_02448,2024-02-12,2024-06-01,free,writing,False,0,8,0,False,6,5.9
user_02449,2024-01-12,2024-06-01,free,data_analysis,False,0,9,0,False,6,2.6
user_02450,2024-03-18,2024-06-01,free,general_qa,False,0,7,0,False,8,2.5
user_02451,2024-02-23,2024-04-23,free,writing,False,0,2,0,True,8,4.9
user_02452,2024-02-27,2024-06-01,pro,general_qa,True,25,11,275,False,4,2.1
user_02453,2024-01-11,2024-06-01,pro,data_analysis,True,20,5,100,False,10,5.9
user_02454,2024-03-22,2024-06-01,free,writing,False,0,3,0,False,6,4.6
user_02455,2024-01-20,2024-06-01,enterprise,general_qa,True,75,5,375,False,11,10.5
user_02456,2024-03-29,2024-06-01,free,writing,False,0,6,0,False,5,2.0
user_02457,2024-01-22,2024-02-21,free,general_qa,False,0,1,0,True,5,9.4
user_02458,2024-02-06,2024-06-01,free,data_analysis,False,0,5,0,False,7,6.5
user_02459,2024-01-26,2024-06-01,pro,general_qa,True,20,6,120,False,5,6.3
user_02460,2024-01-06,2024-06-01,free,general_qa,False,0,5,0,False,10,1.5
user_02461,2024-03-26,2024-06-01,free,writing,False,0,3,0,False,6,5.5
user_02462,2024-01-09,2024-06-01,pro,data_analysis,True,20,8,160,False,9,6.4
user_02463,2024-03-09,2024-06-01,pro,general_qa,True,20,5,100,False,11,9.1
user_02464,2024-01-05,2024-06-01,enterprise,writing,True,75,6,450,False,4,3.4
user_02465,2024-01-27,2024-04-26,free,writing,False,0,3,0,True,6,5.2
user_02466,2024-02-12,2024-06-01,enterprise,writing,True,100,5,500,False,4,4.6
user_02467,2024-03-10,2024-05-09,free,general_qa,False,0,2,0,True,7,1.9
user_02468,2024-01-07,2024-06-01,free,data_analysis,False,0,9,0,False,6,4.0
user_02469,2024-01-18,2024-05-17,free,writing,False,0,4,0,True,6,8.4
user_02470,2024-01-19,2024-06-01,pro,writing,True,20,7,140,False,7,9.2
user_02471,2024-03-10,2024-06-01,pro,coding,True,30,4,120,False,6,2.2
user_02472,2024-01-16,2024-06-01,free,writing,False,0,7,0,False,7,1.6
user_02473,2024-03-11,2024-05-10,enterprise,writing,True,50,2,100,True,10,4.8
user_02474,2024-01-31,2024-06-01,free,coding,False,0,8,0,False,7,6.0
user_02475,2024-02-06,2024-04-06,free,coding,False,0,2,0,True,4,2.4
user_02476,2024-03-25,2024-06-01,pro,coding,True,20,4,80,False,5,4.1
user_02477,2024-03-13,2024-06-01,free,data_analysis,False,0,4,0,False,5,4.8
user_02478,2024-03-09,2024-05-08,pro,writing,True,30,2,60,True,6,10.4
user_02479,2024-02-28,2024-06-01,free,general_qa,False,0,6,0,False,7,2.3
user_02480,2024-03-11,2024-06-01,free,writing,False,0,6,0,False,7,3.5
user_02481,2024-02-05,2024-06-01,free,writing,False,0,7,0,False,5,8.1
user_02482,2024-01-07,2024-06-01,pro,general_qa,True,20,9,180,False,3,2.8
user_02483,2024-03-26,2024-06-01,free,writing,False,0,7,0,False,4,5.8
user_02484,2024-01-06,2024-04-05,pro,data_analysis,True,25,3,75,True,5,3.1
user_02485,2024-02-08,2024-05-08,pro,data_analysis,True,25,3,75,True,6,6.6
user_02486,2024-02-14,2024-06-01,free,general_qa,False,0,9,0,False,8,10.9
user_02487,2024-03-28,2024-06-01,free,writing,False,0,9,0,False,4,13.0
user_02488,2024-01-30,2024-06-01,pro,coding,True,20,8,160,False,8,3.3
user_02489,2024-01-22,2024-06-01,free,coding,False,0,5,0,False,7,8.4
user_02490,2024-03-27,2024-04-26,free,writing,False,0,1,0,True,4,5.6
user_02491,2024-02-23,2024-06-01,pro,data_analysis,True,25,4,100,False,6,1.5
user_02492,2024-03-14,2024-06-01,free,general_qa,False,0,7,0,False,9,3.2
user_02493,2024-03-15,2024-06-01,free,coding,False,0,3,0,False,6,8.1
user_02494,2024-02-02,2024-05-02,pro,general_qa,True,20,3,60,True,5,3.6
user_02495,2024-01-18,2024-02-17,free,coding,False,0,1,0,True,6,3.8
user_02496,2024-03-11,2024-05-10,free,coding,False,0,2,0,True,9,5.0
user_02497,2024-01-21,2024-06-01,free,data_analysis,False,0,7,0,False,9,9.7
user_02498,2024-02-29,2024-06-01,free,writing,False,0,4,0,False,8,3.0
user_02499,2024-01-25,2024-06-01,pro,writing,True,30,12,360,False,6,2.7
user_02500,2024-02-16,2024-06-01,free,coding,False,0,5,0,False,8,4.3
user_02501,2024-01-29,2024-06-01,enterprise,data_analysis,True,100,10,1000,False,10,7.2
user_02502,2024-03-13,2024-06-01,free,data_analysis,False,0,5,0,False,5,2.3
user_02503,2024-02-23,2024-06-01,pro,coding,True,25,4,100,False,5,4.4
user_02504,2024-02-25,2024-04-25,pro,writing,True,30,2,60,True,10,2.5
user_02505,2024-02-09,2024-04-09,pro,data_analysis,True,30,2,60,True,4,1.6
user_02506,2024-01-10,2024-06-01,pro,general_qa,True,25,12,300,False,6,8.2
user_02507,2024-02-17,2024-04-17,free,general_qa,False,0,2,0,True,4,8.0
user_02508,2024-03-18,2024-06-01,free,writing,False,0,6,0,False,5,6.2
user_02509,2024-03-13,2024-06-01,free,writing,False,0,10,0,False,7,3.3
user_02510,2024-01-26,2024-02-25,free,data_analysis,False,0,1,0,True,5,3.6
user_02511,2024-02-17,2024-06-01,free,writing,False,0,9,0,False,8,6.3
user_02512,2024-03-17,2024-06-01,free,data_analysis,False,0,12,0,False,6,2.1
user_02513,2024-03-23,2024-06-01,free,data_analysis,False,0,3,0,False,8,5.6
user_02514,2024-02-29,2024-06-01,pro,writing,True,30,10,300,False,5,8.5
user_02515,2024-02-08,2024-05-08,free,writing,False,0,3,0,True,7,6.4
user_02516,2024-03-29,2024-06-01,pro,writing,True,20,4,80,False,11,10.9
user_02517,2024-02-27,2024-06-01,free,data_analysis,False,0,6,0,False,7,9.1
user_02518,2024-03-17,2024-06-01,free,writing,False,0,6,0,False,7,5.1
user_02519,2024-01-06,2024-06-01,free,data_analysis,False,0,9,0,False,7,5.1
user_02520,2024-03-02,2024-05-01,free,writing,False,0,2,0,True,7,3.1
user_02521,2024-02-10,2024-06-01,pro,writing,True,30,5,150,False,6,3.2
user_02522,2024-01-31,2024-04-30,pro,writing,True,25,3,75,True,6,5.1
user_02523,2024-02-19,2024-06-01,pro,writing,True,30,11,330,False,6,5.5
user_02524,2024-01-20,2024-05-19,free,coding,False,0,4,0,True,7,9.9
user_02525,2024-02-03,2024-06-01,pro,data_analysis,True,25,10,250,False,6,4.2
user_02526,2024-01-05,2024-03-05,free,general_qa,False,0,2,0,True,7,5.0
user_02527,2024-01-16,2024-06-01,pro,coding,True,30,9,270,False,6,2.5
user_02528,2024-02-07,2024-03-08,free,general_qa,False,0,1,0,True,8,3.8
user_02529,2024-01-17,2024-06-01,pro,general_qa,True,25,12,300,False,11,7.9
user_02530,2024-01-19,2024-04-18,free,general_qa,False,0,3,0,True,10,5.8
user_02531,2024-01-11,2024-06-01,pro,coding,True,20,7,140,False,7,5.3
user_02532,2024-03-15,2024-06-01,free,general_qa,False,0,11,0,False,8,6.2
user_02533,2024-03-29,2024-06-01,free,general_qa,False,0,8,0,False,7,6.1
user_02534,2024-03-08,2024-06-01,free,general_qa,False,0,3,0,False,3,10.1
user_02535,2024-03-26,2024-06-01,free,data_analysis,False,0,4,0,False,6,4.6
user_02536,2024-02-10,2024-06-01,free,coding,False,0,4,0,False,8,10.0
user_02537,2024-01-29,2024-06-01,free,coding,False,0,12,0,False,10,3.9
user_02538,2024-01-28,2024-05-27,free,general_qa,False,0,4,0,True,3,1.5
user_02539,2024-01-04,2024-06-01,free,writing,False,0,7,0,False,4,3.3
user_02540,2024-02-12,2024-06-01,free,coding,False,0,4,0,False,9,2.8
user_02541,2024-01-20,2024-06-01,free,coding,False,0,7,0,False,3,3.9
user_02542,2024-02-10,2024-06-01,free,writing,False,0,8,0,False,9,4.2
user_02543,2024-02-23,2024-06-01,free,data_analysis,False,0,7,0,False,9,4.3
user_02544,2024-03-21,2024-06-01,free,writing,False,0,6,0,False,4,2.9
user_02545,2024-02-12,2024-03-13,free,writing,False,0,1,0,True,7,1.9
user_02546,2024-03-08,2024-05-07,pro,general_qa,True,20,2,40,True,10,7.2
user_02547,2024-02-25,2024-06-01,pro,writing,True,20,6,120,False,8,1.7
user_02548,2024-03-12,2024-06-01,free,writing,False,0,3,0,False,3,8.0
user_02549,2024-01-05,2024-06-01,free,coding,False,0,10,0,False,9,2.5
user_02550,2024-02-24,2024-04-24,free,coding,False,0,2,0,True,7,5.4
user_02551,2024-03-10,2024-06-01,pro,coding,True,20,5,100,False,6,8.0
user_02552,2024-03-15,2024-06-01,free,coding,False,0,3,0,False,5,7.5
user_02553,2024-01-02,2024-03-02,free,writing,False,0,2,0,True,8,6.0
user_02554,2024-02-15,2024-06-01,free,writing,False,0,6,0,False,6,2.1
user_02555,2024-02-12,2024-06-01,pro,coding,True,25,7,175,False,10,4.3
user_02556,2024-03-28,2024-06-01,free,writing,False,0,6,0,False,5,3.6
user_02557,2024-03-25,2024-06-01,pro,general_qa,True,25,6,150,False,10,3.1
user_02558,2024-03-03,2024-06-01,free,general_qa,False,0,5,0,False,11,6.0
user_02559,2024-03-01,2024-06-01,free,general_qa,False,0,7,0,False,6,1.5
user_02560,2024-01-25,2024-06-01,free,general_qa,False,0,8,0,False,8,10.0
user_02561,2024-02-09,2024-06-01,enterprise,writing,True,50,5,250,False,6,5.8
user_02562,2024-01-02,2024-06-01,enterprise,coding,True,100,8,800,False,5,3.7
user_02563,2024-01-08,2024-02-07,free,data_analysis,False,0,1,0,True,4,2.2
user_02564,2024-01-01,2024-06-01,pro,general_qa,True,20,7,140,False,6,2.8
user_02565,2024-02-08,2024-04-08,enterprise,general_qa,True,50,2,100,True,7,17.4
user_02566,2024-02-27,2024-04-27,free,writing,False,0,2,0,True,6,3.3
user_02567,2024-03-19,2024-06-01,free,data_analysis,False,0,7,0,False,14,3.3
user_02568,2024-03-06,2024-06-01,pro,general_qa,True,20,9,180,False,4,5.3
user_02569,2024-02-14,2024-04-14,free,data_analysis,False,0,2,0,True,6,2.6
user_02570,2024-02-03,2024-05-03,pro,coding,True,20,3,60,True,7,7.9
user_02571,2024-03-01,2024-04-30,pro,data_analysis,True,30,2,60,True,7,11.7
user_02572,2024-02-19,2024-06-01,free,writing,False,0,6,0,False,7,4.6
user_02573,2024-01-04,2024-06-01,free,writing,False,0,7,0,False,5,8.6
user_02574,2024-01-09,2024-02-08,pro,data_analysis,True,30,1,30,True,4,3.2
user_02575,2024-03-20,2024-05-19,free,writing,False,0,2,0,True,10,6.3
user_02576,2024-02-10,2024-06-01,free,general_qa,False,0,10,0,False,8,2.7
user_02577,2024-02-01,2024-05-01,free,data_analysis,False,0,3,0,True,14,8.7
user_02578,2024-02-13,2024-06-01,free,general_qa,False,0,4,0,False,6,5.0
user_02579,2024-02-25,2024-06-01,free,general_qa,False,0,4,0,False,2,3.1
user_02580,2024-01-29,2024-06-01,pro,general_qa,True,20,6,120,False,6,1.7
user_02581,2024-02-28,2024-06-01,enterprise,writing,True,100,7,700,False,6,6.4
user_02582,2024-03-07,2024-05-06,free,writing,False,0,2,0,True,4,3.6
user_02583,2024-02-25,2024-05-25,pro,coding,True,30,3,90,True,6,9.9
user_02584,2024-02-29,2024-06-01,free,general_qa,False,0,9,0,False,5,3.7
user_02585,2024-02-24,2024-06-01,free,coding,False,0,5,0,False,6,2.8
user_02586,2024-02-21,2024-06-01,enterprise,data_analysis,True,50,5,250,False,6,8.4
user_02587,2024-02-08,2024-06-01,free,general_qa,False,0,6,0,False,11,3.2
user_02588,2024-01-19,2024-06-01,free,writing,False,0,5,0,False,11,10.3
user_02589,2024-03-10,2024-06-01,enterprise,data_analysis,True,75,4,300,False,6,5.9
user_02590,2024-02-23,2024-04-23,pro,data_analysis,True,20,2,40,True,5,5.9
user_02591,2024-02-26,2024-04-26,free,data_analysis,False,0,2,0,True,5,5.0
user_02592,2024-03-08,2024-06-01,pro,general_qa,True,30,8,240,False,6,3.4
user_02593,2024-03-07,2024-06-01,free,writing,False,0,6,0,False,5,4.9
user_02594,2024-02-09,2024-06-01,pro,data_analysis,True,25,4,100,False,10,5.7
user_02595,2024-03-19,2024-06-01,pro,writing,True,20,6,120,False,6,2.6
user_02596,2024-03-18,2024-05-17,pro,coding,True,25,2,50,True,8,2.7
user_02597,2024-02-24,2024-04-24,free,writing,False,0,2,0,True,6,1.9
user_02598,2024-01-06,2024-06-01,free,general_qa,False,0,12,0,False,7,6.6
user_02599,2024-02-15,2024-06-01,free,data_analysis,False,0,12,0,False,8,8.1
user_02600,2024-01-11,2024-04-10,enterprise,writing,True,50,3,150,True,5,2.2
user_02601,2024-01-19,2024-06-01,pro,coding,True,25,6,150,False,5,1.8
user_02602,2024-01-08,2024-06-01,free,general_qa,False,0,5,0,False,8,2.7
user_02603,2024-03-25,2024-06-01,free,coding,False,0,10,0,False,5,8.2
user_02604,2024-01-30,2024-06-01,pro,data_analysis,True,25,7,175,False,10,6.6
user_02605,2024-03-05,2024-06-01,free,general_qa,False,0,7,0,False,6,2.6
user_02606,2024-02-12,2024-05-12,pro,data_analysis,True,25,3,75,True,7,8.0
user_02607,2024-02-14,2024-06-01,free,writing,False,0,5,0,False,8,4.3
user_02608,2024-02-03,2024-06-01,free,general_qa,False,0,4,0,False,8,3.6
user_02609,2024-01-27,2024-06-01,free,writing,False,0,8,0,False,7,4.1
user_02610,2024-01-27,2024-05-26,pro,data_analysis,True,30,4,120,True,8,4.3
user_02611,2024-03-03,2024-06-01,pro,data_analysis,True,20,6,120,False,7,10.6
user_02612,2024-03-24,2024-06-01,pro,general_qa,True,20,10,200,False,7,7.5
user_02613,2024-02-20,2024-05-20,pro,general_qa,True,20,3,60,True,7,3.3
user_02614,2024-01-25,2024-04-24,free,general_qa,False,0,3,0,True,4,8.6
user_02615,2024-03-28,2024-06-01,pro,data_analysis,True,30,3,90,False,9,4.7
user_02616,2024-03-10,2024-06-01,free,writing,False,0,10,0,False,5,1.3
user_02617,2024-03-17,2024-06-01,enterprise,data_analysis,True,75,10,750,False,4,6.1
user_02618,2024-02-05,2024-06-01,free,general_qa,False,0,9,0,False,13,5.7
user_02619,2024-02-09,2024-06-01,pro,data_analysis,True,20,11,220,False,7,4.8
user_02620,2024-02-17,2024-04-17,pro,coding,True,20,2,40,True,8,9.2
user_02621,2024-01-20,2024-06-01,free,coding,False,0,8,0,False,5,5.1
user_02622,2024-01-01,2024-05-30,pro,general_qa,True,20,5,100,True,5,5.4
user_02623,2024-03-16,2024-06-01,pro,coding,True,25,11,275,False,2,4.5
user_02624,2024-03-24,2024-06-01,pro,coding,True,20,4,80,False,5,1.7
user_02625,2024-02-23,2024-03-24,pro,coding,True,25,1,25,True,10,1.3
user_02626,2024-02-12,2024-06-01,free,general_qa,False,0,6,0,False,8,2.9
user_02627,2024-02-15,2024-06-01,free,general_qa,False,0,10,0,False,5,5.2
user_02628,2024-02-22,2024-06-01,free,general_qa,False,0,8,0,False,10,5.0
user_02629,2024-03-16,2024-05-15,free,writing,False,0,2,0,True,5,4.1
user_02630,2024-02-06,2024-06-01,free,coding,False,0,6,0,False,5,4.8
user_02631,2024-01-21,2024-06-01,pro,coding,True,25,8,200,False,10,6.6
user_02632,2024-02-05,2024-06-01,free,writing,False,0,9,0,False,7,2.5
user_02633,2024-03-08,2024-06-01,enterprise,coding,True,75,3,225,False,13,7.2
user_02634,2024-02-08,2024-03-09,free,coding,False,0,1,0,True,9,3.6
user_02635,2024-03-05,2024-06-01,pro,data_analysis,True,20,3,60,False,7,2.6
user_02636,2024-01-22,2024-06-01,pro,data_analysis,True,20,6,120,False,9,4.0
user_02637,2024-01-01,2024-06-01,enterprise,general_qa,True,75,8,600,False,4,2.9
user_02638,2024-02-01,2024-06-01,free,coding,False,0,5,0,False,8,3.3
user_02639,2024-03-23,2024-04-22,free,writing,False,0,1,0,True,9,6.2
user_02640,2024-01-28,2024-06-01,free,general_qa,False,0,6,0,False,6,5.6
user_02641,2024-03-02,2024-05-31,free,data_analysis,False,0,3,0,True,7,3.7
user_02642,2024-02-21,2024-06-01,pro,writing,True,25,4,100,False,11,2.8
user_02643,2024-03-18,2024-06-01,pro,data_analysis,True,20,5,100,False,6,3.0
user_02644,2024-02-23,2024-06-01,free,coding,False,0,10,0,False,6,1.9
user_02645,2024-01-23,2024-04-22,pro,general_qa,True,20,3,60,True,9,8.9
user_02646,2024-01-08,2024-03-08,free,general_qa,False,0,2,0,True,7,6.1
user_02647,2024-01-11,2024-06-01,pro,writing,True,25,6,150,False,6,3.9
user_02648,2024-02-03,2024-06-01,pro,coding,True,20,8,160,False,9,5.4
user_02649,2024-02-06,2024-06-01,free,writing,False,0,7,0,False,9,1.6
user_02650,2024-02-17,2024-06-01,free,coding,False,0,7,0,False,9,10.3
user_02651,2024-02-21,2024-06-01,free,writing,False,0,4,0,False,4,5.1
user_02652,2024-02-24,2024-06-01,enterprise,writing,True,50,4,200,False,7,5.7
user_02653,2024-01-31,2024-06-01,pro,data_analysis,True,25,7,175,False,8,1.8
user_02654,2024-03-27,2024-04-26,pro,coding,True,25,1,25,True,6,3.5
user_02655,2024-02-25,2024-05-25,pro,data_analysis,True,20,3,60,True,7,5.2
user_02656,2024-01-11,2024-06-01,pro,data_analysis,True,20,7,140,False,7,1.3
user_02657,2024-03-01,2024-06-01,enterprise,data_analysis,True,50,8,400,False,7,2.9
user_02658,2024-02-14,2024-05-14,free,general_qa,False,0,3,0,True,8,2.5
user_02659,2024-02-26,2024-03-27,free,data_analysis,False,0,1,0,True,6,1.9
user_02660,2024-03-30,2024-06-01,free,general_qa,False,0,4,0,False,6,4.9
user_02661,2024-01-22,2024-02-21,free,coding,False,0,1,0,True,6,11.1
user_02662,2024-01-16,2024-04-15,pro,general_qa,True,20,3,60,True,6,7.3
user_02663,2024-01-28,2024-06-01,free,data_analysis,False,0,8,0,False,7,10.4
user_02664,2024-02-15,2024-05-15,pro,writing,True,25,3,75,True,8,4.3
user_02665,2024-02-26,2024-06-01,enterprise,general_qa,True,75,4,300,False,9,2.7
user_02666,2024-02-20,2024-06-01,free,writing,False,0,5,0,False,4,7.0
user_02667,2024-02-05,2024-06-01,free,writing,False,0,7,0,False,5,4.8
user_02668,2024-02-12,2024-05-12,free,writing,False,0,3,0,True,6,5.8
user_02669,2024-03-25,2024-06-01,free,writing,False,0,8,0,False,9,7.0
user_02670,2024-01-30,2024-04-29,free,coding,False,0,3,0,True,8,2.1
user_02671,2024-02-20,2024-06-01,pro,writing,True,20,5,100,False,4,3.0
user_02672,2024-01-27,2024-05-26,pro,general_qa,True,20,4,80,True,7,6.5
user_02673,2024-02-08,2024-06-01,pro,writing,True,30,8,240,False,8,3.6
user_02674,2024-02-18,2024-06-01,free,coding,False,0,6,0,False,9,1.7
user_02675,2024-02-07,2024-05-07,enterprise,data_analysis,True,75,3,225,True,8,9.3
user_02676,2024-01-05,2024-06-01,free,general_qa,False,0,8,0,False,9,7.4
user_02677,2024-03-03,2024-06-01,pro,writing,True,20,12,240,False,5,5.8
user_02678,2024-03-20,2024-06-01,free,data_analysis,False,0,5,0,False,6,2.2
user_02679,2024-03-10,2024-06-01,free,general_qa,False,0,10,0,False,8,5.1
user_02680,2024-01-24,2024-06-01,free,general_qa,False,0,7,0,False,5,3.1
user_02681,2024-03-06,2024-05-05,pro,coding,True,20,2,40,True,5,4.0
user_02682,2024-01-16,2024-06-01,pro,general_qa,True,20,6,120,False,9,2.0
user_02683,2024-01-29,2024-06-01,free,general_qa,False,0,5,0,False,9,3.0
user_02684,2024-01-02,2024-05-01,pro,general_qa,True,25,4,100,True,7,1.8
user_02685,2024-01-04,2024-03-04,free,coding,False,0,2,0,True,6,4.3
user_02686,2024-03-07,2024-06-01,free,writing,False,0,5,0,False,4,1.8
user_02687,2024-01-24,2024-06-01,free,writing,False,0,5,0,False,5,6.1
user_02688,2024-01-17,2024-05-16,pro,writing,True,20,4,80,True,3,3.8
user_02689,2024-03-15,2024-06-01,free,coding,False,0,10,0,False,7,3.0
user_02690,2024-03-28,2024-06-01,free,coding,False,0,4,0,False,8,5.2
user_02691,2024-01-20,2024-06-01,pro,data_analysis,True,20,7,140,False,9,4.6
user_02692,2024-03-10,2024-06-01,free,writing,False,0,5,0,False,8,6.9
user_02693,2024-03-05,2024-06-01,free,coding,False,0,6,0,False,7,9.8
user_02694,2024-01-07,2024-06-01,pro,coding,True,20,6,120,False,7,6.8
user_02695,2024-03-11,2024-06-01,free,general_qa,False,0,4,0,False,8,2.2
user_02696,2024-01-24,2024-06-01,free,general_qa,False,0,5,0,False,12,6.1
user_02697,2024-02-19,2024-05-19,free,data_analysis,False,0,3,0,True,5,5.8
user_02698,2024-01-14,2024-06-01,enterprise,writing,True,75,10,750,False,13,3.5
user_02699,2024-03-29,2024-06-01,free,coding,False,0,4,0,False,7,2.6
user_02700,2024-03-26,2024-06-01,free,data_analysis,False,0,5,0,False,10,4.3
user_02701,2024-03-23,2024-06-01,enterprise,coding,True,100,8,800,False,9,1.4
user_02702,2024-03-12,2024-05-11,pro,data_analysis,True,25,2,50,True,5,4.2
user_02703,2024-02-16,2024-05-16,free,writing,False,0,3,0,True,10,13.5
user_02704,2024-02-21,2024-06-01,free,general_qa,False,0,4,0,False,7,3.6
user_02705,2024-02-20,2024-06-01,free,writing,False,0,10,0,False,5,6.7
user_02706,2024-02-03,2024-04-03,free,coding,False,0,2,0,True,6,5.3
user_02707,2024-02-03,2024-05-03,pro,coding,True,20,3,60,True,6,4.5
user_02708,2024-03-23,2024-06-01,free,coding,False,0,4,0,False,6,6.6
user_02709,2024-02-19,2024-04-19,free,writing,False,0,2,0,True,12,3.5
user_02710,2024-01-22,2024-06-01,free,writing,False,0,7,0,False,5,5.2
user_02711,2024-01-11,2024-06-01,free,coding,False,0,8,0,False,5,4.8
user_02712,2024-03-12,2024-06-01,free,data_analysis,False,0,12,0,False,5,4.8
user_02713,2024-01-02,2024-03-02,free,data_analysis,False,0,2,0,True,7,4.1
user_02714,2024-03-01,2024-06-01,free,writing,False,0,4,0,False,12,2.5
user_02715,2024-03-26,2024-06-01,free,general_qa,False,0,8,0,False,9,1.3
user_02716,2024-03-24,2024-06-01,free,general_qa,False,0,3,0,False,11,1.3
user_02717,2024-03-16,2024-05-15,free,writing,False,0,2,0,True,6,2.5
user_02718,2024-03-05,2024-06-01,free,writing,False,0,8,0,False,11,9.7
user_02719,2024-01-28,2024-03-28,pro,general_qa,True,20,2,40,True,8,7.0
user_02720,2024-03-20,2024-06-01,free,data_analysis,False,0,8,0,False,5,5.1
user_02721,2024-01-25,2024-06-01,free,coding,False,0,5,0,False,7,4.1
user_02722,2024-03-23,2024-04-22,free,general_qa,False,0,1,0,True,4,4.2
user_02723,2024-01-21,2024-06-01,free,coding,False,0,10,0,False,9,3.7
user_02724,2024-02-10,2024-06-01,enterprise,data_analysis,True,75,5,375,False,7,6.3
user_02725,2024-01-05,2024-06-01,pro,coding,True,30,6,180,False,11,6.7
user_02726,2024-02-23,2024-06-01,enterprise,general_qa,True,50,7,350,False,5,8.9
user_02727,2024-01-29,2024-06-01,free,coding,False,0,5,0,False,4,5.0
user_02728,2024-03-16,2024-06-01,pro,general_qa,True,20,3,60,False,10,8.5
user_02729,2024-02-12,2024-06-01,pro,writing,True,20,5,100,False,8,3.2
user_02730,2024-02-20,2024-06-01,enterprise,data_analysis,True,50,8,400,False,10,6.8
user_02731,2024-03-24,2024-06-01,free,coding,False,0,6,0,False,9,8.8
user_02732,2024-02-15,2024-06-01,pro,writing,True,20,5,100,False,9,1.1
user_02733,2024-01-01,2024-03-31,free,coding,False,0,3,0,True,11,2.5
user_02734,2024-03-17,2024-06-01,free,writing,False,0,5,0,False,7,7.8
user_02735,2024-02-24,2024-06-01,free,data_analysis,False,0,6,0,False,10,1.9
user_02736,2024-01-01,2024-06-01,free,writing,False,0,12,0,False,8,4.0
user_02737,2024-01-16,2024-06-01,free,coding,False,0,6,0,False,6,5.3
user_02738,2024-03-30,2024-06-01,pro,coding,True,20,4,80,False,10,2.0
user_02739,2024-02-20,2024-05-20,free,general_qa,False,0,3,0,True,7,7.5
user_02740,2024-02-22,2024-06-01,free,data_analysis,False,0,7,0,False,6,10.2
user_02741,2024-02-27,2024-06-01,free,writing,False,0,8,0,False,10,4.1
user_02742,2024-02-06,2024-06-01,free,writing,False,0,7,0,False,9,2.1
user_02743,2024-02-27,2024-06-01,enterprise,writing,True,50,7,350,False,5,8.6
user_02744,2024-02-28,2024-03-29,pro,data_analysis,True,30,1,30,True,10,4.9
user_02745,2024-01-27,2024-03-27,free,coding,False,0,2,0,True,8,5.5
user_02746,2024-02-29,2024-06-01,free,data_analysis,False,0,6,0,False,9,4.3
user_02747,2024-03-21,2024-06-01,enterprise,coding,True,75,3,225,False,6,7.7
user_02748,2024-02-03,2024-06-01,free,writing,False,0,9,0,False,5,6.7
user_02749,2024-02-08,2024-06-01,pro,general_qa,True,20,8,160,False,6,12.2
user_02750,2024-02-21,2024-06-01,free,writing,False,0,7,0,False,9,5.1
user_02751,2024-01-18,2024-04-17,free,data_analysis,False,0,3,0,True,5,2.3
user_02752,2024-03-01,2024-06-01,free,general_qa,False,0,8,0,False,6,4.2
user_02753,2024-01-30,2024-06-01,free,general_qa,False,0,9,0,False,3,3.5
user_02754,2024-01-03,2024-03-03,enterprise,general_qa,True,100,2,200,True,7,5.8
user_02755,2024-03-10,2024-05-09,free,writing,False,0,2,0,True,7,8.2
user_02756,2024-01-19,2024-05-18,free,general_qa,False,0,4,0,True,10,1.6
user_02757,2024-03-20,2024-06-01,free,writing,False,0,4,0,False,8,1.6
user_02758,2024-01-21,2024-03-21,enterprise,writing,True,100,2,200,True,7,3.9
user_02759,2024-01-20,2024-03-20,pro,coding,True,30,2,60,True,10,11.2
user_02760,2024-02-27,2024-05-27,free,general_qa,False,0,3,0,True,5,4.2
user_02761,2024-01-22,2024-02-21,free,coding,False,0,1,0,True,7,3.3
user_02762,2024-01-22,2024-06-01,free,coding,False,0,9,0,False,9,1.3
user_02763,2024-03-30,2024-05-29,pro,data_analysis,True,25,2,50,True,9,6.1
user_02764,2024-01-05,2024-04-04,free,data_analysis,False,0,3,0,True,6,2.3
user_02765,2024-03-14,2024-06-01,pro,general_qa,True,20,4,80,False,4,6.2
user_02766,2024-01-17,2024-04-16,free,writing,False,0,3,0,True,9,1.6
user_02767,2024-01-10,2024-06-01,enterprise,general_qa,True,50,5,250,False,13,5.7
user_02768,2024-01-24,2024-06-01,free,writing,False,0,6,0,False,7,11.3
user_02769,2024-01-26,2024-04-25,free,data_analysis,False,0,3,0,True,9,2.6
user_02770,2024-01-22,2024-06-01,free,general_qa,False,0,5,0,False,6,2.3
user_02771,2024-03-21,2024-06-01,pro,coding,True,20,6,120,False,5,9.8
user_02772,2024-01-23,2024-06-01,free,general_qa,False,0,5,0,False,7,4.5
user_02773,2024-02-18,2024-06-01,free,general_qa,False,0,11,0,False,9,3.8
user_02774,2024-02-05,2024-06-01,free,writing,False,0,8,0,False,7,11.8
user_02775,2024-02-13,2024-06-01,free,writing,False,0,4,0,False,10,2.3
user_02776,2024-03-30,2024-06-01,pro,general_qa,True,20,3,60,False,4,2.4
user_02777,2024-01-21,2024-02-20,free,writing,False,0,1,0,True,7,4.3
user_02778,2024-02-21,2024-04-21,free,coding,False,0,2,0,True,3,5.3
user_02779,2024-02-12,2024-06-01,free,coding,False,0,8,0,False,6,10.4
user_02780,2024-01-25,2024-02-24,free,general_qa,False,0,1,0,True,7,8.6
user_02781,2024-03-11,2024-06-01,enterprise,general_qa,True,75,3,225,False,7,6.1
user_02782,2024-01-09,2024-06-01,free,writing,False,0,6,0,False,7,1.2
user_02783,2024-01-17,2024-06-01,pro,data_analysis,True,25,5,125,False,3,4.0
user_02784,2024-02-09,2024-06-01,enterprise,coding,True,75,7,525,False,6,6.6
user_02785,2024-01-16,2024-04-15,pro,general_qa,True,20,3,60,True,3,5.6
user_02786,2024-03-04,2024-06-01,pro,writing,True,20,4,80,False,4,10.1
user_02787,2024-02-01,2024-06-01,pro,data_analysis,True,20,5,100,False,10,6.1
user_02788,2024-01-03,2024-03-03,free,writing,False,0,2,0,True,13,3.9
user_02789,2024-02-01,2024-06-01,enterprise,coding,True,75,12,900,False,6,4.3
user_02790,2024-01-31,2024-06-01,pro,writing,True,20,9,180,False,7,17.0
user_02791,2024-03-11,2024-04-10,free,data_analysis,False,0,1,0,True,11,2.0
user_02792,2024-01-17,2024-02-16,pro,writing,True,30,1,30,True,12,3.9
user_02793,2024-01-15,2024-06-01,free,data_analysis,False,0,10,0,False,7,2.7
user_02794,2024-02-05,2024-06-01,pro,writing,True,20,10,200,False,7,3.4
user_02795,2024-03-25,2024-05-24,free,general_qa,False,0,2,0,True,3,2.5
user_02796,2024-01-07,2024-04-06,free,coding,False,0,3,0,True,5,2.1
user_02797,2024-01-25,2024-03-25,pro,general_qa,True,25,2,50,True,4,1.3
user_02798,2024-03-27,2024-06-01,enterprise,writing,True,75,5,375,False,5,4.9
user_02799,2024-02-01,2024-05-01,free,general_qa,False,0,3,0,True,7,1.5
user_02800,2024-02-21,2024-06-01,free,coding,False,0,7,0,False,7,4.4
user_02801,2024-01-30,2024-06-01,free,coding,False,0,6,0,False,8,1.4
user_02802,2024-02-10,2024-06-01,pro,general_qa,True,25,8,200,False,10,7.0
user_02803,2024-01-17,2024-06-01,free,general_qa,False,0,10,0,False,5,4.8
user_02804,2024-01-21,2024-06-01,enterprise,general_qa,True,100,10,1000,False,10,2.0
user_02805,2024-01-24,2024-06-01,free,coding,False,0,12,0,False,5,4.3
user_02806,2024-01-06,2024-05-05,free,data_analysis,False,0,4,0,True,12,8.1
user_02807,2024-01-21,2024-03-21,free,data_analysis,False,0,2,0,True,6,10.2
user_02808,2024-03-06,2024-06-01,enterprise,coding,True,50,7,350,False,6,3.9
user_02809,2024-01-07,2024-05-06,free,coding,False,0,4,0,True,5,4.7
user_02810,2024-02-17,2024-05-17,free,writing,False,0,3,0,True,4,2.8
user_02811,2024-02-14,2024-06-01,free,writing,False,0,12,0,False,5,8.6
user_02812,2024-02-05,2024-06-01,free,general_qa,False,0,7,0,False,6,4.7
user_02813,2024-03-09,2024-06-01,pro,general_qa,True,20,3,60,False,2,3.2
user_02814,2024-01-20,2024-06-01,pro,writing,True,30,5,150,False,4,3.7
user_02815,2024-03-27,2024-06-01,free,general_qa,False,0,6,0,False,6,5.8
user_02816,2024-02-23,2024-06-01,enterprise,data_analysis,True,75,5,375,False,10,3.5
user_02817,2024-03-24,2024-06-01,pro,general_qa,True,20,5,100,False,8,4.2
user_02818,2024-01-24,2024-02-23,free,general_qa,False,0,1,0,True,4,7.4
user_02819,2024-02-05,2024-06-01,enterprise,writing,True,100,12,1200,False,6,1.6
user_02820,2024-03-04,2024-04-03,free,general_qa,False,0,1,0,True,4,3.5
user_02821,2024-01-11,2024-03-11,free,writing,False,0,2,0,True,6,3.2
user_02822,2024-01-26,2024-06-01,free,general_qa,False,0,6,0,False,7,4.6
user_02823,2024-01-25,2024-03-25,free,coding,False,0,2,0,True,3,9.7
user_02824,2024-03-13,2024-06-01,free,writing,False,0,9,0,False,7,3.4
user_02825,2024-03-29,2024-06-01,enterprise,data_analysis,True,75,10,750,False,8,3.6
user_02826,2024-02-14,2024-06-01,free,data_analysis,False,0,4,0,False,6,5.4
user_02827,2024-01-27,2024-06-01,pro,coding,True,20,6,120,False,3,3.8
user_02828,2024-01-31,2024-03-31,pro,general_qa,True,20,2,40,True,8,5.6
user_02829,2024-03-08,2024-06-01,free,data_analysis,False,0,3,0,False,5,2.8
user_02830,2024-01-01,2024-06-01,pro,writing,True,20,12,240,False,4,3.7
user_02831,2024-01-10,2024-03-10,free,coding,False,0,2,0,True,6,4.2
user_02832,2024-01-09,2024-06-01,free,coding,False,0,12,0,False,8,2.6
user_02833,2024-02-07,2024-06-01,pro,writing,True,30,7,210,False,6,7.3
user_02834,2024-03-29,2024-06-01,pro,writing,True,20,7,140,False,14,3.2
user_02835,2024-01-25,2024-03-25,free,coding,False,0,2,0,True,4,3.2
user_02836,2024-02-07,2024-06-01,free,data_analysis,False,0,6,0,False,6,4.5
user_02837,2024-03-18,2024-06-01,pro,coding,True,20,5,100,False,7,4.7
user_02838,2024-03-04,2024-06-01,free,general_qa,False,0,5,0,False,8,4.9
user_02839,2024-01-15,2024-06-01,free,general_qa,False,0,5,0,False,3,2.5
user_02840,2024-03-11,2024-06-01,free,general_qa,False,0,4,0,False,6,7.0
user_02841,2024-01-04,2024-06-01,enterprise,writing,True,100,9,900,False,5,3.0
user_02842,2024-02-12,2024-05-12,free,general_qa,False,0,3,0,True,10,4.5
user_02843,2024-01-15,2024-02-14,pro,coding,True,25,1,25,True,8,4.0
user_02844,2024-02-19,2024-05-19,enterprise,general_qa,True,75,3,225,True,5,3.3
user_02845,2024-03-27,2024-06-01,free,coding,False,0,4,0,False,12,3.9
user_02846,2024-03-18,2024-06-01,free,general_qa,False,0,3,0,False,12,4.7
user_02847,2024-03-07,2024-06-01,free,writing,False,0,6,0,False,6,3.4
user_02848,2024-01-04,2024-06-01,free,writing,False,0,7,0,False,9,2.5
user_02849,2024-03-03,2024-06-01,free,general_qa,False,0,8,0,False,8,4.3
user_02850,2024-01-18,2024-06-01,free,coding,False,0,8,0,False,6,4.7
user_02851,2024-03-11,2024-06-01,free,data_analysis,False,0,7,0,False,5,2.6
user_02852,2024-02-06,2024-06-01,free,writing,False,0,12,0,False,9,2.8
user_02853,2024-02-05,2024-06-01,enterprise,data_analysis,True,75,7,525,False,5,11.7
user_02854,2024-03-28,2024-05-27,free,general_qa,False,0,2,0,True,7,8.7
user_02855,2024-03-20,2024-06-01,pro,writing,True,25,9,225,False,5,2.4
user_02856,2024-03-24,2024-06-01,free,coding,False,0,8,0,False,10,2.6
user_02857,2024-03-04,2024-06-01,free,data_analysis,False,0,9,0,False,6,1.8
user_02858,2024-02-18,2024-06-01,pro,writing,True,30,7,210,False,5,4.4
user_02859,2024-02-17,2024-06-01,pro,coding,True,30,7,210,False,8,1.9
user_02860,2024-02-04,2024-04-04,free,writing,False,0,2,0,True,9,9.3
user_02861,2024-02-26,2024-06-01,free,general_qa,False,0,10,0,False,7,9.2
user_02862,2024-02-27,2024-03-28,enterprise,general_qa,True,100,1,100,True,6,7.4
user_02863,2024-02-20,2024-06-01,free,coding,False,0,4,0,False,9,13.7
user_02864,2024-03-08,2024-04-07,pro,writing,True,20,1,20,True,4,4.4
user_02865,2024-03-01,2024-05-30,free,coding,False,0,3,0,True,10,2.8
user_02866,2024-02-04,2024-06-01,pro,general_qa,True,20,8,160,False,10,4.5
user_02867,2024-02-17,2024-06-01,free,general_qa,False,0,12,0,False,5,5.9
user_02868,2024-01-10,2024-05-09,free,general_qa,False,0,4,0,True,6,4.4
user_02869,2024-01-31,2024-06-01,free,general_qa,False,0,7,0,False,8,1.3
user_02870,2024-03-08,2024-06-01,free,writing,False,0,5,0,False,8,6.0
user_02871,2024-02-02,2024-05-02,free,coding,False,0,3,0,True,8,4.2
user_02872,2024-03-15,2024-06-01,enterprise,coding,True,100,6,600,False,10,3.0
user_02873,2024-02-28,2024-04-28,free,coding,False,0,2,0,True,15,2.2
user_02874,2024-02-10,2024-06-01,pro,data_analysis,True,20,6,120,False,7,16.4
user_02875,2024-01-26,2024-05-25,pro,writing,True,20,4,80,True,3,3.3
user_02876,2024-03-23,2024-04-22,free,data_analysis,False,0,1,0,True,7,9.7
user_02877,2024-01-17,2024-05-16,pro,data_analysis,True,30,4,120,True,7,3.1
user_02878,2024-01-10,2024-06-01,pro,coding,True,30,9,270,False,7,5.9
user_02879,2024-03-27,2024-06-01,free,data_analysis,False,0,7,0,False,7,3.9
user_02880,2024-01-14,2024-06-01,pro,general_qa,True,25,5,125,False,11,7.2
user_02881,2024-01-15,2024-06-01,free,general_qa,False,0,5,0,False,11,13.1
user_02882,2024-02-08,2024-03-09,pro,data_analysis,True,25,1,25,True,6,1.6
user_02883,2024-03-18,2024-06-01,enterprise,general_qa,True,50,8,400,False,9,8.7
user_02884,2024-02-21,2024-06-01,free,writing,False,0,6,0,False,10,4.9
user_02885,2024-02-12,2024-06-01,free,general_qa,False,0,5,0,False,7,3.9
user_02886,2024-02-15,2024-06-01,free,coding,False,0,7,0,False,9,10.3
user_02887,2024-01-18,2024-06-01,pro,data_analysis,True,20,6,120,False,3,4.6
user_02888,2024-03-16,2024-06-01,free,coding,False,0,3,0,False,9,6.2
user_02889,2024-03-10,2024-06-01,pro,general_qa,True,25,5,125,False,10,2.3
user_02890,2024-02-08,2024-06-01,pro,data_analysis,True,25,7,175,False,3,6.9
user_02891,2024-02-09,2024-06-01,pro,writing,True,20,6,120,False,7,9.0
user_02892,2024-02-15,2024-06-01,free,general_qa,False,0,6,0,False,7,5.4
user_02893,2024-02-28,2024-04-28,free,writing,False,0,2,0,True,6,3.2
user_02894,2024-01-19,2024-03-19,free,writing,False,0,2,0,True,8,6.6
user_02895,2024-01-17,2024-02-16,free,writing,False,0,1,0,True,8,5.4
user_02896,2024-03-10,2024-06-01,pro,general_qa,True,20,4,80,False,12,7.0
user_02897,2024-03-19,2024-06-01,pro,general_qa,True,30,7,210,False,6,4.1
user_02898,2024-03-12,2024-06-01,free,coding,False,0,3,0,False,5,2.8
user_02899,2024-01-02,2024-02-01,pro,writing,True,20,1,20,True,4,1.5
user_02900,2024-03-08,2024-06-01,free,data_analysis,False,0,5,0,False,5,2.6
user_02901,2024-03-13,2024-06-01,pro,data_analysis,True,20,11,220,False,6,3.0
user_02902,2024-03-30,2024-06-01,pro,coding,True,20,8,160,False,7,3.9
user_02903,2024-03-15,2024-05-14,enterprise,general_qa,True,75,2,150,True,5,3.6
user_02904,2024-02-19,2024-06-01,pro,data_analysis,True,20,6,120,False,8,2.8
user_02905,2024-02-02,2024-06-01,pro,coding,True,25,10,250,False,7,1.9
user_02906,2024-03-22,2024-04-21,free,data_analysis,False,0,1,0,True,4,5.6
user_02907,2024-03-22,2024-06-01,free,writing,False,0,3,0,False,6,4.2
user_02908,2024-03-20,2024-05-19,enterprise,writing,True,75,2,150,True,6,3.6
user_02909,2024-01-05,2024-06-01,free,coding,False,0,8,0,False,7,6.6
user_02910,2024-01-28,2024-06-01,pro,general_qa,True,20,5,100,False,5,7.4
user_02911,2024-01-02,2024-06-01,pro,writing,True,20,12,240,False,4,11.6
user_02912,2024-02-21,2024-05-21,pro,writing,True,20,3,60,True,7,5.1
user_02913,2024-02-29,2024-03-30,free,coding,False,0,1,0,True,8,2.6
user_02914,2024-02-26,2024-06-01,free,coding,False,0,4,0,False,8,5.1
user_02915,2024-01-03,2024-06-01,pro,general_qa,True,25,5,125,True,6,2.0
user_02916,2024-02-05,2024-06-01,pro,general_qa,True,20,6,120,False,7,6.2
user_02917,2024-01-10,2024-06-01,pro,general_qa,True,20,5,100,False,6,10.9
user_02918,2024-03-14,2024-06-01,free,writing,False,0,8,0,False,8,4.7
user_02919,2024-03-05,2024-06-01,pro,writing,True,20,12,240,False,9,4.3
user_02920,2024-03-23,2024-06-01,free,coding,False,0,5,0,False,9,3.6
user_02921,2024-01-31,2024-05-30,free,data_analysis,False,0,4,0,True,10,1.1
user_02922,2024-01-02,2024-06-01,free,writing,False,0,7,0,False,5,5.3
user_02923,2024-03-22,2024-06-01,free,general_qa,False,0,8,0,False,4,2.3
user_02924,2024-01-28,2024-04-27,enterprise,coding,True,75,3,225,True,9,5.3
user_02925,2024-01-19,2024-03-19,free,data_analysis,False,0,2,0,True,9,1.9
user_02926,2024-02-17,2024-04-17,pro,data_analysis,True,25,2,50,True,10,3.3
user_02927,2024-01-18,2024-06-01,pro,coding,True,25,5,125,False,4,7.9
user_02928,2024-02-19,2024-05-19,free,writing,False,0,3,0,True,7,5.4
user_02929,2024-02-13,2024-06-01,pro,general_qa,True,20,12,240,False,5,2.7
user_02930,2024-03-24,2024-06-01,free,general_qa,False,0,9,0,False,5,7.4
user_02931,2024-02-19,2024-04-19,free,writing,False,0,2,0,True,12,4.0
user_02932,2024-03-20,2024-06-01,free,writing,False,0,4,0,False,6,6.2
user_02933,2024-01-29,2024-06-01,free,coding,False,0,5,0,False,9,2.8
user_02934,2024-02-15,2024-06-01,free,general_qa,False,0,6,0,False,9,6.7
user_02935,2024-03-12,2024-05-11,pro,coding,True,20,2,40,True,7,7.0
user_02936,2024-03-02,2024-05-01,free,data_analysis,False,0,2,0,True,9,1.8
user_02937,2024-02-25,2024-06-01,free,coding,False,0,7,0,False,11,8.4
user_02938,2024-03-17,2024-06-01,enterprise,general_qa,True,50,7,350,False,11,7.3
user_02939,2024-02-13,2024-06-01,enterprise,general_qa,True,50,7,350,False,7,2.1
user_02940,2024-03-06,2024-06-01,pro,general_qa,True,30,8,240,False,5,12.0
user_02941,2024-01-18,2024-06-01,free,data_analysis,False,0,8,0,False,10,13.9
user_02942,2024-02-05,2024-06-01,free,data_analysis,False,0,9,0,False,9,2.1
user_02943,2024-03-02,2024-06-01,free,writing,False,0,4,0,False,10,10.6
user_02944,2024-03-02,2024-05-31,free,coding,False,0,3,0,True,6,3.3
user_02945,2024-03-09,2024-05-08,pro,coding,True,25,2,50,True,8,3.6
user_02946,2024-01-27,2024-06-01,free,data_analysis,False,0,8,0,False,5,6.9
user_02947,2024-03-11,2024-06-01,pro,writing,True,20,4,80,False,5,3.8
user_02948,2024-03-13,2024-06-01,enterprise,data_analysis,True,50,7,350,False,12,7.0
user_02949,2024-02-19,2024-04-19,free,writing,False,0,2,0,True,9,5.5
user_02950,2024-02-08,2024-06-01,free,writing,False,0,4,0,False,9,6.2
user_02951,2024-03-17,2024-06-01,free,coding,False,0,5,0,False,10,6.1
user_02952,2024-03-14,2024-06-01,free,general_qa,False,0,5,0,False,10,3.9
user_02953,2024-01-09,2024-05-08,pro,general_qa,True,20,4,80,True,7,2.3
user_02954,2024-01-15,2024-03-15,pro,general_qa,True,20,2,40,True,7,5.0
user_02955,2024-01-29,2024-03-29,free,writing,False,0,2,0,True,8,11.7
user_02956,2024-03-20,2024-06-01,free,coding,False,0,10,0,False,6,3.2
user_02957,2024-01-06,2024-05-05,free,writing,False,0,4,0,True,6,4.5
user_02958,2024-03-07,2024-06-01,free,coding,False,0,4,0,False,10,7.2
user_02959,2024-02-28,2024-06-01,pro,coding,True,20,10,200,False,8,7.3
user_02960,2024-03-21,2024-06-01,free,data_analysis,False,0,9,0,False,6,3.8
user_02961,2024-01-30,2024-06-01,pro,data_analysis,True,20,5,100,False,8,4.2
user_02962,2024-03-02,2024-06-01,free,writing,False,0,5,0,False,8,6.8
user_02963,2024-01-03,2024-06-01,pro,general_qa,True,30,6,180,False,5,4.1
user_02964,2024-01-07,2024-06-01,free,writing,False,0,5,0,False,8,5.3
user_02965,2024-03-22,2024-06-01,free,data_analysis,False,0,6,0,False,4,6.4
user_02966,2024-01-06,2024-04-05,free,coding,False,0,3,0,True,6,9.5
user_02967,2024-01-09,2024-06-01,free,writing,False,0,12,0,False,4,2.5
user_02968,2024-02-10,2024-05-10,pro,general_qa,True,25,3,75,True,4,12.1
user_02969,2024-03-11,2024-06-01,pro,coding,True,20,6,120,False,5,7.7
user_02970,2024-02-10,2024-05-10,free,coding,False,0,3,0,True,5,5.0
user_02971,2024-03-30,2024-06-01,free,writing,False,0,10,0,False,10,4.9
user_02972,2024-03-27,2024-06-01,free,data_analysis,False,0,11,0,False,9,3.4
user_02973,2024-03-22,2024-06-01,free,general_qa,False,0,7,0,False,7,2.0
user_02974,2024-01-27,2024-02-26,pro,writing,True,20,1,20,True,5,4.6
user_02975,2024-01-17,2024-06-01,pro,general_qa,True,25,7,175,False,10,5.2
user_02976,2024-01-06,2024-02-05,free,coding,False,0,1,0,True,7,4.2
user_02977,2024-01-14,2024-03-14,enterprise,data_analysis,True,75,2,150,True,7,4.9
user_02978,2024-01-30,2024-06-01,pro,writing,True,20,12,240,False,9,3.0
user_02979,2024-02-24,2024-06-01,free,general_qa,False,0,4,0,False,8,2.9
user_02980,2024-02-01,2024-03-02,pro,coding,True,30,1,30,True,8,3.5
user_02981,2024-02-02,2024-05-02,free,writing,False,0,3,0,True,7,5.0
user_02982,2024-02-15,2024-06-01,free,data_analysis,False,0,4,0,False,5,1.7
user_02983,2024-03-25,2024-06-01,free,data_analysis,False,0,6,0,False,6,4.6
user_02984,2024-02-13,2024-06-01,free,writing,False,0,4,0,False,10,2.3
user_02985,2024-02-12,2024-05-12,free,coding,False,0,3,0,True,7,8.9
user_02986,2024-02-14,2024-06-01,pro,data_analysis,True,20,4,80,False,8,3.1
user_02987,2024-02-02,2024-05-02,pro,general_qa,True,20,3,60,True,8,4.4
user_02988,2024-01-13,2024-04-12,free,writing,False,0,3,0,True,6,2.6
user_02989,2024-01-20,2024-02-19,free,data_analysis,False,0,1,0,True,6,2.9
user_02990,2024-03-19,2024-06-01,pro,coding,True,30,9,270,False,6,2.2
user_02991,2024-02-28,2024-06-01,enterprise,coding,True,50,9,450,False,8,3.3
user_02992,2024-01-09,2024-06-01,free,coding,False,0,8,0,False,6,2.0
user_02993,2024-02-25,2024-06-01,free,coding,False,0,4,0,False,9,2.8
user_02994,2024-03-28,2024-06-01,free,general_qa,False,0,12,0,False,4,4.7
user_02995,2024-02-09,2024-06-01,free,writing,False,0,11,0,False,7,2.4
user_02996,2024-02-18,2024-06-01,free,coding,False,0,7,0,False,9,8.0
user_02997,2024-02-01,2024-04-01,pro,data_analysis,True,25,2,50,True,7,1.2
user_02998,2024-03-26,2024-06-01,enterprise,coding,True,50,8,400,False,9,3.2
user_02999,2024-02-16,2024-03-17,pro,general_qa,True,20,1,20,True,8,2.7
user_03000,2024-03-28,2024-04-27,enterprise,coding,True,75,1,75,True,7,6.0
user_03001,2024-03-03,2024-06-01,free,writing,False,0,9,0,False,2,6.2
user_03002,2024-01-02,2024-03-02,free,data_analysis,False,0,2,0,True,9,3.1
user_03003,2024-01-14,2024-03-14,pro,writing,True,20,2,40,True,5,8.5
user_03004,2024-03-01,2024-06-01,pro,writing,True,20,4,80,False,11,2.6
user_03005,2024-01-14,2024-06-01,pro,general_qa,True,30,6,180,False,8,2.1
user_03006,2024-01-12,2024-03-12,free,data_analysis,False,0,2,0,True,7,3.6
user_03007,2024-01-18,2024-06-01,pro,data_analysis,True,20,9,180,False,11,4.2
user_03008,2024-01-12,2024-04-11,free,general_qa,False,0,3,0,True,8,3.4
user_03009,2024-02-03,2024-06-01,free,writing,False,0,4,0,False,7,3.4
user_03010,2024-01-20,2024-06-01,free,coding,False,0,8,0,False,7,2.0
user_03011,2024-02-11,2024-06-01,free,data_analysis,False,0,7,0,False,10,3.5
user_03012,2024-02-24,2024-06-01,free,data_analysis,False,0,5,0,False,6,2.4
user_03013,2024-03-13,2024-06-01,free,writing,False,0,5,0,False,5,4.0
user_03014,2024-03-15,2024-06-01,free,data_analysis,False,0,4,0,False,9,3.6
user_03015,2024-01-26,2024-06-01,pro,writing,True,25,5,125,False,10,13.4
user_03016,2024-01-18,2024-06-01,free,coding,False,0,10,0,False,6,6.0
user_03017,2024-02-28,2024-04-28,enterprise,coding,True,75,2,150,True,7,1.7
user_03018,2024-02-12,2024-06-01,free,coding,False,0,4,0,False,10,8.1
user_03019,2024-02-04,2024-05-04,pro,general_qa,True,30,3,90,True,9,3.7
user_03020,2024-01-11,2024-06-01,free,coding,False,0,5,0,False,9,4.9
user_03021,2024-01-02,2024-03-02,free,coding,False,0,2,0,True,5,8.7
user_03022,2024-01-10,2024-06-01,enterprise,coding,True,100,8,800,False,2,9.1
user_03023,2024-03-29,2024-06-01,free,coding,False,0,3,0,False,6,7.0
user_03024,2024-03-30,2024-06-01,pro,data_analysis,True,30,5,150,False,7,11.2
user_03025,2024-02-16,2024-06-01,free,writing,False,0,4,0,False,8,3.4
user_03026,2024-02-10,2024-06-01,free,general_qa,False,0,6,0,False,10,4.9
user_03027,2024-01-22,2024-06-01,free,data_analysis,False,0,10,0,False,11,4.5
user_03028,2024-03-02,2024-06-01,free,general_qa,False,0,5,0,False,3,3.3
user_03029,2024-01-15,2024-03-15,pro,writing,True,20,2,40,True,7,2.5
user_03030,2024-01-11,2024-06-01,pro,general_qa,True,30,11,330,False,11,2.0
user_03031,2024-03-22,2024-06-01,pro,coding,True,30,9,270,False,7,6.6
user_03032,2024-03-09,2024-06-01,pro,writing,True,30,6,180,False,8,3.1
user_03033,2024-03-14,2024-06-01,pro,general_qa,True,20,5,100,False,6,7.8
user_03034,2024-01-14,2024-05-13,free,writing,False,0,4,0,True,6,4.5
user_03035,2024-03-20,2024-06-01,enterprise,coding,True,75,12,900,False,9,6.8
user_03036,2024-01-22,2024-04-21,pro,general_qa,True,30,3,90,True,8,3.3
user_03037,2024-01-31,2024-06-01,free,general_qa,False,0,5,0,False,8,2.0
user_03038,2024-01-14,2024-06-01,free,writing,False,0,7,0,False,3,8.8
user_03039,2024-02-27,2024-06-01,free,data_analysis,False,0,9,0,False,6,4.7
user_03040,2024-03-17,2024-06-01,enterprise,writing,True,50,5,250,False,9,10.8
user_03041,2024-02-27,2024-03-28,enterprise,general_qa,True,50,1,50,True,5,2.3
user_03042,2024-01-23,2024-06-01,free,writing,False,0,7,0,False,6,8.0
user_03043,2024-02-11,2024-06-01,enterprise,writing,True,100,4,400,False,7,10.2
user_03044,2024-03-01,2024-06-01,free,writing,False,0,6,0,False,9,6.7
user_03045,2024-03-09,2024-05-08,free,writing,False,0,2,0,True,9,7.5
user_03046,2024-02-08,2024-06-01,free,writing,False,0,5,0,False,10,6.9
user_03047,2024-03-28,2024-05-27,free,general_qa,False,0,2,0,True,8,3.4
user_03048,2024-02-04,2024-06-01,pro,general_qa,True,25,6,150,False,6,5.7
user_03049,2024-01-07,2024-06-01,free,writing,False,0,10,0,False,6,5.4
user_03050,2024-02-04,2024-06-01,free,writing,False,0,7,0,False,7,10.6
user_03051,2024-02-13,2024-06-01,free,data_analysis,False,0,8,0,False,10,8.9
user_03052,2024-03-29,2024-06-01,free,general_qa,False,0,3,0,False,7,7.2
user_03053,2024-03-28,2024-06-01,free,coding,False,0,12,0,False,4,6.5
user_03054,2024-02-19,2024-04-19,free,writing,False,0,2,0,True,7,4.9
user_03055,2024-03-12,2024-06-01,pro,coding,True,20,6,120,False,7,2.3
user_03056,2024-01-26,2024-06-01,free,coding,False,0,8,0,False,6,8.9
user_03057,2024-03-29,2024-05-28,free,writing,False,0,2,0,True,10,5.8
user_03058,2024-03-28,2024-06-01,free,general_qa,False,0,3,0,False,8,7.0
user_03059,2024-03-06,2024-06-01,pro,writing,True,20,9,180,False,7,4.1
user_03060,2024-01-26,2024-06-01,free,writing,False,0,6,0,False,12,5.7
user_03061,2024-02-01,2024-06-01,pro,writing,True,20,8,160,False,6,8.8
user_03062,2024-03-07,2024-06-01,pro,writing,True,20,9,180,False,9,2.9
user_03063,2024-01-31,2024-03-31,free,data_analysis,False,0,2,0,True,14,3.3
user_03064,2024-02-04,2024-06-01,free,general_qa,False,0,6,0,False,7,2.5
user_03065,2024-01-21,2024-04-20,free,data_analysis,False,0,3,0,True,8,10.2
user_03066,2024-01-31,2024-06-01,free,writing,False,0,5,0,False,8,4.9
user_03067,2024-02-29,2024-06-01,pro,writing,True,25,7,175,False,7,5.9
user_03068,2024-01-02,2024-06-01,free,general_qa,False,0,6,0,False,7,5.2
user_03069,2024-03-09,2024-06-01,pro,coding,True,30,7,210,False,2,2.7
user_03070,2024-02-23,2024-06-01,free,data_analysis,False,0,6,0,False,4,3.8
user_03071,2024-01-10,2024-06-01,enterprise,writing,True,50,5,250,False,11,3.3
user_03072,2024-02-25,2024-06-01,enterprise,writing,True,75,12,900,False,4,4.0
user_03073,2024-02-23,2024-06-01,free,writing,False,0,9,0,False,7,5.1
user_03074,2024-02-06,2024-06-01,free,coding,False,0,10,0,False,8,4.9
user_03075,2024-01-14,2024-03-14,free,coding,False,0,2,0,True,9,1.8
user_03076,2024-01-29,2024-06-01,free,writing,False,0,5,0,False,8,5.0
user_03077,2024-02-07,2024-06-01,enterprise,data_analysis,True,75,6,450,False,4,4.6
user_03078,2024-03-25,2024-06-01,pro,data_analysis,True,25,10,250,False,7,7.8
user_03079,2024-02-06,2024-06-01,pro,data_analysis,True,30,8,240,False,9,4.1
user_03080,2024-02-26,2024-06-01,free,writing,False,0,4,0,False,4,1.4
user_03081,2024-01-10,2024-03-10,free,coding,False,0,2,0,True,7,4.4
user_03082,2024-01-03,2024-06-01,pro,coding,True,20,11,220,False,6,5.8
user_03083,2024-03-27,2024-06-01,pro,general_qa,True,20,7,140,False,7,5.7
user_03084,2024-02-20,2024-04-20,free,data_analysis,False,0,2,0,True,7,2.0
user_03085,2024-03-10,2024-06-01,free,data_analysis,False,0,4,0,False,9,1.3
user_03086,2024-03-10,2024-06-01,enterprise,writing,True,50,9,450,False,5,6.5
user_03087,2024-01-08,2024-06-01,enterprise,data_analysis,True,75,7,525,False,9,11.4
user_03088,2024-03-16,2024-05-15,free,general_qa,False,0,2,0,True,10,2.5
user_03089,2024-03-13,2024-05-12,free,writing,False,0,2,0,True,3,6.3
user_03090,2024-03-01,2024-03-31,pro,coding,True,20,1,20,True,12,1.9
user_03091,2024-02-09,2024-06-01,free,writing,False,0,4,0,False,8,15.9
user_03092,2024-02-10,2024-06-01,pro,data_analysis,True,20,8,160,False,9,4.7
user_03093,2024-03-22,2024-06-01,free,general_qa,False,0,7,0,False,5,3.9
user_03094,2024-02-02,2024-06-01,pro,coding,True,20,5,100,False,10,5.8
user_03095,2024-02-21,2024-06-01,free,data_analysis,False,0,10,0,False,6,4.7
user_03096,2024-01-05,2024-06-01,free,general_qa,False,0,8,0,False,6,11.2
user_03097,2024-02-11,2024-05-11,free,general_qa,False,0,3,0,True,7,8.4
user_03098,2024-02-15,2024-06-01,pro,general_qa,True,25,10,250,False,9,6.9
user_03099,2024-03-13,2024-06-01,free,coding,False,0,8,0,False,3,2.4
user_03100,2024-03-24,2024-04-23,free,general_qa,False,0,1,0,True,6,11.9
user_03101,2024-03-12,2024-06-01,pro,writing,True,30,4,120,False,11,3.3
user_03102,2024-02-21,2024-06-01,free,data_analysis,False,0,5,0,False,8,4.7
user_03103,2024-02-01,2024-06-01,pro,writing,True,20,6,120,False,7,5.7
user_03104,2024-01-07,2024-06-01,free,general_qa,False,0,7,0,False,7,2.2
user_03105,2024-02-16,2024-06-01,pro,data_analysis,True,20,8,160,False,5,3.3
user_03106,2024-01-11,2024-04-10,free,writing,False,0,3,0,True,7,8.5
user_03107,2024-02-29,2024-05-29,free,general_qa,False,0,3,0,True,7,2.6
user_03108,2024-03-17,2024-06-01,free,general_qa,False,0,8,0,False,9,7.0
user_03109,2024-03-05,2024-06-01,free,general_qa,False,0,9,0,False,5,5.1
user_03110,2024-03-11,2024-06-01,free,general_qa,False,0,9,0,False,7,2.0
user_03111,2024-02-15,2024-06-01,pro,data_analysis,True,20,7,140,False,6,2.0
user_03112,2024-02-17,2024-04-17,pro,writing,True,25,2,50,True,7,7.8
user_03113,2024-03-20,2024-06-01,free,general_qa,False,0,3,0,False,7,2.4
user_03114,2024-01-07,2024-06-01,enterprise,general_qa,True,75,10,750,False,8,6.1
user_03115,2024-03-28,2024-06-01,pro,data_analysis,True,25,4,100,False,4,7.2
user_03116,2024-03-16,2024-06-01,free,coding,False,0,6,0,False,8,2.1
user_03117,2024-02-01,2024-06-01,pro,data_analysis,True,20,5,100,False,6,2.2
user_03118,2024-02-02,2024-05-02,pro,writing,True,20,3,60,True,7,3.0
user_03119,2024-01-06,2024-06-01,free,writing,False,0,7,0,False,10,3.0
user_03120,2024-03-05,2024-05-04,free,writing,False,0,2,0,True,10,6.8
user_03121,2024-03-02,2024-06-01,free,data_analysis,False,0,6,0,False,6,7.2
user_03122,2024-03-23,2024-06-01,free,coding,False,0,9,0,False,12,3.1
user_03123,2024-02-12,2024-06-01,pro,writing,True,30,7,210,False,5,6.8
user_03124,2024-01-04,2024-04-03,free,coding,False,0,3,0,True,8,2.2
user_03125,2024-02-21,2024-04-21,free,data_analysis,False,0,2,0,True,5,4.5
user_03126,2024-02-12,2024-06-01,pro,data_analysis,True,25,11,275,False,6,3.1
user_03127,2024-01-13,2024-05-12,free,writing,False,0,4,0,True,9,7.2
user_03128,2024-02-11,2024-05-11,free,data_analysis,False,0,3,0,True,3,4.4
user_03129,2024-01-12,2024-06-01,free,writing,False,0,9,0,False,7,5.3
user_03130,2024-03-20,2024-06-01,enterprise,general_qa,True,50,3,150,False,7,4.7
user_03131,2024-02-22,2024-06-01,free,writing,False,0,5,0,False,11,9.2
user_03132,2024-02-28,2024-03-29,pro,writing,True,20,1,20,True,6,7.4
user_03133,2024-02-07,2024-06-01,pro,data_analysis,True,20,10,200,False,11,10.5
user_03134,2024-03-23,2024-06-01,pro,writing,True,25,8,200,False,5,10.1
user_03135,2024-03-01,2024-06-01,free,general_qa,False,0,7,0,False,7,4.7
user_03136,2024-01-04,2024-04-03,free,general_qa,False,0,3,0,True,7,12.1
user_03137,2024-03-06,2024-06-01,pro,general_qa,True,25,6,150,False,7,5.1
user_03138,2024-01-19,2024-06-01,free,writing,False,0,12,0,False,6,3.4
user_03139,2024-03-20,2024-05-19,pro,writing,True,20,2,40,True,9,1.9
user_03140,2024-02-23,2024-06-01,free,general_qa,False,0,10,0,False,8,9.4
user_03141,2024-02-28,2024-06-01,free,coding,False,0,8,0,False,9,3.3
user_03142,2024-02-12,2024-06-01,free,writing,False,0,7,0,False,3,6.5
user_03143,2024-01-30,2024-04-29,free,coding,False,0,3,0,True,7,5.7
user_03144,2024-01-07,2024-06-01,pro,coding,True,20,5,100,False,8,5.0
user_03145,2024-03-01,2024-06-01,pro,data_analysis,True,20,6,120,False,6,2.9
user_03146,2024-01-23,2024-04-22,free,general_qa,False,0,3,0,True,7,4.6
user_03147,2024-02-21,2024-06-01,free,writing,False,0,5,0,False,4,7.1
user_03148,2024-03-08,2024-06-01,free,data_analysis,False,0,3,0,False,9,5.1
user_03149,2024-03-28,2024-06-01,free,coding,False,0,11,0,False,5,10.1
user_03150,2024-02-13,2024-06-01,free,writing,False,0,7,0,False,6,1.7
user_03151,2024-03-06,2024-05-05,enterprise,general_qa,True,75,2,150,True,12,3.4
user_03152,2024-01-30,2024-06-01,free,writing,False,0,12,0,False,8,4.1
user_03153,2024-01-07,2024-02-06,enterprise,writing,True,75,1,75,True,10,4.3
user_03154,2024-02-05,2024-06-01,free,coding,False,0,6,0,False,6,3.3
user_03155,2024-03-22,2024-06-01,free,coding,False,0,4,0,False,6,1.4
user_03156,2024-01-09,2024-06-01,free,general_qa,False,0,5,0,False,10,10.1
user_03157,2024-01-27,2024-06-01,free,coding,False,0,8,0,False,7,3.4
user_03158,2024-02-22,2024-03-23,pro,writing,True,30,1,30,True,7,4.9
user_03159,2024-02-07,2024-06-01,pro,data_analysis,True,20,4,80,False,9,7.9
user_03160,2024-02-15,2024-06-01,pro,coding,True,20,5,100,False,6,2.9
user_03161,2024-01-20,2024-06-01,free,general_qa,False,0,10,0,False,8,10.2
user_03162,2024-01-27,2024-04-26,free,data_analysis,False,0,3,0,True,7,4.1
user_03163,2024-01-28,2024-05-27,free,general_qa,False,0,4,0,True,10,4.5
user_03164,2024-01-06,2024-02-05,free,coding,False,0,1,0,True,7,5.5
user_03165,2024-01-10,2024-04-09,pro,coding,True,20,3,60,True,6,9.3
user_03166,2024-01-17,2024-06-01,pro,data_analysis,True,20,7,140,False,7,5.9
user_03167,2024-02-14,2024-06-01,pro,writing,True,20,4,80,False,5,3.3
user_03168,2024-01-26,2024-06-01,free,data_analysis,False,0,8,0,False,5,4.4
user_03169,2024-02-05,2024-06-01,free,writing,False,0,4,0,False,6,4.9
user_03170,2024-02-14,2024-03-15,pro,data_analysis,True,30,1,30,True,8,5.3
user_03171,2024-03-26,2024-06-01,pro,writing,True,20,4,80,False,5,7.9
user_03172,2024-02-27,2024-06-01,pro,writing,True,20,7,140,False,7,5.2
user_03173,2024-03-20,2024-06-01,free,coding,False,0,5,0,False,11,5.6
user_03174,2024-01-20,2024-06-01,free,coding,False,0,7,0,False,8,7.5
user_03175,2024-03-06,2024-06-01,free,data_analysis,False,0,11,0,False,5,8.7
user_03176,2024-02-09,2024-06-01,free,general_qa,False,0,5,0,False,3,2.9
user_03177,2024-01-16,2024-06-01,free,general_qa,False,0,7,0,False,3,3.9
user_03178,2024-03-14,2024-05-13,free,general_qa,False,0,2,0,True,4,1.7
user_03179,2024-03-06,2024-06-01,free,writing,False,0,8,0,False,5,7.4
user_03180,2024-02-06,2024-06-01,pro,general_qa,True,30,6,180,False,6,7.0
user_03181,2024-02-15,2024-06-01,pro,coding,True,30,4,120,False,10,11.5
user_03182,2024-02-20,2024-05-20,pro,data_analysis,True,30,3,90,True,5,6.4
user_03183,2024-01-03,2024-06-01,enterprise,coding,True,50,6,300,False,9,3.5
user_03184,2024-02-19,2024-06-01,free,general_qa,False,0,6,0,False,7,4.4
user_03185,2024-01-28,2024-06-01,free,coding,False,0,6,0,False,7,18.8
user_03186,2024-01-24,2024-06-01,free,data_analysis,False,0,8,0,False,8,9.0
user_03187,2024-02-23,2024-06-01,free,writing,False,0,11,0,False,5,4.0
user_03188,2024-01-11,2024-06-01,free,general_qa,False,0,12,0,False,11,8.1
user_03189,2024-02-01,2024-06-01,free,general_qa,False,0,6,0,False,6,2.5
user_03190,2024-03-09,2024-06-01,pro,data_analysis,True,25,5,125,False,6,3.3
user_03191,2024-02-13,2024-04-13,free,writing,False,0,2,0,True,3,6.3
user_03192,2024-01-30,2024-06-01,free,general_qa,False,0,6,0,False,9,7.7
user_03193,2024-01-01,2024-06-01,free,writing,False,0,11,0,False,8,7.6
user_03194,2024-02-07,2024-05-07,free,general_qa,False,0,3,0,True,9,4.6
user_03195,2024-01-05,2024-06-01,free,coding,False,0,8,0,False,9,4.9
user_03196,2024-01-19,2024-06-01,free,data_analysis,False,0,6,0,False,6,2.5
user_03197,2024-02-01,2024-05-01,free,data_analysis,False,0,3,0,True,5,2.7
user_03198,2024-02-03,2024-06-01,free,data_analysis,False,0,7,0,False,4,3.4
user_03199,2024-02-20,2024-06-01,pro,coding,True,20,8,160,False,3,7.1
user_03200,2024-03-04,2024-06-01,pro,data_analysis,True,25,7,175,False,6,5.8
user_03201,2024-01-26,2024-02-25,free,coding,False,0,1,0,True,7,3.7
user_03202,2024-01-24,2024-06-01,pro,coding,True,20,8,160,False,7,14.4
user_03203,2024-01-16,2024-06-01,enterprise,data_analysis,True,50,8,400,False,5,2.7
user_03204,2024-03-22,2024-05-21,enterprise,general_qa,True,100,2,200,True,6,6.1
user_03205,2024-01-27,2024-06-01,free,data_analysis,False,0,6,0,False,8,5.1
user_03206,2024-02-08,2024-06-01,pro,coding,True,20,5,100,False,4,3.3
user_03207,2024-01-24,2024-06-01,pro,general_qa,True,25,8,200,False,8,5.2
user_03208,2024-01-08,2024-06-01,free,coding,False,0,9,0,False,5,4.9
user_03209,2024-01-18,2024-06-01,free,writing,False,0,7,0,False,8,5.0
user_03210,2024-03-03,2024-06-01,free,writing,False,0,8,0,False,6,6.2
user_03211,2024-02-21,2024-06-01,free,writing,False,0,9,0,False,4,2.6
user_03212,2024-03-19,2024-06-01,free,coding,False,0,5,0,False,6,5.8
user_03213,2024-01-29,2024-06-01,free,general_qa,False,0,7,0,False,3,10.2
user_03214,2024-01-13,2024-04-12,pro,writing,True,30,3,90,True,11,3.2
user_03215,2024-01-26,2024-06-01,pro,writing,True,30,11,330,False,5,3.3
user_03216,2024-01-25,2024-06-01,free,data_analysis,False,0,11,0,False,8,5.9
user_03217,2024-01-02,2024-04-01,enterprise,writing,True,75,3,225,True,6,4.4
user_03218,2024-01-14,2024-06-01,enterprise,data_analysis,True,50,9,450,False,8,10.3
user_03219,2024-01-22,2024-04-21,free,writing,False,0,3,0,True,5,10.7
user_03220,2024-02-13,2024-04-13,free,coding,False,0,2,0,True,5,6.8
user_03221,2024-03-01,2024-05-30,free,writing,False,0,3,0,True,3,2.4
user_03222,2024-01-06,2024-06-01,enterprise,writing,True,100,9,900,False,6,11.8
user_03223,2024-01-18,2024-06-01,free,general_qa,False,0,9,0,False,7,5.4
user_03224,2024-01-07,2024-03-07,pro,general_qa,True,30,2,60,True,2,3.5
user_03225,2024-03-28,2024-06-01,free,writing,False,0,11,0,False,10,6.7
user_03226,2024-02-03,2024-03-04,pro,writing,True,25,1,25,True,5,6.1
user_03227,2024-03-05,2024-06-01,free,general_qa,False,0,11,0,False,6,1.2
user_03228,2024-02-26,2024-06-01,free,writing,False,0,5,0,False,5,3.8
user_03229,2024-03-08,2024-06-01,free,writing,False,0,6,0,False,9,1.9
user_03230,2024-03-16,2024-06-01,free,general_qa,False,0,5,0,False,6,3.4
user_03231,2024-03-14,2024-06-01,pro,writing,True,20,5,100,False,6,2.2
user_03232,2024-01-29,2024-06-01,free,writing,False,0,8,0,False,10,5.3
user_03233,2024-03-08,2024-06-01,free,general_qa,False,0,8,0,False,8,9.8
user_03234,2024-02-25,2024-06-01,pro,writing,True,30,5,150,False,8,6.4
user_03235,2024-03-06,2024-06-01,pro,data_analysis,True,20,4,80,False,5,2.9
user_03236,2024-03-09,2024-06-01,pro,general_qa,True,25,8,200,False,6,4.3
user_03237,2024-02-13,2024-05-13,pro,writing,True,20,3,60,True,6,7.2
user_03238,2024-01-04,2024-05-03,free,writing,False,0,4,0,True,7,3.9
user_03239,2024-02-23,2024-06-01,free,coding,False,0,5,0,False,7,17.9
user_03240,2024-01-09,2024-04-08,enterprise,coding,True,75,3,225,True,7,5.3
user_03241,2024-01-24,2024-06-01,free,general_qa,False,0,11,0,False,9,7.1
user_03242,2024-01-08,2024-03-08,free,writing,False,0,2,0,True,6,10.2
user_03243,2024-02-14,2024-06-01,pro,coding,True,25,11,275,False,7,10.1
user_03244,2024-02-06,2024-06-01,free,coding,False,0,7,0,False,7,3.1
user_03245,2024-01-03,2024-06-01,free,data_analysis,False,0,8,0,False,4,4.2
user_03246,2024-01-04,2024-06-01,pro,coding,True,25,7,175,False,3,7.2
user_03247,2024-02-05,2024-06-01,pro,coding,True,25,7,175,False,12,2.7
user_03248,2024-02-25,2024-03-26,free,data_analysis,False,0,1,0,True,9,9.8
user_03249,2024-01-05,2024-04-04,pro,writing,True,20,3,60,True,3,4.2
user_03250,2024-03-11,2024-06-01,free,writing,False,0,4,0,False,10,1.7
user_03251,2024-01-28,2024-05-27,pro,coding,True,25,4,100,True,4,5.6
user_03252,2024-01-08,2024-06-01,free,data_analysis,False,0,9,0,False,8,6.4
user_03253,2024-03-07,2024-06-01,pro,coding,True,30,3,90,False,9,7.9
user_03254,2024-02-23,2024-06-01,free,writing,False,0,6,0,False,8,1.9
user_03255,2024-03-26,2024-06-01,pro,general_qa,True,25,5,125,False,9,1.8
user_03256,2024-03-25,2024-06-01,free,general_qa,False,0,3,0,False,5,4.8
user_03257,2024-03-15,2024-06-01,pro,data_analysis,True,20,6,120,False,8,1.4
user_03258,2024-01-14,2024-06-01,free,general_qa,False,0,7,0,False,7,3.1
user_03259,2024-02-09,2024-06-01,free,writing,False,0,8,0,False,6,4.8
user_03260,2024-03-01,2024-05-30,pro,writing,True,20,3,60,True,7,7.3
user_03261,2024-02-22,2024-06-01,free,writing,False,0,6,0,False,8,3.7
user_03262,2024-02-14,2024-06-01,free,coding,False,0,11,0,False,5,4.7
user_03263,2024-03-25,2024-06-01,free,coding,False,0,6,0,False,4,8.5
user_03264,2024-03-03,2024-06-01,free,coding,False,0,10,0,False,8,6.3
user_03265,2024-01-28,2024-06-01,pro,data_analysis,True,25,8,200,False,10,4.6
user_03266,2024-03-26,2024-04-25,pro,writing,True,20,1,20,True,7,4.0
user_03267,2024-01-01,2024-03-31,free,general_qa,False,0,3,0,True,5,4.3
user_03268,2024-03-06,2024-06-01,free,writing,False,0,5,0,False,6,3.0
user_03269,2024-03-20,2024-06-01,free,coding,False,0,6,0,False,6,4.3
user_03270,2024-01-21,2024-06-01,free,coding,False,0,6,0,False,3,1.1
user_03271,2024-02-28,2024-06-01,free,writing,False,0,7,0,False,6,2.1
user_03272,2024-02-02,2024-03-03,free,writing,False,0,1,0,True,4,5.1
user_03273,2024-03-24,2024-05-23,enterprise,general_qa,True,50,2,100,True,8,6.5
user_03274,2024-01-26,2024-06-01,free,data_analysis,False,0,5,0,False,8,2.2
user_03275,2024-02-12,2024-06-01,free,data_analysis,False,0,5,0,False,8,1.7
user_03276,2024-03-27,2024-06-01,free,general_qa,False,0,7,0,False,8,1.6
user_03277,2024-01-15,2024-06-01,free,writing,False,0,5,0,False,3,3.9
user_03278,2024-03-04,2024-06-01,pro,writing,True,20,9,180,False,4,3.8
user_03279,2024-01-25,2024-06-01,free,general_qa,False,0,9,0,False,7,3.5
user_03280,2024-01-11,2024-06-01,pro,coding,True,20,9,180,False,6,4.5
user_03281,2024-03-09,2024-06-01,free,coding,False,0,7,0,False,9,4.0
user_03282,2024-01-26,2024-05-25,enterprise,general_qa,True,75,4,300,True,4,2.1
user_03283,2024-03-28,2024-06-01,free,writing,False,0,3,0,False,9,8.2
user_03284,2024-02-09,2024-03-10,pro,data_analysis,True,25,1,25,True,6,5.4
user_03285,2024-03-14,2024-06-01,free,general_qa,False,0,7,0,False,6,6.5
user_03286,2024-03-06,2024-06-01,free,writing,False,0,5,0,False,5,1.8
user_03287,2024-01-17,2024-03-17,enterprise,general_qa,True,75,2,150,True,7,7.8
user_03288,2024-02-05,2024-06-01,pro,writing,True,20,5,100,False,8,6.6
user_03289,2024-03-03,2024-06-01,pro,data_analysis,True,25,3,75,True,8,2.6
user_03290,2024-01-30,2024-06-01,free,coding,False,0,9,0,False,13,2.6
user_03291,2024-02-12,2024-06-01,free,writing,False,0,8,0,False,6,7.1
user_03292,2024-03-22,2024-06-01,free,general_qa,False,0,3,0,False,4,2.6
user_03293,2024-01-19,2024-03-19,free,general_qa,False,0,2,0,True,7,3.8
user_03294,2024-01-05,2024-06-01,free,general_qa,False,0,5,0,False,4,5.1
user_03295,2024-02-01,2024-05-31,pro,general_qa,True,25,4,100,True,11,5.4
user_03296,2024-02-11,2024-06-01,pro,writing,True,20,8,160,False,7,6.2
user_03297,2024-03-11,2024-06-01,pro,data_analysis,True,20,4,80,False,8,4.9
user_03298,2024-02-10,2024-06-01,free,data_analysis,False,0,7,0,False,6,1.8
user_03299,2024-02-26,2024-06-01,pro,coding,True,20,4,80,False,9,2.9
user_03300,2024-01-04,2024-05-03,enterprise,data_analysis,True,50,4,200,True,8,1.9
user_03301,2024-02-21,2024-06-01,free,general_qa,False,0,9,0,False,5,3.1
user_03302,2024-03-05,2024-06-01,free,data_analysis,False,0,7,0,False,6,12.0
user_03303,2024-01-08,2024-04-07,free,general_qa,False,0,3,0,True,7,8.8
user_03304,2024-01-17,2024-06-01,free,coding,False,0,7,0,False,5,2.5
user_03305,2024-02-23,2024-06-01,free,coding,False,0,12,0,False,4,1.2
user_03306,2024-01-20,2024-05-19,free,data_analysis,False,0,4,0,True,6,7.1
user_03307,2024-03-28,2024-06-01,pro,writing,True,25,5,125,False,10,5.0
user_03308,2024-02-02,2024-06-01,free,coding,False,0,7,0,False,10,5.2
user_03309,2024-01-04,2024-06-01,pro,writing,True,20,9,180,False,10,9.6
user_03310,2024-01-28,2024-06-01,free,data_analysis,False,0,5,0,False,7,3.8
user_03311,2024-01-13,2024-05-12,pro,coding,True,30,4,120,True,6,3.3
user_03312,2024-02-03,2024-06-01,free,data_analysis,False,0,8,0,False,7,15.1
user_03313,2024-01-22,2024-06-01,free,general_qa,False,0,5,0,False,9,3.6
user_03314,2024-03-10,2024-06-01,free,data_analysis,False,0,3,0,False,7,6.9
user_03315,2024-01-24,2024-06-01,enterprise,coding,True,50,9,450,False,6,4.3
user_03316,2024-01-08,2024-06-01,free,coding,False,0,8,0,False,7,4.3
user_03317,2024-03-24,2024-06-01,free,general_qa,False,0,3,0,False,4,3.9
user_03318,2024-01-06,2024-06-01,free,writing,False,0,11,0,False,8,1.8
user_03319,2024-03-15,2024-06-01,enterprise,writing,True,75,6,450,False,11,4.6
user_03320,2024-03-08,2024-05-07,free,writing,False,0,2,0,True,9,7.6
user_03321,2024-02-09,2024-05-09,pro,general_qa,True,25,3,75,True,6,7.2
user_03322,2024-03-16,2024-06-01,free,data_analysis,False,0,4,0,False,7,5.5
user_03323,2024-03-25,2024-06-01,pro,general_qa,True,20,10,200,False,4,10.7
user_03324,2024-03-10,2024-06-01,enterprise,coding,True,50,6,300,False,10,6.3
user_03325,2024-01-15,2024-05-14,pro,general_qa,True,20,4,80,True,7,1.7
user_03326,2024-01-30,2024-06-01,pro,writing,True,20,6,120,False,5,2.8
user_03327,2024-03-12,2024-06-01,pro,data_analysis,True,20,3,60,False,5,6.3
user_03328,2024-03-03,2024-06-01,free,coding,False,0,6,0,False,3,9.0
user_03329,2024-03-07,2024-06-01,pro,data_analysis,True,25,10,250,False,8,4.1
user_03330,2024-03-10,2024-06-01,free,writing,False,0,4,0,False,9,4.4
user_03331,2024-03-06,2024-06-01,free,data_analysis,False,0,6,0,False,6,4.2
user_03332,2024-02-08,2024-06-01,free,writing,False,0,4,0,False,6,3.3
user_03333,2024-03-03,2024-06-01,free,data_analysis,False,0,3,0,True,6,5.2
user_03334,2024-02-12,2024-03-13,free,general_qa,False,0,1,0,True,8,5.4
user_03335,2024-02-07,2024-05-07,pro,general_qa,True,25,3,75,True,7,4.5
user_03336,2024-01-15,2024-02-14,free,data_analysis,False,0,1,0,True,7,6.6
user_03337,2024-01-13,2024-03-13,enterprise,general_qa,True,75,2,150,True,13,2.6
user_03338,2024-02-04,2024-04-04,free,data_analysis,False,0,2,0,True,8,6.7
user_03339,2024-03-24,2024-05-23,pro,general_qa,True,20,2,40,True,9,5.3
user_03340,2024-03-15,2024-04-14,pro,general_qa,True,20,1,20,True,9,2.8
user_03341,2024-01-14,2024-06-01,free,coding,False,0,10,0,False,4,3.6
user_03342,2024-01-02,2024-06-01,pro,coding,True,25,7,175,False,8,5.9
user_03343,2024-03-25,2024-06-01,free,writing,False,0,9,0,False,7,6.3
user_03344,2024-03-30,2024-06-01,pro,general_qa,True,25,7,175,False,11,9.1
user_03345,2024-03-30,2024-06-01,free,coding,False,0,4,0,False,8,3.0
user_03346,2024-01-24,2024-06-01,free,general_qa,False,0,5,0,False,5,3.9
user_03347,2024-02-06,2024-04-06,free,general_qa,False,0,2,0,True,8,12.4
user_03348,2024-03-12,2024-06-01,free,writing,False,0,3,0,False,8,9.3
user_03349,2024-02-10,2024-05-10,free,data_analysis,False,0,3,0,True,9,8.8
user_03350,2024-03-21,2024-06-01,pro,general_qa,True,20,4,80,False,7,4.2
user_03351,2024-02-03,2024-06-01,free,writing,False,0,7,0,False,8,1.6
user_03352,2024-01-26,2024-06-01,free,data_analysis,False,0,7,0,False,5,5.2
user_03353,2024-03-06,2024-06-01,enterprise,general_qa,True,75,9,675,False,13,5.8
user_03354,2024-01-02,2024-05-31,free,writing,False,0,5,0,True,5,2.1
user_03355,2024-02-05,2024-06-01,pro,coding,True,20,11,220,False,9,13.0
user_03356,2024-03-06,2024-06-01,free,coding,False,0,4,0,False,5,4.5
user_03357,2024-01-16,2024-04-15,pro,data_analysis,True,30,3,90,True,8,2.9
user_03358,2024-01-28,2024-06-01,pro,coding,True,30,9,270,False,4,3.1
user_03359,2024-02-27,2024-04-27,enterprise,data_analysis,True,75,2,150,True,10,4.3
user_03360,2024-03-29,2024-06-01,free,writing,False,0,6,0,False,6,4.8
user_03361,2024-03-30,2024-06-01,pro,data_analysis,True,20,4,80,False,6,3.9
user_03362,2024-03-19,2024-06-01,free,coding,False,0,5,0,False,7,3.7
user_03363,2024-03-12,2024-06-01,pro,data_analysis,True,25,4,100,False,5,6.1
user_03364,2024-01-11,2024-03-11,pro,writing,True,25,2,50,True,9,2.7
user_03365,2024-01-29,2024-06-01,pro,general_qa,True,25,8,200,False,6,7.2
user_03366,2024-03-20,2024-06-01,free,general_qa,False,0,4,0,False,4,3.3
user_03367,2024-02-23,2024-06-01,free,coding,False,0,6,0,False,4,8.6
user_03368,2024-03-04,2024-06-01,enterprise,writing,True,50,4,200,False,6,2.5
user_03369,2024-03-13,2024-06-01,pro,general_qa,True,20,7,140,False,6,1.8
user_03370,2024-03-28,2024-06-01,free,data_analysis,False,0,6,0,False,6,4.0
user_03371,2024-02-27,2024-04-27,pro,writing,True,20,2,40,True,7,3.3
user_03372,2024-03-10,2024-06-01,free,data_analysis,False,0,5,0,False,12,1.5
user_03373,2024-02-09,2024-06-01,free,coding,False,0,9,0,False,3,2.4
user_03374,2024-01-02,2024-06-01,free,data_analysis,False,0,12,0,False,6,4.1
user_03375,2024-02-19,2024-06-01,free,general_qa,False,0,8,0,False,6,8.5
user_03376,2024-01-23,2024-03-23,enterprise,general_qa,True,50,2,100,True,2,5.1
user_03377,2024-03-12,2024-06-01,pro,writing,True,20,4,80,False,4,5.5
user_03378,2024-02-20,2024-04-20,pro,general_qa,True,20,2,40,True,9,8.5
user_03379,2024-01-29,2024-06-01,pro,coding,True,25,9,225,False,6,4.5
user_03380,2024-01-26,2024-06-01,pro,data_analysis,True,20,7,140,False,8,2.5
user_03381,2024-02-02,2024-04-02,free,coding,False,0,2,0,True,8,5.0
user_03382,2024-01-20,2024-03-20,free,writing,False,0,2,0,True,6,3.0
user_03383,2024-03-22,2024-06-01,free,writing,False,0,12,0,False,7,7.4
user_03384,2024-02-11,2024-06-01,free,general_qa,False,0,5,0,False,10,9.7
user_03385,2024-01-22,2024-06-01,pro,general_qa,True,25,5,125,False,14,2.0
user_03386,2024-01-18,2024-04-17,free,coding,False,0,3,0,True,10,2.8
user_03387,2024-02-15,2024-05-15,free,writing,False,0,3,0,True,9,6.4
user_03388,2024-02-26,2024-06-01,free,general_qa,False,0,5,0,False,4,5.1
user_03389,2024-01-02,2024-03-02,free,general_qa,False,0,2,0,True,5,4.1
user_03390,2024-02-05,2024-05-05,enterprise,writing,True,75,3,225,True,7,4.3
user_03391,2024-03-27,2024-06-01,pro,data_analysis,True,25,9,225,False,6,2.0
user_03392,2024-02-11,2024-06-01,free,general_qa,False,0,6,0,False,8,7.7
user_03393,2024-03-01,2024-05-30,free,general_qa,False,0,3,0,True,4,10.1
user_03394,2024-02-09,2024-06-01,free,writing,False,0,8,0,False,11,9.6
user_03395,2024-02-09,2024-04-09,pro,general_qa,True,20,2,40,True,7,5.1
user_03396,2024-01-30,2024-03-30,pro,writing,True,30,2,60,True,8,1.7
user_03397,2024-01-28,2024-03-28,pro,coding,True,20,2,40,True,8,3.1
user_03398,2024-02-17,2024-06-01,free,data_analysis,False,0,5,0,False,7,4.8
user_03399,2024-01-25,2024-06-01,pro,general_qa,True,30,5,150,False,8,9.5
user_03400,2024-01-15,2024-04-14,free,writing,False,0,3,0,True,7,1.8
user_03401,2024-03-16,2024-06-01,pro,general_qa,True,25,7,175,False,5,2.7
user_03402,2024-02-23,2024-06-01,pro,data_analysis,True,20,7,140,False,8,4.5
user_03403,2024-03-07,2024-06-01,pro,writing,True,30,11,330,False,8,5.7
user_03404,2024-02-01,2024-06-01,free,writing,False,0,12,0,False,6,2.5
user_03405,2024-03-14,2024-06-01,free,writing,False,0,6,0,False,5,4.2
user_03406,2024-03-04,2024-06-01,free,writing,False,0,5,0,False,4,4.2
user_03407,2024-01-09,2024-06-01,pro,coding,True,20,7,140,False,7,1.9
user_03408,2024-01-05,2024-06-01,free,general_qa,False,0,8,0,False,4,3.8
user_03409,2024-01-31,2024-06-01,pro,writing,True,20,6,120,False,5,2.6
user_03410,2024-03-07,2024-06-01,pro,writing,True,20,3,60,False,11,2.6
user_03411,2024-01-16,2024-06-01,free,general_qa,False,0,5,0,False,6,2.4
user_03412,2024-01-26,2024-06-01,free,coding,False,0,9,0,False,7,3.6
user_03413,2024-01-31,2024-06-01,free,general_qa,False,0,5,0,False,6,5.4
user_03414,2024-03-18,2024-06-01,free,coding,False,0,5,0,False,8,3.1
user_03415,2024-02-14,2024-04-14,pro,writing,True,30,2,60,True,9,9.1
user_03416,2024-01-08,2024-06-01,free,general_qa,False,0,6,0,False,7,2.8
user_03417,2024-03-06,2024-06-01,free,data_analysis,False,0,9,0,False,9,5.1
user_03418,2024-02-12,2024-04-12,free,data_analysis,False,0,2,0,True,7,4.9
user_03419,2024-02-13,2024-06-01,pro,data_analysis,True,30,12,360,False,5,2.2
user_03420,2024-03-22,2024-06-01,pro,data_analysis,True,20,5,100,False,10,3.4
user_03421,2024-03-11,2024-06-01,free,writing,False,0,9,0,False,5,6.2
user_03422,2024-01-16,2024-06-01,pro,writing,True,20,7,140,False,10,2.7
user_03423,2024-01-07,2024-06-01,enterprise,writing,True,75,6,450,False,4,4.0
user_03424,2024-02-27,2024-06-01,pro,data_analysis,True,20,9,180,False,12,4.9
user_03425,2024-01-18,2024-03-18,enterprise,coding,True,75,2,150,True,6,2.5
user_03426,2024-03-07,2024-06-01,free,writing,False,0,8,0,False,4,2.3
user_03427,2024-01-25,2024-06-01,free,general_qa,False,0,8,0,False,7,6.6
user_03428,2024-02-25,2024-04-25,enterprise,general_qa,True,75,2,150,True,5,5.1
user_03429,2024-03-16,2024-06-01,pro,coding,True,20,9,180,False,4,3.6
user_03430,2024-01-02,2024-02-01,free,data_analysis,False,0,1,0,True,6,1.8
user_03431,2024-01-25,2024-03-25,free,writing,False,0,2,0,True,7,1.5
user_03432,2024-02-21,2024-05-21,free,writing,False,0,3,0,True,6,3.8
user_03433,2024-01-31,2024-06-01,pro,coding,True,20,6,120,False,7,2.8
user_03434,2024-02-10,2024-06-01,free,general_qa,False,0,6,0,False,8,2.0
user_03435,2024-02-15,2024-06-01,pro,coding,True,20,9,180,False,9,1.8
user_03436,2024-02-28,2024-06-01,free,coding,False,0,6,0,False,2,6.6
user_03437,2024-02-02,2024-06-01,free,general_qa,False,0,5,0,False,5,5.4
user_03438,2024-01-16,2024-05-15,free,writing,False,0,4,0,True,3,7.7
user_03439,2024-01-25,2024-05-24,free,writing,False,0,4,0,True,4,3.8
user_03440,2024-01-16,2024-06-01,free,writing,False,0,6,0,False,6,3.7
user_03441,2024-01-29,2024-06-01,pro,coding,True,30,10,300,False,7,13.0
user_03442,2024-01-05,2024-06-01,pro,coding,True,20,7,140,False,8,10.3
user_03443,2024-01-05,2024-06-01,free,data_analysis,False,0,8,0,False,5,4.8
user_03444,2024-01-10,2024-05-09,free,data_analysis,False,0,4,0,True,5,4.3
user_03445,2024-02-05,2024-06-01,free,coding,False,0,8,0,False,8,3.6
user_03446,2024-02-01,2024-04-01,pro,writing,True,30,2,60,True,5,7.3
user_03447,2024-02-26,2024-06-01,free,coding,False,0,7,0,False,9,6.9
user_03448,2024-01-03,2024-06-01,enterprise,writing,True,75,8,600,False,5,6.7
user_03449,2024-02-15,2024-06-01,enterprise,data_analysis,True,50,10,500,False,7,5.3
user_03450,2024-02-23,2024-06-01,free,general_qa,False,0,4,0,False,8,4.3
user_03451,2024-02-14,2024-06-01,pro,coding,True,20,4,80,False,13,4.0
user_03452,2024-01-17,2024-06-01,free,coding,False,0,5,0,False,8,3.5
user_03453,2024-02-14,2024-06-01,free,data_analysis,False,0,5,0,False,9,5.6
user_03454,2024-02-01,2024-06-01,free,writing,False,0,7,0,False,6,7.0
user_03455,2024-03-30,2024-06-01,free,coding,False,0,5,0,False,4,6.9
user_03456,2024-02-04,2024-06-01,free,coding,False,0,9,0,False,10,8.6
user_03457,2024-02-16,2024-06-01,enterprise,data_analysis,True,75,4,300,False,7,1.6
user_03458,2024-02-24,2024-06-01,free,general_qa,False,0,7,0,False,9,2.6
user_03459,2024-01-04,2024-06-01,free,coding,False,0,12,0,False,4,4.3
user_03460,2024-02-08,2024-06-01,free,writing,False,0,8,0,False,7,2.9
user_03461,2024-01-01,2024-06-01,free,writing,False,0,8,0,False,8,5.9
user_03462,2024-02-03,2024-06-01,free,data_analysis,False,0,10,0,False,11,2.2
user_03463,2024-01-30,2024-06-01,enterprise,writing,True,75,7,525,False,6,4.9
user_03464,2024-01-05,2024-03-05,pro,general_qa,True,25,2,50,True,7,3.9
user_03465,2024-01-15,2024-06-01,pro,general_qa,True,20,5,100,False,11,6.5
user_03466,2024-02-04,2024-06-01,free,coding,False,0,4,0,False,3,3.5
user_03467,2024-03-03,2024-06-01,free,general_qa,False,0,3,0,True,11,4.6
user_03468,2024-02-22,2024-06-01,enterprise,data_analysis,True,50,5,250,False,10,3.7
user_03469,2024-01-09,2024-06-01,enterprise,coding,True,100,7,700,False,10,5.2
user_03470,2024-01-14,2024-05-13,free,coding,False,0,4,0,True,10,3.1
user_03471,2024-03-13,2024-06-01,pro,writing,True,20,5,100,False,8,4.6
user_03472,2024-01-19,2024-05-18,free,writing,False,0,4,0,True,7,2.5
user_03473,2024-03-25,2024-04-24,pro,general_qa,True,20,1,20,True,10,4.4
user_03474,2024-01-17,2024-06-01,free,general_qa,False,0,8,0,False,10,2.1
user_03475,2024-01-09,2024-03-09,free,general_qa,False,0,2,0,True,6,7.4
user_03476,2024-02-22,2024-04-22,free,data_analysis,False,0,2,0,True,5,1.7
user_03477,2024-01-28,2024-06-01,free,writing,False,0,8,0,False,5,1.6
user_03478,2024-01-26,2024-06-01,enterprise,coding,True,100,5,500,False,6,3.5
user_03479,2024-01-23,2024-06-01,pro,coding,True,30,9,270,False,8,5.9
user_03480,2024-03-18,2024-06-01,pro,coding,True,25,5,125,False,6,5.1
user_03481,2024-03-20,2024-04-19,pro,data_analysis,True,25,1,25,True,4,6.2
user_03482,2024-03-22,2024-06-01,free,data_analysis,False,0,4,0,False,8,1.6
user_03483,2024-01-12,2024-06-01,free,data_analysis,False,0,7,0,False,7,5.6
user_03484,2024-03-21,2024-06-01,pro,coding,True,20,5,100,False,6,12.3
user_03485,2024-03-18,2024-06-01,free,writing,False,0,3,0,False,4,1.5
user_03486,2024-02-02,2024-06-01,pro,coding,True,20,9,180,False,7,4.3
user_03487,2024-03-30,2024-04-29,enterprise,general_qa,True,75,1,75,True,10,7.3
user_03488,2024-03-05,2024-06-01,free,data_analysis,False,0,3,0,False,9,10.6
user_03489,2024-03-25,2024-06-01,pro,writing,True,20,3,60,False,4,2.5
user_03490,2024-02-11,2024-06-01,free,writing,False,0,4,0,False,7,14.9
user_03491,2024-03-11,2024-05-10,pro,writing,True,20,2,40,True,12,9.0
user_03492,2024-03-03,2024-05-02,free,data_analysis,False,0,2,0,True,5,3.7
user_03493,2024-01-22,2024-06-01,free,data_analysis,False,0,7,0,False,7,5.0
user_03494,2024-02-27,2024-06-01,free,data_analysis,False,0,8,0,False,5,4.0
user_03495,2024-02-13,2024-06-01,pro,general_qa,True,20,4,80,False,7,5.2
user_03496,2024-01-10,2024-04-09,pro,writing,True,30,3,90,True,9,4.1
user_03497,2024-01-04,2024-06-01,pro,general_qa,True,20,5,100,False,7,2.9
user_03498,2024-02-02,2024-06-01,pro,writing,True,20,4,80,True,5,3.9
user_03499,2024-03-04,2024-06-01,free,general_qa,False,0,6,0,False,10,5.3
user_03500,2024-03-18,2024-05-17,pro,general_qa,True,20,2,40,True,6,2.9
user_03501,2024-03-23,2024-06-01,free,coding,False,0,7,0,False,13,3.5
user_03502,2024-02-03,2024-05-03,free,general_qa,False,0,3,0,True,12,6.1
user_03503,2024-03-02,2024-05-01,free,writing,False,0,2,0,True,4,11.1
user_03504,2024-02-04,2024-06-01,free,coding,False,0,12,0,False,6,7.3
user_03505,2024-03-28,2024-06-01,pro,writing,True,20,4,80,False,4,1.8
user_03506,2024-03-23,2024-06-01,free,general_qa,False,0,9,0,False,7,7.9
user_03507,2024-03-01,2024-06-01,pro,coding,True,25,12,300,False,7,3.9
user_03508,2024-01-14,2024-06-01,enterprise,coding,True,75,5,375,False,6,5.6
user_03509,2024-03-03,2024-06-01,free,general_qa,False,0,7,0,False,6,2.3
user_03510,2024-01-14,2024-06-01,pro,coding,True,20,8,160,False,9,3.6
user_03511,2024-03-26,2024-06-01,free,writing,False,0,5,0,False,8,8.9
user_03512,2024-03-03,2024-06-01,free,writing,False,0,3,0,True,3,9.4
user_03513,2024-02-08,2024-06-01,free,data_analysis,False,0,4,0,False,8,4.0
user_03514,2024-02-09,2024-06-01,free,writing,False,0,6,0,False,11,3.8
user_03515,2024-02-15,2024-05-15,free,general_qa,False,0,3,0,True,3,2.4
user_03516,2024-02-05,2024-06-01,free,writing,False,0,8,0,False,4,13.4
user_03517,2024-01-09,2024-02-08,free,general_qa,False,0,1,0,True,7,1.5
user_03518,2024-02-06,2024-06-01,free,writing,False,0,7,0,False,5,2.2
user_03519,2024-03-12,2024-06-01,free,coding,False,0,10,0,False,6,5.7
user_03520,2024-02-29,2024-06-01,enterprise,data_analysis,True,50,9,450,False,7,2.4
user_03521,2024-03-19,2024-06-01,free,general_qa,False,0,5,0,False,4,5.4
user_03522,2024-03-05,2024-06-01,free,data_analysis,False,0,3,0,False,5,9.9
user_03523,2024-02-21,2024-06-01,free,writing,False,0,4,0,False,10,2.2
user_03524,2024-02-22,2024-06-01,pro,coding,True,20,5,100,False,5,8.2
user_03525,2024-03-05,2024-05-04,free,writing,False,0,2,0,True,6,1.9
user_03526,2024-02-09,2024-06-01,pro,data_analysis,True,25,7,175,False,10,6.2
user_03527,2024-01-18,2024-06-01,pro,general_qa,True,20,6,120,False,5,1.2
user_03528,2024-01-26,2024-06-01,free,general_qa,False,0,11,0,False,9,3.4
user_03529,2024-01-30,2024-05-29,free,data_analysis,False,0,4,0,True,7,4.5
user_03530,2024-01-03,2024-06-01,pro,data_analysis,True,30,7,210,False,5,11.7
user_03531,2024-03-13,2024-06-01,pro,general_qa,True,20,7,140,False,6,3.4
user_03532,2024-03-25,2024-06-01,enterprise,general_qa,True,100,6,600,False,9,8.5
user_03533,2024-03-16,2024-06-01,free,coding,False,0,10,0,False,8,4.2
user_03534,2024-01-10,2024-06-01,free,general_qa,False,0,5,0,False,5,7.9
user_03535,2024-03-09,2024-05-08,pro,writing,True,30,2,60,True,8,1.9
user_03536,2024-01-10,2024-06-01,free,general_qa,False,0,6,0,False,7,1.3
user_03537,2024-03-28,2024-06-01,pro,writing,True,20,6,120,False,8,6.5
user_03538,2024-02-26,2024-04-26,free,writing,False,0,2,0,True,3,7.2
user_03539,2024-01-24,2024-06-01,pro,coding,True,20,5,100,False,6,2.2
user_03540,2024-02-08,2024-05-08,enterprise,writing,True,50,3,150,True,8,4.4
user_03541,2024-03-06,2024-06-01,free,coding,False,0,10,0,False,5,2.3
user_03542,2024-03-05,2024-06-01,free,writing,False,0,5,0,False,5,10.8
user_03543,2024-02-01,2024-06-01,pro,coding,True,25,8,200,False,8,3.2
user_03544,2024-03-02,2024-06-01,pro,general_qa,True,25,8,200,False,10,6.3
user_03545,2024-03-16,2024-06-01,pro,coding,True,25,5,125,False,3,3.6
user_03546,2024-03-29,2024-06-01,free,data_analysis,False,0,9,0,False,5,4.3
user_03547,2024-03-24,2024-06-01,free,general_qa,False,0,7,0,False,7,12.7
user_03548,2024-01-17,2024-06-01,pro,general_qa,True,25,12,300,False,7,5.1
user_03549,2024-02-10,2024-06-01,free,coding,False,0,10,0,False,7,5.1
user_03550,2024-03-27,2024-05-26,free,writing,False,0,2,0,True,7,4.8
user_03551,2024-03-17,2024-06-01,free,writing,False,0,3,0,False,7,3.1
user_03552,2024-02-20,2024-06-01,free,general_qa,False,0,10,0,False,8,4.4
user_03553,2024-03-06,2024-06-01,pro,general_qa,True,20,8,160,False,5,5.6
user_03554,2024-03-01,2024-06-01,free,general_qa,False,0,5,0,False,3,6.4
user_03555,2024-03-09,2024-06-01,pro,general_qa,True,25,5,125,False,8,3.4
user_03556,2024-01-01,2024-06-01,free,coding,False,0,9,0,False,9,6.7
user_03557,2024-03-19,2024-06-01,free,data_analysis,False,0,4,0,False,6,4.1
user_03558,2024-01-20,2024-06-01,free,writing,False,0,11,0,False,8,8.5
user_03559,2024-03-15,2024-06-01,free,general_qa,False,0,4,0,False,9,1.6
user_03560,2024-03-21,2024-05-20,enterprise,general_qa,True,75,2,150,True,4,2.5
user_03561,2024-01-17,2024-06-01,free,general_qa,False,0,7,0,False,7,1.9
user_03562,2024-01-02,2024-03-02,free,general_qa,False,0,2,0,True,8,8.1
user_03563,2024-03-02,2024-06-01,pro,writing,True,25,9,225,False,7,3.5
user_03564,2024-03-21,2024-04-20,enterprise,data_analysis,True,75,1,75,True,8,5.5
user_03565,2024-02-09,2024-06-01,free,writing,False,0,7,0,False,8,7.3
user_03566,2024-01-17,2024-06-01,free,coding,False,0,7,0,False,9,8.9
user_03567,2024-03-01,2024-06-01,pro,data_analysis,True,20,7,140,False,4,2.9
user_03568,2024-01-13,2024-02-12,free,coding,False,0,1,0,True,9,5.0
user_03569,2024-02-29,2024-06-01,pro,writing,True,25,8,200,False,7,4.9
user_03570,2024-03-16,2024-06-01,free,data_analysis,False,0,5,0,False,7,10.9
user_03571,2024-03-25,2024-06-01,free,general_qa,False,0,8,0,False,13,11.9
user_03572,2024-01-19,2024-04-18,free,writing,False,0,3,0,True,8,9.0
user_03573,2024-02-17,2024-05-17,free,data_analysis,False,0,3,0,True,6,7.9
user_03574,2024-02-06,2024-06-01,free,coding,False,0,4,0,False,7,4.3
user_03575,2024-02-06,2024-06-01,pro,general_qa,True,20,12,240,False,4,2.4
user_03576,2024-01-20,2024-06-01,free,writing,False,0,7,0,False,10,8.4
user_03577,2024-01-19,2024-02-18,free,general_qa,False,0,1,0,True,8,7.6
user_03578,2024-01-24,2024-06-01,free,writing,False,0,7,0,False,3,6.7
user_03579,2024-02-20,2024-06-01,pro,writing,True,25,4,100,False,11,4.9
user_03580,2024-03-24,2024-05-23,pro,writing,True,25,2,50,True,7,9.9
user_03581,2024-01-18,2024-06-01,free,general_qa,False,0,10,0,False,5,2.2
user_03582,2024-01-28,2024-04-27,free,data_analysis,False,0,3,0,True,5,2.2
user_03583,2024-03-26,2024-06-01,free,data_analysis,False,0,5,0,False,8,2.6
user_03584,2024-03-26,2024-06-01,free,writing,False,0,4,0,False,9,6.5
user_03585,2024-02-03,2024-03-04,pro,coding,True,30,1,30,True,5,2.9
user_03586,2024-01-28,2024-06-01,pro,general_qa,True,30,6,180,False,7,6.0
user_03587,2024-03-16,2024-06-01,free,general_qa,False,0,12,0,False,4,5.5
user_03588,2024-01-26,2024-06-01,free,writing,False,0,8,0,False,8,4.0
user_03589,2024-03-21,2024-06-01,free,coding,False,0,5,0,False,9,11.5
user_03590,2024-01-07,2024-03-07,enterprise,writing,True,50,2,100,True,6,12.9
user_03591,2024-02-12,2024-05-12,free,general_qa,False,0,3,0,True,6,12.5
user_03592,2024-03-10,2024-06-01,free,general_qa,False,0,3,0,False,7,8.6
user_03593,2024-01-05,2024-06-01,pro,writing,True,30,11,330,False,7,2.6
user_03594,2024-03-07,2024-06-01,free,coding,False,0,5,0,False,9,2.8
user_03595,2024-01-19,2024-06-01,free,writing,False,0,11,0,False,9,2.0
user_03596,2024-03-06,2024-06-01,enterprise,data_analysis,True,100,4,400,False,7,2.5
user_03597,2024-02-02,2024-06-01,pro,general_qa,True,25,10,250,False,7,6.3
user_03598,2024-02-26,2024-06-01,enterprise,data_analysis,True,75,6,450,False,10,5.5
user_03599,2024-01-15,2024-03-15,free,writing,False,0,2,0,True,6,6.0
user_03600,2024-02-08,2024-06-01,pro,general_qa,True,25,7,175,False,5,4.6
user_03601,2024-03-28,2024-05-27,free,writing,False,0,2,0,True,9,2.1
user_03602,2024-02-06,2024-06-01,enterprise,general_qa,True,75,5,375,False,6,4.8
user_03603,2024-01-03,2024-06-01,free,data_analysis,False,0,9,0,False,7,3.2
user_03604,2024-01-03,2024-03-03,pro,coding,True,30,2,60,True,10,7.5
user_03605,2024-03-19,2024-06-01,free,general_qa,False,0,8,0,False,9,7.9
user_03606,2024-01-20,2024-05-19,free,coding,False,0,4,0,True,7,3.3
user_03607,2024-03-05,2024-06-01,free,general_qa,False,0,8,0,False,6,3.2
user_03608,2024-02-22,2024-04-22,free,data_analysis,False,0,2,0,True,6,2.2
user_03609,2024-03-09,2024-06-01,free,general_qa,False,0,3,0,False,11,5.0
user_03610,2024-01-30,2024-04-29,pro,data_analysis,True,20,3,60,True,8,2.9
user_03611,2024-01-13,2024-05-12,pro,data_analysis,True,20,4,80,True,8,3.8
user_03612,2024-01-14,2024-06-01,free,coding,False,0,7,0,False,9,6.5
user_03613,2024-02-29,2024-06-01,free,coding,False,0,5,0,False,9,3.9
user_03614,2024-02-23,2024-06-01,pro,writing,True,20,4,80,False,9,2.1
user_03615,2024-03-11,2024-06-01,free,general_qa,False,0,6,0,False,3,5.8
user_03616,2024-02-14,2024-06-01,pro,general_qa,True,20,6,120,False,7,5.8
user_03617,2024-03-07,2024-06-01,free,writing,False,0,8,0,False,2,3.8
user_03618,2024-01-28,2024-06-01,free,data_analysis,False,0,7,0,False,8,2.3
user_03619,2024-03-21,2024-06-01,free,coding,False,0,7,0,False,10,6.1
user_03620,2024-03-22,2024-06-01,free,writing,False,0,8,0,False,4,3.0
user_03621,2024-03-28,2024-06-01,free,general_qa,False,0,5,0,False,9,3.3
user_03622,2024-01-18,2024-03-18,free,writing,False,0,2,0,True,6,3.5
user_03623,2024-02-09,2024-06-01,pro,coding,True,20,8,160,False,6,8.3
user_03624,2024-01-07,2024-06-01,enterprise,coding,True,50,10,500,False,7,3.7
user_03625,2024-02-17,2024-05-17,free,writing,False,0,3,0,True,7,8.3
user_03626,2024-02-19,2024-05-19,free,general_qa,False,0,3,0,True,7,2.1
user_03627,2024-03-01,2024-06-01,enterprise,data_analysis,True,50,9,450,False,8,3.2
user_03628,2024-01-06,2024-03-06,pro,writing,True,20,2,40,True,8,3.8
user_03629,2024-01-13,2024-06-01,free,writing,False,0,7,0,False,6,2.0
user_03630,2024-02-17,2024-04-17,pro,coding,True,20,2,40,True,6,5.7
user_03631,2024-01-03,2024-06-01,free,general_qa,False,0,10,0,False,9,11.7
user_03632,2024-02-25,2024-04-25,free,data_analysis,False,0,2,0,True,9,8.9
user_03633,2024-01-17,2024-06-01,pro,writing,True,20,5,100,False,5,5.6
user_03634,2024-02-06,2024-06-01,pro,data_analysis,True,25,6,150,False,7,2.4
user_03635,2024-02-07,2024-04-07,free,writing,False,0,2,0,True,8,10.9
user_03636,2024-02-12,2024-06-01,free,coding,False,0,11,0,False,6,2.2
user_03637,2024-03-22,2024-06-01,enterprise,general_qa,True,75,3,225,False,5,6.4
user_03638,2024-02-21,2024-06-01,free,coding,False,0,8,0,False,6,4.4
user_03639,2024-01-01,2024-06-01,free,writing,False,0,11,0,False,5,4.6
user_03640,2024-02-11,2024-06-01,free,writing,False,0,7,0,False,4,3.7
user_03641,2024-02-11,2024-06-01,pro,general_qa,True,25,8,200,False,7,3.8
user_03642,2024-02-10,2024-03-11,free,data_analysis,False,0,1,0,True,7,7.5
user_03643,2024-02-10,2024-06-01,enterprise,coding,True,100,12,1200,False,7,6.9
user_03644,2024-01-29,2024-06-01,pro,coding,True,30,7,210,False,7,13.5
user_03645,2024-01-04,2024-06-01,pro,coding,True,20,7,140,False,4,1.9
user_03646,2024-02-09,2024-03-10,pro,coding,True,20,1,20,True,12,4.7
user_03647,2024-02-27,2024-06-01,pro,coding,True,30,8,240,False,7,1.7
user_03648,2024-03-02,2024-06-01,pro,data_analysis,True,30,8,240,False,9,6.8
user_03649,2024-03-21,2024-06-01,free,coding,False,0,10,0,False,4,4.0
user_03650,2024-01-25,2024-06-01,free,writing,False,0,5,0,False,9,3.6
user_03651,2024-01-14,2024-06-01,free,data_analysis,False,0,5,0,False,7,5.5
user_03652,2024-01-30,2024-06-01,pro,coding,True,30,5,150,False,4,7.0
user_03653,2024-03-28,2024-06-01,free,writing,False,0,6,0,False,9,7.5
user_03654,2024-01-19,2024-06-01,free,writing,False,0,7,0,False,6,2.6
user_03655,2024-02-26,2024-05-26,free,general_qa,False,0,3,0,True,11,6.2
user_03656,2024-01-04,2024-06-01,free,coding,False,0,8,0,False,8,8.2
user_03657,2024-03-23,2024-05-22,free,writing,False,0,2,0,True,8,5.3
user_03658,2024-03-01,2024-06-01,enterprise,general_qa,True,50,4,200,False,8,3.3
user_03659,2024-01-19,2024-05-18,pro,general_qa,True,25,4,100,True,12,16.8
user_03660,2024-01-14,2024-06-01,pro,coding,True,30,6,180,False,6,7.7
user_03661,2024-02-13,2024-05-13,free,data_analysis,False,0,3,0,True,4,3.9
user_03662,2024-03-14,2024-06-01,pro,writing,True,30,9,270,False,11,3.6
user_03663,2024-01-16,2024-06-01,free,data_analysis,False,0,6,0,False,6,6.8
user_03664,2024-02-19,2024-06-01,free,coding,False,0,10,0,False,9,3.4
user_03665,2024-03-09,2024-06-01,free,general_qa,False,0,3,0,False,11,2.5
user_03666,2024-03-09,2024-06-01,free,writing,False,0,3,0,False,4,10.2
user_03667,2024-03-14,2024-06-01,pro,writing,True,20,11,220,False,11,10.7
user_03668,2024-01-26,2024-03-26,free,coding,False,0,2,0,True,12,3.1
user_03669,2024-02-17,2024-03-18,free,coding,False,0,1,0,True,6,1.7
user_03670,2024-03-14,2024-06-01,enterprise,general_qa,True,50,6,300,False,6,3.7
user_03671,2024-01-26,2024-06-01,pro,data_analysis,True,25,10,250,False,9,2.8
user_03672,2024-01-04,2024-06-01,free,writing,False,0,6,0,False,6,7.8
user_03673,2024-03-26,2024-06-01,free,writing,False,0,7,0,False,6,6.0
user_03674,2024-02-29,2024-06-01,free,writing,False,0,5,0,False,8,9.9
user_03675,2024-03-26,2024-05-25,pro,writing,True,30,2,60,True,8,3.5
user_03676,2024-01-01,2024-03-31,free,coding,False,0,3,0,True,7,1.6
user_03677,2024-03-26,2024-06-01,free,writing,False,0,5,0,False,4,4.5
user_03678,2024-01-26,2024-05-25,free,general_qa,False,0,4,0,True,7,5.2
user_03679,2024-02-15,2024-06-01,pro,writing,True,20,4,80,False,8,2.8
user_03680,2024-03-15,2024-06-01,enterprise,general_qa,True,100,6,600,False,6,3.5
user_03681,2024-01-23,2024-06-01,pro,data_analysis,True,30,9,270,False,7,3.3
user_03682,2024-01-02,2024-05-31,free,general_qa,False,0,5,0,True,4,2.6
user_03683,2024-01-31,2024-05-30,free,writing,False,0,4,0,True,8,3.5
user_03684,2024-01-30,2024-06-01,free,writing,False,0,7,0,False,5,1.5
user_03685,2024-03-19,2024-06-01,pro,coding,True,20,7,140,False,5,3.5
user_03686,2024-02-06,2024-04-06,pro,general_qa,True,20,2,40,True,9,1.8
user_03687,2024-01-23,2024-06-01,free,writing,False,0,6,0,False,10,8.4
user_03688,2024-03-21,2024-06-01,pro,data_analysis,True,20,8,160,False,3,1.8
user_03689,2024-01-16,2024-06-01,pro,data_analysis,True,25,10,250,False,5,2.2
user_03690,2024-02-22,2024-06-01,free,general_qa,False,0,8,0,False,7,8.8
user_03691,2024-03-25,2024-06-01,free,coding,False,0,7,0,False,6,8.8
user_03692,2024-01-22,2024-04-21,pro,coding,True,30,3,90,True,6,2.0
user_03693,2024-02-05,2024-03-06,free,data_analysis,False,0,1,0,True,9,3.3
user_03694,2024-01-28,2024-06-01,pro,general_qa,True,20,7,140,False,5,8.9
user_03695,2024-03-28,2024-06-01,pro,general_qa,True,30,7,210,False,7,6.9
user_03696,2024-01-29,2024-06-01,pro,writing,True,20,8,160,False,6,5.8
user_03697,2024-03-09,2024-06-01,free,data_analysis,False,0,8,0,False,6,5.9
user_03698,2024-03-08,2024-06-01,free,general_qa,False,0,7,0,False,10,5.3
user_03699,2024-02-23,2024-05-23,free,writing,False,0,3,0,True,6,7.8
user_03700,2024-03-01,2024-03-31,pro,writing,True,25,1,25,True,5,2.6
user_03701,2024-03-13,2024-06-01,free,data_analysis,False,0,4,0,False,9,5.0
user_03702,2024-02-24,2024-06-01,free,writing,False,0,4,0,False,7,6.3
user_03703,2024-02-19,2024-06-01,pro,writing,True,20,9,180,False,7,2.0
user_03704,2024-02-11,2024-06-01,pro,general_qa,True,20,6,120,False,8,4.9
user_03705,2024-01-28,2024-04-27,enterprise,writing,True,50,3,150,True,7,3.2
user_03706,2024-01-30,2024-06-01,pro,general_qa,True,20,11,220,False,3,2.7
user_03707,2024-03-01,2024-06-01,pro,writing,True,30,5,150,False,6,5.3
user_03708,2024-01-06,2024-02-05,free,coding,False,0,1,0,True,4,8.7
user_03709,2024-02-27,2024-03-28,free,coding,False,0,1,0,True,6,3.6
user_03710,2024-01-10,2024-06-01,free,coding,False,0,5,0,False,8,3.4
user_03711,2024-02-12,2024-06-01,free,data_analysis,False,0,6,0,False,9,5.1
user_03712,2024-02-19,2024-06-01,free,writing,False,0,10,0,False,8,5.7
user_03713,2024-02-23,2024-04-23,free,general_qa,False,0,2,0,True,9,7.5
user_03714,2024-03-24,2024-06-01,pro,general_qa,True,20,3,60,False,3,1.6
user_03715,2024-02-06,2024-05-06,enterprise,data_analysis,True,50,3,150,True,4,4.1
user_03716,2024-01-06,2024-06-01,free,coding,False,0,7,0,False,7,5.5
user_03717,2024-01-30,2024-06-01,pro,general_qa,True,30,7,210,False,6,1.5
user_03718,2024-03-20,2024-05-19,pro,general_qa,True,25,2,50,True,8,1.6
user_03719,2024-02-14,2024-06-01,pro,data_analysis,True,20,5,100,False,9,1.5
user_03720,2024-01-13,2024-06-01,free,general_qa,False,0,7,0,False,5,4.9
user_03721,2024-01-25,2024-06-01,pro,writing,True,20,5,100,False,12,5.5
user_03722,2024-03-25,2024-06-01,pro,data_analysis,True,25,4,100,False,7,6.0
user_03723,2024-03-06,2024-06-01,free,coding,False,0,6,0,False,9,3.8
user_03724,2024-02-10,2024-06-01,free,coding,False,0,6,0,False,12,2.6
user_03725,2024-01-28,2024-02-27,enterprise,coding,True,100,1,100,True,8,2.1
user_03726,2024-03-13,2024-06-01,free,writing,False,0,6,0,False,7,6.4
user_03727,2024-02-09,2024-06-01,free,coding,False,0,4,0,False,5,2.6
user_03728,2024-01-05,2024-06-01,pro,coding,True,20,7,140,False,4,3.9
user_03729,2024-02-07,2024-05-07,pro,general_qa,True,20,3,60,True,6,1.9
user_03730,2024-01-03,2024-06-01,pro,coding,True,20,7,140,False,5,1.7
user_03731,2024-02-19,2024-06-01,pro,general_qa,True,20,10,200,False,8,2.8
user_03732,2024-01-21,2024-06-01,free,general_qa,False,0,5,0,False,9,4.0
user_03733,2024-02-22,2024-04-22,pro,data_analysis,True,30,2,60,True,6,12.5
user_03734,2024-01-20,2024-06-01,pro,general_qa,True,25,12,300,False,9,2.4
user_03735,2024-01-19,2024-06-01,free,writing,False,0,7,0,False,9,3.9
user_03736,2024-03-09,2024-06-01,free,coding,False,0,4,0,False,6,3.5
user_03737,2024-01-08,2024-06-01,free,coding,False,0,12,0,False,8,2.5
user_03738,2024-02-16,2024-06-01,free,writing,False,0,6,0,False,6,2.5
user_03739,2024-01-08,2024-06-01,free,coding,False,0,6,0,False,5,2.5
user_03740,2024-03-10,2024-05-09,pro,general_qa,True,20,2,40,True,3,5.0
user_03741,2024-01-01,2024-04-30,pro,general_qa,True,30,4,120,True,14,5.8
user_03742,2024-02-07,2024-06-01,free,coding,False,0,5,0,False,9,3.3
user_03743,2024-03-02,2024-06-01,pro,writing,True,30,4,120,False,7,7.5
user_03744,2024-01-05,2024-02-04,pro,data_analysis,True,25,1,25,True,4,1.3
user_03745,2024-02-18,2024-06-01,free,writing,False,0,5,0,False,2,7.8
user_03746,2024-02-12,2024-06-01,free,writing,False,0,8,0,False,8,2.2
user_03747,2024-01-01,2024-06-01,pro,writing,True,20,7,140,False,6,5.0
user_03748,2024-03-10,2024-06-01,free,writing,False,0,6,0,False,5,8.0
user_03749,2024-03-16,2024-06-01,pro,writing,True,20,8,160,False,8,6.9
user_03750,2024-01-20,2024-06-01,free,writing,False,0,6,0,False,10,4.7
user_03751,2024-01-28,2024-06-01,pro,data_analysis,True,25,8,200,False,11,4.1
user_03752,2024-03-28,2024-05-27,pro,writing,True,20,2,40,True,5,10.5
user_03753,2024-03-19,2024-06-01,free,writing,False,0,6,0,False,5,7.9
user_03754,2024-01-21,2024-06-01,free,writing,False,0,7,0,False,4,8.9
user_03755,2024-02-26,2024-06-01,enterprise,writing,True,50,8,400,False,6,3.6
user_03756,2024-02-22,2024-05-22,free,coding,False,0,3,0,True,7,4.0
user_03757,2024-02-26,2024-06-01,free,coding,False,0,7,0,False,4,3.8
user_03758,2024-03-02,2024-06-01,free,writing,False,0,4,0,False,5,5.0
user_03759,2024-01-22,2024-06-01,free,general_qa,False,0,9,0,False,6,4.1
user_03760,2024-03-07,2024-05-06,free,writing,False,0,2,0,True,8,8.1
user_03761,2024-02-01,2024-06-01,free,data_analysis,False,0,8,0,False,6,1.8
user_03762,2024-01-29,2024-06-01,free,general_qa,False,0,7,0,False,7,5.0
user_03763,2024-01-28,2024-06-01,free,coding,False,0,6,0,False,6,9.6
user_03764,2024-02-25,2024-03-26,pro,coding,True,30,1,30,True,5,2.2
user_03765,2024-03-13,2024-06-01,pro,general_qa,True,20,4,80,False,10,4.8
user_03766,2024-03-05,2024-06-01,pro,general_qa,True,25,9,225,False,5,9.4
user_03767,2024-03-27,2024-06-01,free,writing,False,0,5,0,False,7,8.3
user_03768,2024-03-01,2024-06-01,free,coding,False,0,9,0,False,12,4.3
user_03769,2024-01-24,2024-06-01,free,data_analysis,False,0,8,0,False,5,10.2
user_03770,2024-01-06,2024-06-01,free,writing,False,0,9,0,False,8,5.2
user_03771,2024-03-13,2024-06-01,free,general_qa,False,0,7,0,False,4,2.7
user_03772,2024-01-06,2024-04-05,free,general_qa,False,0,3,0,True,6,4.8
user_03773,2024-02-19,2024-04-19,free,writing,False,0,2,0,True,8,10.9
user_03774,2024-02-25,2024-06-01,pro,writing,True,25,6,150,False,5,1.6
user_03775,2024-02-05,2024-06-01,free,general_qa,False,0,6,0,False,4,2.5
user_03776,2024-03-05,2024-06-01,free,coding,False,0,5,0,False,5,4.3
user_03777,2024-02-22,2024-05-22,free,writing,False,0,3,0,True,7,2.2
user_03778,2024-01-29,2024-06-01,free,general_qa,False,0,6,0,False,8,2.2
user_03779,2024-03-22,2024-05-21,free,general_qa,False,0,2,0,True,8,5.6
user_03780,2024-01-11,2024-06-01,free,writing,False,0,12,0,False,8,12.0
user_03781,2024-01-15,2024-06-01,free,writing,False,0,6,0,False,5,1.7
user_03782,2024-02-04,2024-05-04,free,general_qa,False,0,3,0,True,6,5.4
user_03783,2024-01-01,2024-06-01,free,general_qa,False,0,9,0,False,6,2.6
user_03784,2024-02-23,2024-06-01,enterprise,writing,True,50,5,250,False,4,7.4
user_03785,2024-03-07,2024-06-01,pro,writing,True,25,5,125,False,5,1.9
user_03786,2024-01-16,2024-06-01,free,writing,False,0,6,0,False,8,11.7
user_03787,2024-01-29,2024-06-01,free,general_qa,False,0,10,0,False,5,5.0
user_03788,2024-01-23,2024-02-22,free,data_analysis,False,0,1,0,True,2,5.4
user_03789,2024-02-13,2024-03-14,pro,general_qa,True,25,1,25,True,5,5.7
user_03790,2024-02-04,2024-03-05,enterprise,general_qa,True,100,1,100,True,6,5.3
user_03791,2024-02-05,2024-06-01,free,coding,False,0,4,0,False,5,4.8
user_03792,2024-01-20,2024-06-01,pro,data_analysis,True,30,11,330,False,9,8.7
user_03793,2024-03-16,2024-06-01,pro,writing,True,20,6,120,False,6,7.7
user_03794,2024-02-11,2024-06-01,pro,writing,True,20,4,80,False,7,8.0
user_03795,2024-01-05,2024-04-04,free,general_qa,False,0,3,0,True,4,5.8
user_03796,2024-03-02,2024-06-01,free,writing,False,0,10,0,False,3,2.0
user_03797,2024-01-12,2024-03-12,pro,general_qa,True,20,2,40,True,4,3.7
user_03798,2024-01-09,2024-06-01,free,data_analysis,False,0,7,0,False,12,2.9
user_03799,2024-01-09,2024-06-01,free,writing,False,0,9,0,False,6,4.0
user_03800,2024-02-13,2024-04-13,enterprise,coding,True,75,2,150,True,6,8.0
user_03801,2024-01-24,2024-06-01,pro,coding,True,25,5,125,False,8,5.8
user_03802,2024-03-05,2024-06-01,free,writing,False,0,3,0,False,7,4.5
user_03803,2024-03-20,2024-06-01,free,coding,False,0,5,0,False,3,1.3
user_03804,2024-01-27,2024-04-26,enterprise,general_qa,True,50,3,150,True,8,1.9
user_03805,2024-01-19,2024-05-18,free,data_analysis,False,0,4,0,True,8,5.1
user_03806,2024-03-25,2024-06-01,enterprise,general_qa,True,50,12,600,False,6,3.3
user_03807,2024-02-12,2024-04-12,free,general_qa,False,0,2,0,True,6,6.3
user_03808,2024-01-15,2024-06-01,free,data_analysis,False,0,6,0,False,6,1.3
user_03809,2024-03-30,2024-05-29,free,writing,False,0,2,0,True,5,2.4
user_03810,2024-01-04,2024-05-03,pro,writing,True,20,4,80,True,8,6.8
user_03811,2024-02-26,2024-06-01,free,coding,False,0,5,0,False,7,4.3
user_03812,2024-03-09,2024-06-01,pro,general_qa,True,20,10,200,False,6,2.5
user_03813,2024-02-10,2024-06-01,pro,writing,True,30,6,180,False,6,4.4
user_03814,2024-03-06,2024-06-01,free,writing,False,0,7,0,False,10,2.0
user_03815,2024-03-12,2024-06-01,free,writing,False,0,6,0,False,7,4.0
user_03816,2024-02-01,2024-05-01,free,general_qa,False,0,3,0,True,5,2.0
user_03817,2024-03-16,2024-06-01,free,coding,False,0,9,0,False,9,5.8
user_03818,2024-02-05,2024-05-05,free,general_qa,False,0,3,0,True,8,7.1
user_03819,2024-01-15,2024-03-15,free,general_qa,False,0,2,0,True,5,3.1
user_03820,2024-01-05,2024-02-04,enterprise,writing,True,100,1,100,True,6,10.2
user_03821,2024-02-28,2024-05-28,free,data_analysis,False,0,3,0,True,8,5.1
user_03822,2024-03-25,2024-06-01,pro,data_analysis,True,30,4,120,False,10,3.3
user_03823,2024-03-14,2024-06-01,free,data_analysis,False,0,3,0,False,9,4.7
user_03824,2024-02-25,2024-06-01,free,data_analysis,False,0,4,0,False,11,5.1
user_03825,2024-02-17,2024-04-17,pro,writing,True,25,2,50,True,5,8.8
user_03826,2024-03-28,2024-05-27,free,data_analysis,False,0,2,0,True,10,14.2
user_03827,2024-01-01,2024-01-31,free,coding,False,0,1,0,True,5,5.0
user_03828,2024-02-17,2024-06-01,free,writing,False,0,10,0,False,9,19.6
user_03829,2024-03-21,2024-06-01,pro,general_qa,True,30,5,150,False,7,7.5
user_03830,2024-01-19,2024-06-01,free,writing,False,0,11,0,False,7,2.7
user_03831,2024-01-24,2024-03-24,free,data_analysis,False,0,2,0,True,6,4.7
user_03832,2024-02-06,2024-04-06,free,general_qa,False,0,2,0,True,7,10.2
user_03833,2024-02-18,2024-04-18,free,writing,False,0,2,0,True,8,3.2
user_03834,2024-01-23,2024-06-01,free,general_qa,False,0,5,0,False,9,3.6
user_03835,2024-01-20,2024-05-19,free,writing,False,0,4,0,True,9,4.5
user_03836,2024-03-23,2024-06-01,enterprise,data_analysis,True,75,5,375,False,5,4.5
user_03837,2024-01-02,2024-05-31,pro,writing,True,25,5,125,True,7,9.4
user_03838,2024-03-24,2024-06-01,pro,general_qa,True,20,9,180,False,5,4.4
user_03839,2024-03-12,2024-06-01,pro,writing,True,20,5,100,False,3,8.4
user_03840,2024-01-29,2024-05-28,pro,writing,True,25,4,100,True,5,10.0
user_03841,2024-02-23,2024-05-23,free,data_analysis,False,0,3,0,True,11,4.6
user_03842,2024-02-27,2024-06-01,pro,coding,True,30,5,150,False,6,4.0
user_03843,2024-02-15,2024-06-01,pro,data_analysis,True,20,5,100,False,6,2.5
user_03844,2024-02-26,2024-06-01,free,writing,False,0,5,0,False,11,1.4
user_03845,2024-03-01,2024-06-01,pro,writing,True,20,6,120,False,8,4.9
user_03846,2024-03-25,2024-06-01,pro,general_qa,True,20,4,80,False,8,5.1
user_03847,2024-02-21,2024-06-01,free,data_analysis,False,0,4,0,False,6,7.0
user_03848,2024-02-23,2024-05-23,pro,general_qa,True,20,3,60,True,10,2.9
user_03849,2024-01-08,2024-02-07,pro,general_qa,True,25,1,25,True,9,3.5
user_03850,2024-03-29,2024-06-01,free,data_analysis,False,0,3,0,False,7,5.9
user_03851,2024-03-17,2024-06-01,free,writing,False,0,5,0,False,11,5.8
user_03852,2024-03-15,2024-06-01,free,coding,False,0,5,0,False,8,5.0
user_03853,2024-02-03,2024-04-03,enterprise,general_qa,True,75,2,150,True,6,1.4
user_03854,2024-01-12,2024-06-01,pro,writing,True,20,6,120,False,3,5.5
user_03855,2024-03-30,2024-06-01,pro,coding,True,20,7,140,False,8,3.6
user_03856,2024-02-07,2024-04-07,pro,general_qa,True,20,2,40,True,9,5.0
user_03857,2024-01-06,2024-04-05,free,general_qa,False,0,3,0,True,8,4.1
user_03858,2024-01-01,2024-03-31,free,coding,False,0,3,0,True,5,7.5
user_03859,2024-01-09,2024-04-08,free,data_analysis,False,0,3,0,True,9,2.9
user_03860,2024-02-12,2024-06-01,free,general_qa,False,0,7,0,False,4,1.6
user_03861,2024-02-08,2024-06-01,free,data_analysis,False,0,6,0,False,5,5.1
user_03862,2024-01-25,2024-06-01,free,data_analysis,False,0,8,0,False,9,2.8
user_03863,2024-02-17,2024-06-01,free,data_analysis,False,0,6,0,False,4,10.0
user_03864,2024-02-07,2024-06-01,pro,coding,True,25,10,250,False,5,3.1
user_03865,2024-02-08,2024-06-01,free,coding,False,0,5,0,False,8,2.8
user_03866,2024-01-27,2024-06-01,pro,writing,True,20,12,240,False,6,3.4
user_03867,2024-01-28,2024-06-01,enterprise,general_qa,True,50,6,300,False,7,2.3
user_03868,2024-01-26,2024-02-25,pro,writing,True,20,1,20,True,8,2.9
user_03869,2024-03-21,2024-06-01,free,writing,False,0,5,0,False,4,3.9
user_03870,2024-01-31,2024-05-30,enterprise,coding,True,75,4,300,True,7,8.3
user_03871,2024-03-01,2024-05-30,free,general_qa,False,0,3,0,True,8,1.4
user_03872,2024-02-09,2024-06-01,pro,general_qa,True,20,9,180,False,7,8.4
user_03873,2024-01-05,2024-05-04,free,data_analysis,False,0,4,0,True,5,3.8
user_03874,2024-01-27,2024-05-26,free,general_qa,False,0,4,0,True,8,5.3
user_03875,2024-03-16,2024-06-01,free,general_qa,False,0,6,0,False,5,3.9
user_03876,2024-02-06,2024-06-01,free,data_analysis,False,0,7,0,False,7,9.0
user_03877,2024-03-23,2024-06-01,free,data_analysis,False,0,8,0,False,7,2.0
user_03878,2024-01-28,2024-06-01,enterprise,coding,True,50,10,500,False,9,4.5
user_03879,2024-03-01,2024-04-30,free,writing,False,0,2,0,True,3,8.0
user_03880,2024-02-28,2024-06-01,free,coding,False,0,4,0,False,7,4.7
user_03881,2024-03-24,2024-06-01,pro,writing,True,25,9,225,False,10,6.8
user_03882,2024-02-12,2024-06-01,free,writing,False,0,5,0,False,4,9.3
user_03883,2024-02-14,2024-04-14,free,data_analysis,False,0,2,0,True,7,4.3
user_03884,2024-01-13,2024-05-12,free,writing,False,0,4,0,True,9,3.9
user_03885,2024-03-04,2024-06-01,pro,data_analysis,True,20,7,140,False,7,2.3
user_03886,2024-02-03,2024-06-01,free,coding,False,0,9,0,False,13,3.3
user_03887,2024-01-16,2024-05-15,free,data_analysis,False,0,4,0,True,6,10.6
user_03888,2024-03-03,2024-06-01,pro,general_qa,True,25,7,175,False,5,6.1
user_03889,2024-01-23,2024-06-01,free,general_qa,False,0,9,0,False,6,5.4
user_03890,2024-02-17,2024-06-01,free,general_qa,False,0,12,0,False,9,4.6
user_03891,2024-01-18,2024-06-01,free,writing,False,0,9,0,False,5,4.8
user_03892,2024-02-26,2024-06-01,free,data_analysis,False,0,4,0,False,12,4.8
user_03893,2024-01-12,2024-05-11,free,general_qa,False,0,4,0,True,7,4.9
user_03894,2024-02-12,2024-06-01,pro,general_qa,True,20,5,100,False,6,2.5
user_03895,2024-03-12,2024-06-01,free,data_analysis,False,0,11,0,False,5,2.1
user_03896,2024-03-14,2024-06-01,free,writing,False,0,10,0,False,7,4.5
user_03897,2024-03-07,2024-06-01,pro,coding,True,25,12,300,False,7,3.4
user_03898,2024-02-13,2024-06-01,free,coding,False,0,5,0,False,14,8.9
user_03899,2024-01-16,2024-06-01,enterprise,writing,True,50,7,350,False,6,5.0
user_03900,2024-03-06,2024-06-01,free,general_qa,False,0,6,0,False,6,2.6
user_03901,2024-02-03,2024-06-01,free,writing,False,0,10,0,False,5,7.6
user_03902,2024-02-14,2024-06-01,free,coding,False,0,12,0,False,7,3.6
user_03903,2024-01-10,2024-05-09,pro,coding,True,25,4,100,True,6,5.0
user_03904,2024-03-18,2024-06-01,free,coding,False,0,10,0,False,7,3.1
user_03905,2024-02-19,2024-06-01,enterprise,data_analysis,True,75,7,525,False,8,2.1
user_03906,2024-02-12,2024-06-01,pro,coding,True,20,8,160,False,10,2.4
user_03907,2024-03-24,2024-06-01,free,data_analysis,False,0,6,0,False,7,6.2
user_03908,2024-02-10,2024-06-01,pro,general_qa,True,20,7,140,False,4,4.1
user_03909,2024-01-20,2024-06-01,free,data_analysis,False,0,10,0,False,5,3.1
user_03910,2024-01-01,2024-01-31,free,general_qa,False,0,1,0,True,3,3.8
user_03911,2024-01-03,2024-02-02,enterprise,general_qa,True,50,1,50,True,10,11.4
user_03912,2024-01-10,2024-06-01,pro,writing,True,20,6,120,False,3,5.0
user_03913,2024-02-18,2024-06-01,pro,coding,True,20,8,160,False,3,10.2
user_03914,2024-02-10,2024-06-01,free,coding,False,0,5,0,False,9,4.2
user_03915,2024-03-03,2024-06-01,pro,coding,True,30,9,270,False,7,5.8
user_03916,2024-03-30,2024-05-29,free,general_qa,False,0,2,0,True,8,4.9
user_03917,2024-01-07,2024-06-01,pro,coding,True,20,5,100,False,7,7.8
user_03918,2024-03-15,2024-05-14,pro,coding,True,20,2,40,True,6,4.0
user_03919,2024-03-16,2024-06-01,free,coding,False,0,7,0,False,4,5.1
user_03920,2024-02-10,2024-06-01,free,coding,False,0,9,0,False,4,2.3
user_03921,2024-01-27,2024-06-01,pro,coding,True,20,8,160,False,8,7.3
user_03922,2024-03-28,2024-06-01,pro,writing,True,20,10,200,False,8,2.7
user_03923,2024-03-18,2024-06-01,free,data_analysis,False,0,3,0,False,5,2.3
user_03924,2024-02-02,2024-05-02,free,coding,False,0,3,0,True,11,4.8
user_03925,2024-03-19,2024-06-01,pro,writing,True,20,5,100,False,9,4.3
user_03926,2024-03-01,2024-04-30,enterprise,general_qa,True,50,2,100,True,9,7.8
user_03927,2024-01-07,2024-06-01,pro,coding,True,25,6,150,False,8,2.7
user_03928,2024-01-14,2024-06-01,pro,data_analysis,True,20,6,120,False,7,3.4
user_03929,2024-01-10,2024-05-09,pro,coding,True,25,4,100,True,4,1.1
user_03930,2024-03-28,2024-04-27,free,general_qa,False,0,1,0,True,7,4.5
user_03931,2024-03-11,2024-06-01,free,coding,False,0,3,0,False,5,1.6
user_03932,2024-01-28,2024-06-01,free,writing,False,0,7,0,False,4,5.4
user_03933,2024-02-06,2024-06-01,free,coding,False,0,6,0,False,4,4.6
user_03934,2024-02-21,2024-04-21,free,data_analysis,False,0,2,0,True,7,7.7
user_03935,2024-01-15,2024-06-01,pro,coding,True,20,12,240,False,2,3.8
user_03936,2024-02-24,2024-06-01,enterprise,coding,True,75,10,750,False,4,4.1
user_03937,2024-01-28,2024-04-27,pro,writing,True,25,3,75,True,4,6.0
user_03938,2024-03-13,2024-06-01,free,data_analysis,False,0,8,0,False,10,2.7
user_03939,2024-02-26,2024-06-01,pro,general_qa,True,20,5,100,False,12,3.7
user_03940,2024-03-13,2024-05-12,enterprise,coding,True,50,2,100,True,6,3.7
user_03941,2024-02-23,2024-06-01,free,coding,False,0,8,0,False,12,2.6
user_03942,2024-03-18,2024-06-01,pro,general_qa,True,25,7,175,False,9,10.1
user_03943,2024-01-17,2024-06-01,free,writing,False,0,6,0,False,5,2.5
user_03944,2024-02-19,2024-06-01,pro,coding,True,20,5,100,False,6,2.9
user_03945,2024-01-28,2024-06-01,free,general_qa,False,0,6,0,False,8,7.5
user_03946,2024-02-02,2024-05-02,pro,data_analysis,True,20,3,60,True,12,5.1
user_03947,2024-02-10,2024-04-10,enterprise,general_qa,True,50,2,100,True,7,5.5
user_03948,2024-01-18,2024-06-01,free,coding,False,0,7,0,False,7,3.7
user_03949,2024-01-04,2024-06-01,pro,data_analysis,True,20,12,240,False,8,4.5
user_03950,2024-03-28,2024-06-01,pro,coding,True,30,8,240,False,8,7.7
user_03951,2024-02-05,2024-06-01,free,general_qa,False,0,5,0,False,3,6.0
user_03952,2024-03-11,2024-06-01,free,writing,False,0,9,0,False,5,3.8
user_03953,2024-03-04,2024-06-01,enterprise,general_qa,True,50,8,400,False,7,5.3
user_03954,2024-01-11,2024-06-01,free,coding,False,0,8,0,False,10,6.3
user_03955,2024-02-09,2024-06-01,free,writing,False,0,4,0,False,8,6.1
user_03956,2024-01-05,2024-06-01,pro,coding,True,25,5,125,False,9,8.6
user_03957,2024-02-12,2024-06-01,enterprise,writing,True,100,6,600,False,6,4.6
user_03958,2024-02-01,2024-04-01,free,writing,False,0,2,0,True,2,11.2
user_03959,2024-03-27,2024-06-01,free,writing,False,0,7,0,False,4,7.2
user_03960,2024-01-11,2024-06-01,free,writing,False,0,8,0,False,4,4.9
user_03961,2024-01-23,2024-04-22,free,writing,False,0,3,0,True,6,1.9
user_03962,2024-02-24,2024-06-01,free,writing,False,0,6,0,False,7,5.2
user_03963,2024-03-25,2024-06-01,free,coding,False,0,3,0,False,4,1.9
user_03964,2024-02-27,2024-06-01,free,writing,False,0,10,0,False,10,9.9
user_03965,2024-01-30,2024-03-30,free,coding,False,0,2,0,True,7,7.1
user_03966,2024-03-01,2024-06-01,pro,coding,True,30,7,210,False,5,1.8
user_03967,2024-02-26,2024-04-26,pro,writing,True,20,2,40,True,9,13.8
user_03968,2024-02-13,2024-05-13,enterprise,coding,True,50,3,150,True,7,4.4
user_03969,2024-03-15,2024-04-14,pro,writing,True,20,1,20,True,5,3.8
user_03970,2024-02-23,2024-03-24,free,coding,False,0,1,0,True,7,5.4
user_03971,2024-03-04,2024-06-01,pro,coding,True,20,10,200,False,9,6.6
user_03972,2024-03-06,2024-06-01,free,writing,False,0,5,0,False,6,3.3
user_03973,2024-03-14,2024-06-01,free,data_analysis,False,0,6,0,False,14,9.6
user_03974,2024-01-11,2024-03-11,free,writing,False,0,2,0,True,8,4.7
user_03975,2024-01-04,2024-05-03,pro,data_analysis,True,20,4,80,True,5,14.9
user_03976,2024-01-08,2024-02-07,pro,coding,True,20,1,20,True,9,1.5
user_03977,2024-01-29,2024-04-28,enterprise,writing,True,75,3,225,True,5,2.6
user_03978,2024-02-07,2024-06-01,free,writing,False,0,4,0,False,6,6.9
user_03979,2024-01-14,2024-05-13,free,writing,False,0,4,0,True,6,2.3
user_03980,2024-02-13,2024-04-13,free,writing,False,0,2,0,True,9,6.7
user_03981,2024-03-02,2024-06-01,free,general_qa,False,0,6,0,False,11,6.5
user_03982,2024-01-20,2024-06-01,pro,general_qa,True,20,10,200,False,3,4.7
user_03983,2024-03-26,2024-06-01,free,data_analysis,False,0,8,0,False,8,4.4
user_03984,2024-02-26,2024-05-26,free,general_qa,False,0,3,0,True,6,5.1
user_03985,2024-01-30,2024-05-29,pro,general_qa,True,20,4,80,True,8,5.7
user_03986,2024-03-15,2024-06-01,free,coding,False,0,7,0,False,6,6.8
user_03987,2024-03-13,2024-06-01,pro,general_qa,True,20,9,180,False,8,3.4
user_03988,2024-03-02,2024-05-31,free,general_qa,False,0,3,0,True,6,6.5
user_03989,2024-01-30,2024-06-01,free,coding,False,0,6,0,False,4,5.0
user_03990,2024-02-19,2024-06-01,free,writing,False,0,4,0,False,4,2.1
user_03991,2024-01-11,2024-03-11,free,general_qa,False,0,2,0,True,9,4.4
user_03992,2024-02-12,2024-06-01,pro,data_analysis,True,20,11,220,False,8,10.5
user_03993,2024-01-22,2024-06-01,free,writing,False,0,12,0,False,6,6.1
user_03994,2024-02-25,2024-06-01,pro,general_qa,True,20,5,100,False,7,3.4
user_03995,2024-01-26,2024-06-01,enterprise,writing,True,75,12,900,False,7,3.3
user_03996,2024-01-11,2024-06-01,pro,writing,True,20,5,100,False,7,10.2
user_03997,2024-03-14,2024-06-01,free,coding,False,0,4,0,False,4,14.4
user_03998,2024-01-09,2024-06-01,pro,general_qa,True,30,5,150,False,9,3.7
user_03999,2024-03-28,2024-06-01,free,writing,False,0,3,0,False,4,4.7
user_04000,2024-02-27,2024-06-01,enterprise,general_qa,True,100,6,600,False,6,11.0
user_04001,2024-02-09,2024-06-01,free,coding,False,0,11,0,False,7,6.6
user_04002,2024-03-20,2024-06-01,free,coding,False,0,3,0,False,7,5.7
user_04003,2024-02-02,2024-06-01,pro,coding,True,20,4,80,True,6,2.5
user_04004,2024-03-16,2024-06-01,enterprise,writing,True,50,9,450,False,10,3.0
user_04005,2024-02-25,2024-06-01,free,data_analysis,False,0,8,0,False,7,4.1
user_04006,2024-02-07,2024-06-01,free,coding,False,0,5,0,False,15,7.4
user_04007,2024-02-15,2024-06-01,free,general_qa,False,0,4,0,False,10,4.6
user_04008,2024-01-23,2024-06-01,free,writing,False,0,7,0,False,6,3.1
user_04009,2024-02-12,2024-06-01,enterprise,writing,True,75,8,600,False,6,2.1
user_04010,2024-02-03,2024-06-01,pro,writing,True,25,4,100,False,8,5.0
user_04011,2024-01-01,2024-03-31,enterprise,writing,True,75,3,225,True,9,2.1
user_04012,2024-01-27,2024-06-01,free,writing,False,0,11,0,False,4,13.1
user_04013,2024-03-24,2024-06-01,free,coding,False,0,3,0,False,6,4.3
user_04014,2024-01-27,2024-06-01,pro,general_qa,True,25,6,150,False,6,1.7
user_04015,2024-03-27,2024-05-26,free,data_analysis,False,0,2,0,True,8,3.3
user_04016,2024-03-15,2024-06-01,enterprise,coding,True,50,7,350,False,6,3.6
user_04017,2024-01-12,2024-05-11,free,writing,False,0,4,0,True,10,4.6
user_04018,2024-02-08,2024-06-01,free,writing,False,0,5,0,False,9,2.9
user_04019,2024-03-04,2024-06-01,free,writing,False,0,7,0,False,6,10.2
user_04020,2024-02-17,2024-06-01,free,writing,False,0,4,0,False,5,7.9
user_04021,2024-02-17,2024-06-01,free,writing,False,0,11,0,False,8,12.2
user_04022,2024-01-10,2024-06-01,free,coding,False,0,6,0,False,7,1.6
user_04023,2024-02-01,2024-05-31,free,coding,False,0,4,0,True,10,4.1
user_04024,2024-02-25,2024-05-25,free,coding,False,0,3,0,True,11,6.5
user_04025,2024-01-21,2024-06-01,free,data_analysis,False,0,5,0,False,6,2.0
user_04026,2024-01-27,2024-03-27,free,coding,False,0,2,0,True,8,3.3
user_04027,2024-03-27,2024-06-01,pro,data_analysis,True,20,5,100,False,7,2.5
user_04028,2024-01-17,2024-05-16,free,coding,False,0,4,0,True,3,6.9
user_04029,2024-01-29,2024-06-01,free,data_analysis,False,0,6,0,False,4,5.2
user_04030,2024-02-04,2024-06-01,pro,writing,True,25,8,200,False,7,10.5
user_04031,2024-01-15,2024-03-15,free,data_analysis,False,0,2,0,True,4,4.6
user_04032,2024-03-02,2024-06-01,enterprise,coding,True,50,6,300,False,12,12.1
user_04033,2024-01-13,2024-06-01,enterprise,coding,True,75,11,825,False,9,3.1
user_04034,2024-02-18,2024-06-01,free,writing,False,0,6,0,False,9,4.2
user_04035,2024-03-03,2024-04-02,enterprise,coding,True,50,1,50,True,9,2.7
user_04036,2024-03-24,2024-06-01,free,general_qa,False,0,9,0,False,9,13.2
user_04037,2024-01-14,2024-03-14,free,writing,False,0,2,0,True,10,2.9
user_04038,2024-03-29,2024-06-01,pro,coding,True,20,5,100,False,3,4.4
user_04039,2024-02-27,2024-06-01,free,writing,False,0,6,0,False,7,5.9
user_04040,2024-02-13,2024-06-01,free,general_qa,False,0,7,0,False,8,8.0
user_04041,2024-02-08,2024-05-08,free,data_analysis,False,0,3,0,True,8,4.2
user_04042,2024-03-30,2024-05-29,free,coding,False,0,2,0,True,7,7.5
user_04043,2024-01-17,2024-06-01,pro,data_analysis,True,20,6,120,False,6,3.4
user_04044,2024-02-17,2024-06-01,free,data_analysis,False,0,10,0,False,7,5.6
user_04045,2024-01-10,2024-06-01,enterprise,coding,True,75,9,675,False,11,5.1
user_04046,2024-01-04,2024-04-03,free,coding,False,0,3,0,True,11,3.9
user_04047,2024-01-19,2024-06-01,free,general_qa,False,0,5,0,False,8,3.5
user_04048,2024-03-11,2024-06-01,free,general_qa,False,0,12,0,False,6,2.7
user_04049,2024-02-29,2024-06-01,pro,coding,True,30,4,120,False,6,3.0
user_04050,2024-03-07,2024-06-01,free,general_qa,False,0,9,0,False,10,5.4
user_04051,2024-01-28,2024-06-01,free,coding,False,0,8,0,False,8,2.9
user_04052,2024-01-12,2024-06-01,enterprise,coding,True,50,5,250,False,9,3.0
user_04053,2024-02-22,2024-06-01,free,writing,False,0,8,0,False,4,14.4
user_04054,2024-03-30,2024-05-29,free,coding,False,0,2,0,True,11,6.9
user_04055,2024-01-20,2024-06-01,free,general_qa,False,0,8,0,False,4,9.4
user_04056,2024-01-19,2024-04-18,pro,data_analysis,True,20,3,60,True,9,6.2
user_04057,2024-03-17,2024-06-01,pro,general_qa,True,25,10,250,False,7,4.3
user_04058,2024-02-12,2024-06-01,pro,coding,True,25,5,125,False,3,8.4
user_04059,2024-03-20,2024-06-01,free,general_qa,False,0,3,0,False,6,9.1
user_04060,2024-01-04,2024-06-01,free,coding,False,0,7,0,False,10,4.3
user_04061,2024-02-25,2024-06-01,free,data_analysis,False,0,7,0,False,5,8.9
user_04062,2024-03-06,2024-04-05,pro,general_qa,True,20,1,20,True,3,3.7
user_04063,2024-01-30,2024-06-01,free,writing,False,0,8,0,False,4,8.8
user_04064,2024-03-21,2024-06-01,free,writing,False,0,6,0,False,5,12.0
user_04065,2024-01-07,2024-05-06,free,coding,False,0,4,0,True,5,5.9
user_04066,2024-01-09,2024-06-01,free,coding,False,0,9,0,False,4,3.7
user_04067,2024-03-15,2024-06-01,free,writing,False,0,5,0,False,9,3.6
user_04068,2024-01-30,2024-05-29,enterprise,writing,True,50,4,200,True,7,6.1
user_04069,2024-01-03,2024-05-02,pro,writing,True,30,4,120,True,9,3.8
user_04070,2024-01-30,2024-03-30,enterprise,data_analysis,True,50,2,100,True,5,2.8
user_04071,2024-01-28,2024-03-28,enterprise,general_qa,True,75,2,150,True,13,11.5
user_04072,2024-02-02,2024-06-01,pro,writing,True,20,10,200,False,6,4.2
user_04073,2024-02-01,2024-05-01,free,data_analysis,False,0,3,0,True,8,3.7
user_04074,2024-02-19,2024-06-01,pro,data_analysis,True,20,11,220,False,4,3.8
user_04075,2024-01-04,2024-06-01,free,writing,False,0,7,0,False,7,6.2
user_04076,2024-02-09,2024-06-01,free,data_analysis,False,0,8,0,False,7,6.4
user_04077,2024-02-06,2024-04-06,free,general_qa,False,0,2,0,True,5,3.4
user_04078,2024-02-14,2024-04-14,free,writing,False,0,2,0,True,7,4.0
user_04079,2024-03-22,2024-06-01,pro,writing,True,20,3,60,False,10,11.5
user_04080,2024-03-03,2024-06-01,enterprise,data_analysis,True,100,10,1000,False,8,1.6
user_04081,2024-02-13,2024-06-01,enterprise,coding,True,75,5,375,False,6,2.8
user_04082,2024-03-05,2024-06-01,pro,coding,True,20,11,220,False,7,6.2
user_04083,2024-01-13,2024-06-01,free,general_qa,False,0,5,0,False,6,4.3
user_04084,2024-02-10,2024-06-01,free,general_qa,False,0,6,0,False,10,5.3
user_04085,2024-01-17,2024-04-16,enterprise,writing,True,50,3,150,True,7,6.1
user_04086,2024-01-27,2024-03-27,free,general_qa,False,0,2,0,True,8,2.5
user_04087,2024-03-21,2024-06-01,free,coding,False,0,7,0,False,4,6.7
user_04088,2024-02-10,2024-06-01,free,coding,False,0,7,0,False,12,4.8
user_04089,2024-01-31,2024-06-01,free,data_analysis,False,0,7,0,False,9,1.8
user_04090,2024-03-07,2024-04-06,pro,writing,True,20,1,20,True,9,4.0
user_04091,2024-01-18,2024-02-17,free,writing,False,0,1,0,True,10,3.4
user_04092,2024-01-06,2024-04-05,free,coding,False,0,3,0,True,5,15.0
user_04093,2024-01-09,2024-04-08,pro,data_analysis,True,25,3,75,True,6,10.8
user_04094,2024-02-01,2024-06-01,pro,general_qa,True,25,12,300,False,7,9.5
user_04095,2024-02-16,2024-05-16,free,writing,False,0,3,0,True,5,1.6
user_04096,2024-03-08,2024-06-01,free,data_analysis,False,0,8,0,False,7,7.3
user_04097,2024-02-02,2024-06-01,free,general_qa,False,0,9,0,False,9,7.1
user_04098,2024-02-29,2024-05-29,free,data_analysis,False,0,3,0,True,13,3.2
user_04099,2024-01-19,2024-04-18,free,coding,False,0,3,0,True,10,3.1
user_04100,2024-01-07,2024-06-01,free,general_qa,False,0,7,0,False,5,4.9
user_04101,2024-03-11,2024-06-01,free,data_analysis,False,0,6,0,False,6,7.7
user_04102,2024-02-24,2024-05-24,pro,data_analysis,True,20,3,60,True,9,10.2
user_04103,2024-03-21,2024-05-20,free,coding,False,0,2,0,True,10,7.2
user_04104,2024-01-21,2024-03-21,free,coding,False,0,2,0,True,6,3.5
user_04105,2024-02-08,2024-06-01,pro,writing,True,20,12,240,False,4,8.1
user_04106,2024-01-05,2024-03-05,free,writing,False,0,2,0,True,6,4.2
user_04107,2024-03-27,2024-06-01,pro,data_analysis,True,25,3,75,False,8,5.7
user_04108,2024-03-17,2024-06-01,free,general_qa,False,0,7,0,False,9,6.7
user_04109,2024-03-11,2024-06-01,free,coding,False,0,3,0,False,4,8.3
user_04110,2024-02-22,2024-06-01,pro,coding,True,20,6,120,False,7,3.6
user_04111,2024-03-16,2024-05-15,free,writing,False,0,2,0,True,8,3.6
user_04112,2024-02-02,2024-05-02,pro,data_analysis,True,30,3,90,True,9,3.3
user_04113,2024-03-18,2024-04-17,free,writing,False,0,1,0,True,3,5.4
user_04114,2024-02-13,2024-06-01,free,coding,False,0,6,0,False,7,7.2
user_04115,2024-03-18,2024-06-01,free,writing,False,0,4,0,False,6,4.2
user_04116,2024-01-21,2024-06-01,free,general_qa,False,0,5,0,False,7,6.0
user_04117,2024-02-04,2024-06-01,free,writing,False,0,6,0,False,9,1.7
user_04118,2024-02-18,2024-06-01,pro,data_analysis,True,30,5,150,False,8,4.8
user_04119,2024-01-01,2024-06-01,pro,coding,True,30,6,180,False,8,2.5
user_04120,2024-01-27,2024-06-01,free,data_analysis,False,0,7,0,False,9,5.0
user_04121,2024-02-23,2024-06-01,pro,coding,True,20,7,140,False,8,3.7
user_04122,2024-02-17,2024-06-01,pro,writing,True,25,6,150,False,10,7.6
user_04123,2024-03-05,2024-06-01,free,writing,False,0,9,0,False,8,6.6
user_04124,2024-01-26,2024-06-01,enterprise,coding,True,50,9,450,False,10,4.0
user_04125,2024-02-11,2024-06-01,free,writing,False,0,9,0,False,8,4.0
user_04126,2024-03-01,2024-06-01,free,coding,False,0,5,0,False,4,4.8
user_04127,2024-03-26,2024-06-01,pro,coding,True,30,6,180,False,7,6.7
user_04128,2024-01-04,2024-06-01,pro,general_qa,True,20,5,100,False,5,5.2
user_04129,2024-03-04,2024-05-03,free,general_qa,False,0,2,0,True,8,3.0
user_04130,2024-03-20,2024-06-01,free,coding,False,0,5,0,False,6,3.5
user_04131,2024-03-15,2024-06-01,free,general_qa,False,0,9,0,False,6,2.8
user_04132,2024-03-26,2024-06-01,free,data_analysis,False,0,8,0,False,3,4.6
user_04133,2024-01-13,2024-06-01,enterprise,coding,True,50,10,500,False,6,6.1
user_04134,2024-03-13,2024-06-01,free,general_qa,False,0,5,0,False,7,4.8
user_04135,2024-02-03,2024-04-03,enterprise,data_analysis,True,75,2,150,True,3,2.3
user_04136,2024-01-26,2024-06-01,pro,writing,True,30,5,150,False,9,2.8
user_04137,2024-01-13,2024-04-12,free,general_qa,False,0,3,0,True,4,10.0
user_04138,2024-02-18,2024-06-01,pro,coding,True,30,5,150,False,6,8.2
user_04139,2024-01-26,2024-06-01,free,data_analysis,False,0,6,0,False,3,3.0
user_04140,2024-02-14,2024-06-01,pro,writing,True,25,6,150,False,9,2.5
user_04141,2024-03-10,2024-06-01,enterprise,writing,True,100,10,1000,False,9,3.4
user_04142,2024-03-07,2024-06-01,free,data_analysis,False,0,8,0,False,8,2.0
user_04143,2024-03-23,2024-05-22,pro,general_qa,True,25,2,50,True,7,1.6
user_04144,2024-01-29,2024-06-01,pro,writing,True,30,7,210,False,8,3.8
user_04145,2024-01-01,2024-03-31,free,data_analysis,False,0,3,0,True,6,4.7
user_04146,2024-02-21,2024-06-01,free,writing,False,0,10,0,False,5,1.9
user_04147,2024-03-03,2024-06-01,free,data_analysis,False,0,5,0,False,10,5.4
user_04148,2024-02-15,2024-05-15,free,data_analysis,False,0,3,0,True,10,3.6
user_04149,2024-03-23,2024-06-01,free,general_qa,False,0,8,0,False,8,5.0
user_04150,2024-01-22,2024-06-01,free,general_qa,False,0,8,0,False,8,6.6
user_04151,2024-03-01,2024-04-30,pro,writing,True,20,2,40,True,7,3.0
user_04152,2024-01-24,2024-06-01,free,coding,False,0,8,0,False,4,4.5
user_04153,2024-02-04,2024-06-01,pro,data_analysis,True,20,4,80,False,7,9.7
user_04154,2024-03-20,2024-06-01,enterprise,writing,True,100,12,1200,False,4,5.8
user_04155,2024-02-03,2024-03-04,free,data_analysis,False,0,1,0,True,6,13.3
user_04156,2024-01-08,2024-02-07,enterprise,writing,True,50,1,50,True,6,3.6
user_04157,2024-02-14,2024-06-01,pro,general_qa,True,30,9,270,False,5,15.8
user_04158,2024-03-24,2024-06-01,enterprise,writing,True,50,5,250,False,4,4.1
user_04159,2024-01-22,2024-03-22,enterprise,general_qa,True,75,2,150,True,5,2.4
user_04160,2024-02-22,2024-04-22,free,writing,False,0,2,0,True,6,2.8
user_04161,2024-03-25,2024-06-01,pro,coding,True,20,7,140,False,5,3.5
user_04162,2024-03-02,2024-05-31,enterprise,data_analysis,True,50,3,150,True,6,3.9
user_04163,2024-01-08,2024-04-07,free,general_qa,False,0,3,0,True,7,3.3
user_04164,2024-03-30,2024-05-29,free,writing,False,0,2,0,True,6,3.7
user_04165,2024-02-13,2024-05-13,free,writing,False,0,3,0,True,7,6.1
user_04166,2024-02-18,2024-06-01,free,coding,False,0,8,0,False,8,5.0
user_04167,2024-01-12,2024-06-01,free,data_analysis,False,0,5,0,False,5,6.6
user_04168,2024-03-23,2024-06-01,free,general_qa,False,0,3,0,False,9,3.6
user_04169,2024-02-03,2024-06-01,free,general_qa,False,0,4,0,False,5,4.2
user_04170,2024-02-09,2024-06-01,free,writing,False,0,6,0,False,6,2.1
user_04171,2024-01-29,2024-06-01,pro,writing,True,20,9,180,False,9,1.7
user_04172,2024-03-14,2024-06-01,pro,writing,True,25,10,250,False,6,2.5
user_04173,2024-02-12,2024-06-01,free,data_analysis,False,0,5,0,False,9,8.4
user_04174,2024-01-14,2024-06-01,enterprise,writing,True,75,6,450,False,8,7.8
user_04175,2024-01-12,2024-06-01,pro,writing,True,30,6,180,False,7,7.8
user_04176,2024-01-21,2024-06-01,pro,general_qa,True,30,5,150,False,6,1.1
user_04177,2024-03-03,2024-06-01,free,writing,False,0,5,0,False,6,1.6
user_04178,2024-01-13,2024-04-12,free,coding,False,0,3,0,True,4,1.9
user_04179,2024-03-14,2024-06-01,free,coding,False,0,9,0,False,6,1.2
user_04180,2024-03-07,2024-06-01,pro,writing,True,20,5,100,False,7,4.8
user_04181,2024-01-20,2024-06-01,pro,coding,True,25,6,150,False,9,2.9
user_04182,2024-03-26,2024-06-01,pro,writing,True,30,6,180,False,4,2.5
user_04183,2024-03-01,2024-03-31,free,general_qa,False,0,1,0,True,6,5.1
user_04184,2024-03-26,2024-05-25,free,coding,False,0,2,0,True,7,4.3
user_04185,2024-02-18,2024-06-01,enterprise,coding,True,50,8,400,False,6,3.2
user_04186,2024-03-16,2024-06-01,free,general_qa,False,0,5,0,False,9,2.6
user_04187,2024-03-28,2024-05-27,enterprise,general_qa,True,100,2,200,True,10,6.7
user_04188,2024-01-30,2024-02-29,free,writing,False,0,1,0,True,6,2.2
user_04189,2024-03-05,2024-06-01,pro,general_qa,True,25,5,125,False,6,3.5
user_04190,2024-02-19,2024-06-01,free,coding,False,0,6,0,False,8,8.6
user_04191,2024-03-16,2024-06-01,free,data_analysis,False,0,3,0,False,10,5.0
user_04192,2024-02-03,2024-05-03,free,coding,False,0,3,0,True,12,2.0
user_04193,2024-01-07,2024-05-06,pro,coding,True,25,4,100,True,9,3.4
user_04194,2024-01-04,2024-06-01,free,writing,False,0,6,0,False,5,4.5
user_04195,2024-03-08,2024-06-01,free,writing,False,0,5,0,False,7,2.4
user_04196,2024-01-11,2024-06-01,free,writing,False,0,6,0,False,5,1.9
user_04197,2024-01-19,2024-05-18,free,data_analysis,False,0,4,0,True,4,2.0
user_04198,2024-01-09,2024-06-01,enterprise,general_qa,True,100,11,1100,False,7,1.4
user_04199,2024-01-18,2024-05-17,free,coding,False,0,4,0,True,8,3.6
user_04200,2024-01-29,2024-06-01,free,coding,False,0,10,0,False,6,2.7
user_04201,2024-03-09,2024-06-01,enterprise,coding,True,75,12,900,False,6,2.5
user_04202,2024-01-13,2024-06-01,free,general_qa,False,0,5,0,False,8,6.8
user_04203,2024-01-24,2024-06-01,free,data_analysis,False,0,6,0,False,6,6.9
user_04204,2024-01-12,2024-06-01,enterprise,writing,True,50,6,300,False,5,3.5
user_04205,2024-03-09,2024-06-01,free,coding,False,0,6,0,False,5,7.1
user_04206,2024-02-01,2024-05-31,free,writing,False,0,4,0,True,6,3.8
user_04207,2024-01-26,2024-06-01,pro,coding,True,25,8,200,False,12,2.3
user_04208,2024-01-24,2024-06-01,free,writing,False,0,6,0,False,5,2.2
user_04209,2024-01-06,2024-06-01,free,data_analysis,False,0,6,0,False,8,1.8
user_04210,2024-02-22,2024-06-01,enterprise,coding,True,50,7,350,False,6,3.0
user_04211,2024-03-13,2024-04-12,enterprise,general_qa,True,100,1,100,True,7,9.3
user_04212,2024-01-12,2024-03-12,free,coding,False,0,2,0,True,4,7.6
user_04213,2024-01-25,2024-03-25,free,general_qa,False,0,2,0,True,9,1.3
user_04214,2024-01-12,2024-06-01,free,data_analysis,False,0,7,0,False,6,3.2
user_04215,2024-02-10,2024-05-10,free,writing,False,0,3,0,True,8,2.9
user_04216,2024-01-13,2024-06-01,free,general_qa,False,0,11,0,False,4,8.0
user_04217,2024-01-31,2024-06-01,free,writing,False,0,8,0,False,4,5.3
user_04218,2024-01-31,2024-04-30,pro,general_qa,True,20,3,60,True,6,4.3
user_04219,2024-03-27,2024-05-26,free,coding,False,0,2,0,True,5,2.6
user_04220,2024-03-07,2024-05-06,pro,writing,True,20,2,40,True,4,6.2
user_04221,2024-01-29,2024-06-01,pro,coding,True,25,7,175,False,6,7.1
user_04222,2024-01-03,2024-04-02,free,writing,False,0,3,0,True,7,3.7
user_04223,2024-03-01,2024-06-01,free,general_qa,False,0,6,0,False,4,2.7
user_04224,2024-01-24,2024-03-24,free,general_qa,False,0,2,0,True,4,1.9
user_04225,2024-03-15,2024-06-01,pro,writing,True,20,5,100,False,6,1.8
user_04226,2024-01-12,2024-06-01,free,writing,False,0,6,0,False,11,1.8
user_04227,2024-01-29,2024-06-01,free,data_analysis,False,0,6,0,False,5,9.4
user_04228,2024-02-22,2024-04-22,free,coding,False,0,2,0,True,8,8.4
user_04229,2024-02-15,2024-06-01,free,coding,False,0,7,0,False,10,7.9
user_04230,2024-02-10,2024-06-01,free,general_qa,False,0,5,0,False,8,8.3
user_04231,2024-01-12,2024-05-11,free,writing,False,0,4,0,True,8,4.3
user_04232,2024-02-25,2024-05-25,pro,general_qa,True,30,3,90,True,8,3.0
user_04233,2024-02-27,2024-06-01,free,writing,False,0,4,0,False,3,3.4
user_04234,2024-03-14,2024-06-01,free,data_analysis,False,0,4,0,False,5,8.1
user_04235,2024-03-01,2024-06-01,enterprise,coding,True,50,4,200,False,5,3.7
user_04236,2024-03-06,2024-06-01,pro,general_qa,True,20,5,100,False,9,2.8
user_04237,2024-03-27,2024-06-01,pro,writing,True,20,12,240,False,8,3.9
user_04238,2024-03-08,2024-06-01,free,data_analysis,False,0,11,0,False,7,2.1
user_04239,2024-01-28,2024-04-27,free,data_analysis,False,0,3,0,True,4,2.7
user_04240,2024-03-13,2024-06-01,free,writing,False,0,5,0,False,9,1.8
user_04241,2024-03-10,2024-06-01,free,coding,False,0,5,0,False,5,2.7
user_04242,2024-01-11,2024-05-10,free,data_analysis,False,0,4,0,True,2,4.5
user_04243,2024-02-01,2024-06-01,pro,writing,True,20,7,140,False,3,8.5
user_04244,2024-02-19,2024-04-19,free,general_qa,False,0,2,0,True,7,1.9
user_04245,2024-02-06,2024-03-07,free,coding,False,0,1,0,True,8,7.5
user_04246,2024-01-19,2024-02-18,free,writing,False,0,1,0,True,6,3.1
user_04247,2024-03-09,2024-06-01,free,coding,False,0,4,0,False,9,3.0
user_04248,2024-02-05,2024-06-01,free,general_qa,False,0,6,0,False,6,3.3
user_04249,2024-03-16,2024-06-01,pro,coding,True,20,6,120,False,6,4.5
user_04250,2024-02-19,2024-06-01,free,general_qa,False,0,12,0,False,8,6.0
user_04251,2024-01-04,2024-06-01,free,data_analysis,False,0,5,0,False,10,3.3
user_04252,2024-02-15,2024-06-01,free,writing,False,0,4,0,False,4,9.2
user_04253,2024-02-07,2024-03-08,pro,coding,True,25,1,25,True,11,6.1
user_04254,2024-01-13,2024-05-12,pro,writing,True,30,4,120,True,5,5.9
user_04255,2024-01-20,2024-06-01,free,general_qa,False,0,8,0,False,8,5.2
user_04256,2024-01-18,2024-02-17,pro,coding,True,25,1,25,True,4,2.8
user_04257,2024-02-24,2024-06-01,free,data_analysis,False,0,10,0,False,3,12.1
user_04258,2024-03-30,2024-05-29,free,writing,False,0,2,0,True,5,4.9
user_04259,2024-03-20,2024-06-01,free,data_analysis,False,0,11,0,False,7,4.1
user_04260,2024-03-04,2024-06-01,free,general_qa,False,0,9,0,False,6,3.4
user_04261,2024-03-29,2024-05-28,pro,coding,True,30,2,60,True,9,4.7
user_04262,2024-03-18,2024-06-01,enterprise,writing,True,75,5,375,False,6,7.8
user_04263,2024-02-23,2024-06-01,free,writing,False,0,5,0,False,4,7.0
user_04264,2024-01-14,2024-06-01,free,data_analysis,False,0,7,0,False,5,9.1
user_04265,2024-02-13,2024-06-01,enterprise,coding,True,50,9,450,False,5,6.1
user_04266,2024-03-18,2024-06-01,pro,writing,True,20,3,60,False,7,3.4
user_04267,2024-01-26,2024-05-25,free,writing,False,0,4,0,True,8,8.7
user_04268,2024-01-15,2024-06-01,free,coding,False,0,7,0,False,7,5.4
user_04269,2024-01-31,2024-04-30,pro,general_qa,True,25,3,75,True,7,7.1
user_04270,2024-01-22,2024-06-01,free,coding,False,0,6,0,False,6,2.5
user_04271,2024-02-19,2024-06-01,free,coding,False,0,7,0,False,8,10.7
user_04272,2024-01-11,2024-06-01,pro,general_qa,True,20,6,120,False,7,3.8
user_04273,2024-02-17,2024-06-01,pro,coding,True,30,7,210,False,9,6.4
user_04274,2024-01-10,2024-02-09,free,data_analysis,False,0,1,0,True,8,6.6
user_04275,2024-02-27,2024-05-27,free,data_analysis,False,0,3,0,True,6,2.1
user_04276,2024-01-19,2024-06-01,free,data_analysis,False,0,7,0,False,5,11.8
user_04277,2024-01-01,2024-05-30,pro,coding,True,20,5,100,True,8,3.7
user_04278,2024-01-10,2024-06-01,free,data_analysis,False,0,8,0,False,7,3.9
user_04279,2024-03-17,2024-06-01,free,coding,False,0,6,0,False,5,2.9
user_04280,2024-01-27,2024-05-26,free,data_analysis,False,0,4,0,True,7,7.2
user_04281,2024-03-09,2024-04-08,pro,writing,True,20,1,20,True,8,4.7
user_04282,2024-02-02,2024-06-01,pro,writing,True,20,8,160,False,7,7.9
user_04283,2024-02-20,2024-06-01,free,writing,False,0,9,0,False,7,5.1
user_04284,2024-02-12,2024-06-01,free,general_qa,False,0,7,0,False,11,3.0
user_04285,2024-01-02,2024-06-01,free,coding,False,0,9,0,False,2,5.2
user_04286,2024-01-16,2024-06-01,pro,writing,True,20,6,120,False,8,3.4
user_04287,2024-02-19,2024-04-19,free,writing,False,0,2,0,True,8,11.5
user_04288,2024-03-06,2024-06-01,free,data_analysis,False,0,11,0,False,5,1.3
user_04289,2024-01-12,2024-06-01,pro,data_analysis,True,30,7,210,False,9,2.3
user_04290,2024-03-01,2024-06-01,free,data_analysis,False,0,4,0,False,3,2.8
user_04291,2024-02-03,2024-06-01,free,data_analysis,False,0,10,0,False,6,1.7
user_04292,2024-01-12,2024-02-11,enterprise,writing,True,100,1,100,True,5,2.8
user_04293,2024-03-28,2024-06-01,free,general_qa,False,0,3,0,False,7,8.1
user_04294,2024-02-21,2024-05-21,free,data_analysis,False,0,3,0,True,8,8.6
user_04295,2024-01-17,2024-04-16,enterprise,general_qa,True,75,3,225,True,4,3.3
user_04296,2024-03-07,2024-06-01,enterprise,general_qa,True,50,6,300,False,6,5.7
user_04297,2024-02-02,2024-06-01,pro,writing,True,25,4,100,True,9,5.3
user_04298,2024-01-15,2024-06-01,free,data_analysis,False,0,11,0,False,6,5.7
user_04299,2024-02-28,2024-06-01,pro,coding,True,25,7,175,False,4,1.9
user_04300,2024-01-18,2024-06-01,pro,coding,True,20,10,200,False,9,6.0
user_04301,2024-01-08,2024-05-07,free,general_qa,False,0,4,0,True,7,5.8
user_04302,2024-03-02,2024-06-01,free,general_qa,False,0,8,0,False,7,2.4
user_04303,2024-01-04,2024-06-01,free,general_qa,False,0,6,0,False,9,4.1
user_04304,2024-03-06,2024-06-01,free,data_analysis,False,0,4,0,False,8,4.1
user_04305,2024-03-21,2024-06-01,free,coding,False,0,7,0,False,5,5.6
user_04306,2024-03-25,2024-06-01,pro,general_qa,True,20,4,80,False,7,2.5
user_04307,2024-03-16,2024-06-01,free,coding,False,0,9,0,False,5,2.8
user_04308,2024-03-08,2024-06-01,free,data_analysis,False,0,10,0,False,8,3.5
user_04309,2024-02-20,2024-06-01,free,coding,False,0,8,0,False,4,11.1
user_04310,2024-03-12,2024-06-01,pro,general_qa,True,25,4,100,False,7,3.8
user_04311,2024-02-29,2024-06-01,free,data_analysis,False,0,10,0,False,8,3.1
user_04312,2024-03-04,2024-06-01,free,writing,False,0,6,0,False,3,2.7
user_04313,2024-01-21,2024-04-20,free,general_qa,False,0,3,0,True,7,2.2
user_04314,2024-03-30,2024-06-01,free,data_analysis,False,0,3,0,False,8,3.7
user_04315,2024-03-30,2024-06-01,free,general_qa,False,0,7,0,False,10,7.3
user_04316,2024-03-06,2024-06-01,free,coding,False,0,10,0,False,10,5.8
user_04317,2024-01-02,2024-02-01,free,general_qa,False,0,1,0,True,7,7.4
user_04318,2024-03-28,2024-06-01,free,data_analysis,False,0,9,0,False,6,4.0
user_04319,2024-03-29,2024-06-01,pro,writing,True,20,9,180,False,5,3.9
user_04320,2024-02-20,2024-06-01,free,writing,False,0,6,0,False,3,5.7
user_04321,2024-01-16,2024-06-01,enterprise,coding,True,75,6,450,False,10,6.0
user_04322,2024-02-11,2024-06-01,free,coding,False,0,9,0,False,6,4.8
user_04323,2024-02-07,2024-03-08,enterprise,writing,True,50,1,50,True,7,4.7
user_04324,2024-01-27,2024-06-01,free,writing,False,0,6,0,False,5,8.4
user_04325,2024-02-23,2024-06-01,pro,general_qa,True,20,4,80,False,10,5.2
user_04326,2024-01-29,2024-06-01,free,writing,False,0,10,0,False,6,6.0
user_04327,2024-01-31,2024-06-01,pro,coding,True,20,8,160,False,2,2.7
user_04328,2024-01-28,2024-06-01,pro,general_qa,True,20,6,120,False,11,5.7
user_04329,2024-01-12,2024-06-01,pro,coding,True,30,12,360,False,6,3.8
user_04330,2024-02-16,2024-06-01,free,general_qa,False,0,5,0,False,9,5.7
user_04331,2024-01-09,2024-06-01,pro,general_qa,True,20,12,240,False,9,11.8
user_04332,2024-02-20,2024-06-01,free,writing,False,0,4,0,False,7,4.9
user_04333,2024-02-18,2024-06-01,free,general_qa,False,0,8,0,False,8,3.2
user_04334,2024-01-08,2024-04-07,free,data_analysis,False,0,3,0,True,4,2.1
user_04335,2024-02-06,2024-05-06,pro,writing,True,20,3,60,True,6,7.6
user_04336,2024-02-08,2024-03-09,pro,writing,True,20,1,20,True,8,1.8
user_04337,2024-01-15,2024-06-01,pro,writing,True,25,5,125,False,10,6.8
user_04338,2024-01-06,2024-05-05,enterprise,writing,True,75,4,300,True,8,6.0
user_04339,2024-01-14,2024-06-01,pro,general_qa,True,20,8,160,False,7,3.2
user_04340,2024-01-08,2024-03-08,free,writing,False,0,2,0,True,7,10.5
user_04341,2024-03-10,2024-06-01,free,general_qa,False,0,7,0,False,6,2.6
user_04342,2024-03-29,2024-06-01,free,coding,False,0,10,0,False,8,4.3
user_04343,2024-03-19,2024-06-01,enterprise,general_qa,True,100,12,1200,False,7,7.0
user_04344,2024-03-16,2024-06-01,pro,general_qa,True,25,11,275,False,9,2.6
user_04345,2024-03-04,2024-06-01,pro,writing,True,20,3,60,False,7,2.1
user_04346,2024-02-01,2024-06-01,free,writing,False,0,5,0,False,6,1.9
user_04347,2024-03-30,2024-06-01,free,general_qa,False,0,6,0,False,8,2.1
user_04348,2024-01-19,2024-06-01,enterprise,coding,True,50,5,250,False,7,2.6
user_04349,2024-03-19,2024-06-01,pro,general_qa,True,25,7,175,False,3,5.5
user_04350,2024-01-02,2024-06-01,enterprise,writing,True,50,6,300,False,7,8.3
user_04351,2024-03-04,2024-05-03,pro,writing,True,25,2,50,True,12,1.5
user_04352,2024-02-25,2024-06-01,free,writing,False,0,8,0,False,5,4.5
user_04353,2024-02-27,2024-06-01,pro,writing,True,25,5,125,False,8,2.8
user_04354,2024-03-26,2024-05-25,pro,general_qa,True,20,2,40,True,5,2.4
user_04355,2024-01-23,2024-03-23,free,data_analysis,False,0,2,0,True,9,4.2
user_04356,2024-03-23,2024-06-01,pro,writing,True,20,3,60,False,7,8.5
user_04357,2024-02-16,2024-06-01,free,general_qa,False,0,8,0,False,8,7.5
user_04358,2024-03-12,2024-06-01,free,writing,False,0,3,0,False,5,3.2
user_04359,2024-03-22,2024-06-01,pro,general_qa,True,30,5,150,False,6,6.8
user_04360,2024-03-22,2024-05-21,free,writing,False,0,2,0,True,8,3.6
user_04361,2024-01-01,2024-06-01,free,writing,False,0,6,0,False,9,7.8
user_04362,2024-02-28,2024-06-01,enterprise,writing,True,50,5,250,False,7,3.9
user_04363,2024-03-18,2024-04-17,pro,writing,True,20,1,20,True,9,6.0
user_04364,2024-03-21,2024-06-01,free,general_qa,False,0,4,0,False,9,6.2
user_04365,2024-02-07,2024-06-01,free,general_qa,False,0,9,0,False,9,3.0
user_04366,2024-02-09,2024-06-01,free,coding,False,0,6,0,False,3,1.9
user_04367,2024-02-28,2024-06-01,pro,writing,True,20,6,120,False,7,4.5
user_04368,2024-03-06,2024-06-01,enterprise,writing,True,75,5,375,False,9,4.2
user_04369,2024-03-23,2024-04-22,free,general_qa,False,0,1,0,True,4,5.3
user_04370,2024-03-03,2024-06-01,free,coding,False,0,7,0,False,6,1.8
user_04371,2024-03-14,2024-06-01,free,general_qa,False,0,4,0,False,5,4.4
user_04372,2024-03-22,2024-06-01,pro,general_qa,True,25,6,150,False,5,11.0
user_04373,2024-03-17,2024-06-01,free,writing,False,0,3,0,False,4,3.0
user_04374,2024-03-02,2024-06-01,enterprise,coding,True,100,8,800,False,4,8.3
user_04375,2024-03-27,2024-06-01,free,writing,False,0,6,0,False,7,4.8
user_04376,2024-02-09,2024-06-01,free,coding,False,0,9,0,False,6,2.9
user_04377,2024-02-26,2024-06-01,pro,coding,True,20,5,100,False,3,5.7
user_04378,2024-03-05,2024-06-01,free,general_qa,False,0,4,0,False,12,2.2
user_04379,2024-01-31,2024-06-01,enterprise,general_qa,True,50,7,350,False,6,2.2
user_04380,2024-02-22,2024-06-01,free,writing,False,0,7,0,False,6,3.4
user_04381,2024-03-04,2024-06-01,free,data_analysis,False,0,6,0,False,9,9.1
user_04382,2024-02-01,2024-06-01,enterprise,data_analysis,True,75,8,600,False,6,2.8
user_04383,2024-03-02,2024-05-31,free,general_qa,False,0,3,0,True,7,3.4
user_04384,2024-03-27,2024-06-01,free,data_analysis,False,0,5,0,False,4,1.1
user_04385,2024-03-28,2024-06-01,pro,writing,True,20,4,80,False,6,4.4
user_04386,2024-01-08,2024-03-08,free,general_qa,False,0,2,0,True,2,7.2
user_04387,2024-01-18,2024-05-17,pro,coding,True,20,4,80,True,3,10.7
user_04388,2024-02-28,2024-06-01,free,writing,False,0,5,0,False,10,9.5
user_04389,2024-03-14,2024-06-01,free,coding,False,0,3,0,False,5,4.6
user_04390,2024-02-25,2024-06-01,free,writing,False,0,12,0,False,10,8.0
user_04391,2024-02-23,2024-06-01,free,coding,False,0,9,0,False,10,6.1
user_04392,2024-02-25,2024-06-01,free,general_qa,False,0,5,0,False,5,2.9
user_04393,2024-01-06,2024-06-01,free,coding,False,0,8,0,False,7,9.6
user_04394,2024-03-29,2024-05-28,free,writing,False,0,2,0,True,9,6.1
user_04395,2024-02-15,2024-06-01,free,writing,False,0,8,0,False,6,4.3
user_04396,2024-01-05,2024-06-01,pro,writing,True,25,7,175,False,8,4.0
user_04397,2024-03-07,2024-05-06,free,coding,False,0,2,0,True,9,4.4
user_04398,2024-02-04,2024-06-01,free,data_analysis,False,0,5,0,False,8,13.9
user_04399,2024-03-02,2024-04-01,pro,data_analysis,True,20,1,20,True,7,7.8
user_04400,2024-02-17,2024-06-01,pro,coding,True,20,7,140,False,10,6.4
user_04401,2024-02-05,2024-06-01,pro,coding,True,30,7,210,False,7,3.3
user_04402,2024-03-22,2024-06-01,free,coding,False,0,5,0,False,6,8.3
user_04403,2024-01-23,2024-06-01,pro,data_analysis,True,20,5,100,False,7,5.1
user_04404,2024-03-02,2024-06-01,free,coding,False,0,4,0,False,4,1.6
user_04405,2024-01-25,2024-03-25,free,general_qa,False,0,2,0,True,6,3.9
user_04406,2024-02-02,2024-06-01,pro,data_analysis,True,20,6,120,False,13,7.2
user_04407,2024-03-21,2024-04-20,pro,general_qa,True,20,1,20,True,7,5.7
user_04408,2024-03-23,2024-06-01,pro,general_qa,True,30,9,270,False,7,2.6
user_04409,2024-03-20,2024-06-01,free,general_qa,False,0,5,0,False,6,2.8
user_04410,2024-01-12,2024-06-01,free,general_qa,False,0,7,0,False,6,1.4
user_04411,2024-03-02,2024-06-01,pro,writing,True,30,6,180,False,8,6.5
user_04412,2024-02-14,2024-06-01,free,data_analysis,False,0,7,0,False,6,6.0
user_04413,2024-02-25,2024-04-25,free,general_qa,False,0,2,0,True,8,4.0
user_04414,2024-03-30,2024-06-01,free,coding,False,0,11,0,False,9,3.4
user_04415,2024-01-28,2024-03-28,enterprise,coding,True,50,2,100,True,10,2.4
user_04416,2024-03-12,2024-06-01,enterprise,general_qa,True,50,4,200,False,5,12.8
user_04417,2024-01-22,2024-04-21,free,data_analysis,False,0,3,0,True,7,5.2
user_04418,2024-03-02,2024-06-01,pro,coding,True,20,8,160,False,8,3.3
user_04419,2024-02-11,2024-06-01,enterprise,general_qa,True,75,7,525,False,6,3.9
user_04420,2024-02-25,2024-06-01,pro,writing,True,20,12,240,False,11,7.3
user_04421,2024-02-02,2024-06-01,free,coding,False,0,9,0,False,5,2.9
user_04422,2024-02-12,2024-06-01,free,writing,False,0,5,0,False,7,5.1
user_04423,2024-03-30,2024-04-29,pro,data_analysis,True,20,1,20,True,5,10.4
user_04424,2024-01-14,2024-06-01,free,writing,False,0,6,0,False,8,4.0
user_04425,2024-01-29,2024-03-29,pro,coding,True,20,2,40,True,4,3.7
user_04426,2024-01-15,2024-03-15,free,coding,False,0,2,0,True,5,3.9
user_04427,2024-01-20,2024-05-19,pro,writing,True,25,4,100,True,10,7.3
user_04428,2024-03-15,2024-06-01,free,general_qa,False,0,3,0,False,5,4.2
user_04429,2024-02-27,2024-06-01,pro,data_analysis,True,20,8,160,False,7,5.5
user_04430,2024-03-16,2024-06-01,free,writing,False,0,3,0,False,4,2.2
user_04431,2024-02-22,2024-04-22,free,coding,False,0,2,0,True,9,6.9
user_04432,2024-02-16,2024-06-01,free,coding,False,0,8,0,False,7,3.2
user_04433,2024-01-16,2024-06-01,free,general_qa,False,0,6,0,False,7,7.0
user_04434,2024-01-11,2024-06-01,free,general_qa,False,0,10,0,False,9,3.0
user_04435,2024-01-11,2024-02-10,free,coding,False,0,1,0,True,6,9.0
user_04436,2024-03-06,2024-05-05,free,writing,False,0,2,0,True,5,3.8
user_04437,2024-01-29,2024-03-29,free,coding,False,0,2,0,True,6,2.5
user_04438,2024-03-04,2024-06-01,pro,writing,True,20,4,80,False,6,3.8
user_04439,2024-01-26,2024-06-01,free,coding,False,0,5,0,False,8,3.6
user_04440,2024-03-16,2024-06-01,pro,data_analysis,True,25,9,225,False,8,8.5
user_04441,2024-01-19,2024-04-18,free,data_analysis,False,0,3,0,True,8,2.7
user_04442,2024-03-28,2024-06-01,pro,general_qa,True,20,7,140,False,5,6.0
user_04443,2024-02-20,2024-06-01,pro,writing,True,25,6,150,False,5,5.6
user_04444,2024-02-03,2024-06-01,free,general_qa,False,0,10,0,False,11,14.2
user_04445,2024-03-01,2024-04-30,pro,general_qa,True,30,2,60,True,7,2.1
user_04446,2024-02-13,2024-05-13,enterprise,data_analysis,True,50,3,150,True,7,2.5
user_04447,2024-03-13,2024-06-01,free,general_qa,False,0,7,0,False,7,5.5
user_04448,2024-01-22,2024-06-01,free,coding,False,0,8,0,False,5,9.4
user_04449,2024-03-20,2024-06-01,pro,data_analysis,True,30,6,180,False,4,5.3
user_04450,2024-02-17,2024-04-17,free,writing,False,0,2,0,True,6,4.3
user_04451,2024-03-16,2024-06-01,free,coding,False,0,10,0,False,9,5.8
user_04452,2024-01-05,2024-06-01,free,coding,False,0,12,0,False,7,4.6
user_04453,2024-03-24,2024-06-01,free,general_qa,False,0,8,0,False,5,2.8
user_04454,2024-03-27,2024-06-01,pro,writing,True,30,7,210,False,5,3.1
user_04455,2024-01-15,2024-04-14,free,general_qa,False,0,3,0,True,3,4.7
user_04456,2024-01-09,2024-06-01,free,writing,False,0,5,0,False,11,6.1
user_04457,2024-02-17,2024-06-01,pro,coding,True,20,4,80,False,3,4.6
user_04458,2024-01-30,2024-06-01,free,general_qa,False,0,5,0,False,5,4.5
user_04459,2024-01-02,2024-06-01,free,writing,False,0,6,0,False,4,8.0
user_04460,2024-01-06,2024-06-01,free,general_qa,False,0,12,0,False,10,6.1
user_04461,2024-01-17,2024-06-01,pro,general_qa,True,20,6,120,False,5,2.2
user_04462,2024-02-21,2024-06-01,free,writing,False,0,8,0,False,7,5.1
user_04463,2024-03-23,2024-06-01,enterprise,data_analysis,True,75,6,450,False,6,1.2
user_04464,2024-02-21,2024-06-01,pro,general_qa,True,25,6,150,False,4,6.9
user_04465,2024-03-05,2024-05-04,free,general_qa,False,0,2,0,True,10,2.3
user_04466,2024-02-25,2024-06-01,pro,general_qa,True,25,6,150,False,9,5.4
user_04467,2024-01-10,2024-06-01,free,writing,False,0,6,0,False,6,6.6
user_04468,2024-03-02,2024-06-01,enterprise,coding,True,75,4,300,False,8,6.4
user_04469,2024-02-24,2024-06-01,free,data_analysis,False,0,8,0,False,9,2.6
user_04470,2024-01-23,2024-02-22,free,writing,False,0,1,0,True,8,3.6
user_04471,2024-01-01,2024-06-01,free,general_qa,False,0,7,0,False,11,2.4
user_04472,2024-03-04,2024-06-01,free,writing,False,0,4,0,False,8,1.5
user_04473,2024-03-17,2024-04-16,free,writing,False,0,1,0,True,13,3.6
user_04474,2024-03-16,2024-04-15,pro,writing,True,20,1,20,True,10,4.1
user_04475,2024-03-30,2024-06-01,free,writing,False,0,7,0,False,7,6.6
user_04476,2024-01-11,2024-03-11,free,data_analysis,False,0,2,0,True,7,2.5
user_04477,2024-01-22,2024-06-01,pro,general_qa,True,30,9,270,False,9,5.2
user_04478,2024-03-08,2024-06-01,enterprise,writing,True,50,5,250,False,9,6.8
user_04479,2024-02-29,2024-05-29,free,coding,False,0,3,0,True,9,3.0
user_04480,2024-01-04,2024-06-01,free,writing,False,0,7,0,False,6,10.5
user_04481,2024-03-08,2024-06-01,free,general_qa,False,0,7,0,False,9,5.0
user_04482,2024-03-25,2024-06-01,pro,writing,True,20,4,80,False,11,2.1
user_04483,2024-02-09,2024-03-10,pro,writing,True,30,1,30,True,7,4.3
user_04484,2024-03-09,2024-06-01,pro,data_analysis,True,20,5,100,False,10,3.7
user_04485,2024-02-08,2024-06-01,pro,writing,True,20,6,120,False,6,3.3
user_04486,2024-01-21,2024-06-01,free,writing,False,0,6,0,False,11,9.1
user_04487,2024-03-19,2024-06-01,pro,general_qa,True,30,7,210,False,5,3.1
user_04488,2024-02-14,2024-05-14,pro,writing,True,20,3,60,True,3,1.9
user_04489,2024-01-22,2024-05-21,free,writing,False,0,4,0,True,5,2.9
user_04490,2024-03-08,2024-06-01,pro,coding,True,25,8,200,False,8,3.5
user_04491,2024-02-12,2024-03-13,enterprise,data_analysis,True,75,1,75,True,7,2.7
user_04492,2024-01-27,2024-06-01,enterprise,coding,True,100,10,1000,False,5,4.1
user_04493,2024-01-30,2024-03-30,free,general_qa,False,0,2,0,True,9,4.7
user_04494,2024-02-14,2024-06-01,free,data_analysis,False,0,6,0,False,6,3.4
user_04495,2024-01-24,2024-05-23,free,general_qa,False,0,4,0,True,8,3.2
user_04496,2024-01-04,2024-03-04,free,writing,False,0,2,0,True,8,6.0
user_04497,2024-01-28,2024-06-01,pro,coding,True,25,5,125,False,11,1.5
user_04498,2024-02-03,2024-06-01,free,coding,False,0,10,0,False,6,5.3
user_04499,2024-02-26,2024-06-01,free,general_qa,False,0,6,0,False,10,4.6
user_04500,2024-02-27,2024-06-01,free,coding,False,0,8,0,False,9,3.0
user_04501,2024-02-11,2024-06-01,enterprise,general_qa,True,75,7,525,False,4,8.1
user_04502,2024-02-29,2024-06-01,pro,writing,True,20,8,160,False,5,5.4
user_04503,2024-03-12,2024-06-01,enterprise,writing,True,75,10,750,False,4,9.9
user_04504,2024-03-07,2024-06-01,free,writing,False,0,3,0,False,9,9.5
user_04505,2024-01-19,2024-04-18,free,writing,False,0,3,0,True,7,9.2
user_04506,2024-01-09,2024-06-01,free,writing,False,0,8,0,False,6,4.8
user_04507,2024-03-05,2024-06-01,free,general_qa,False,0,8,0,False,8,2.3
user_04508,2024-02-02,2024-06-01,pro,coding,True,20,7,140,False,4,5.2
user_04509,2024-03-24,2024-06-01,free,writing,False,0,10,0,False,6,4.3
user_04510,2024-02-10,2024-06-01,free,coding,False,0,4,0,False,10,6.8
user_04511,2024-02-16,2024-06-01,pro,writing,True,25,9,225,False,5,6.9
user_04512,2024-03-21,2024-06-01,enterprise,data_analysis,True,75,9,675,False,9,3.1
user_04513,2024-02-06,2024-04-06,free,writing,False,0,2,0,True,4,2.1
user_04514,2024-01-22,2024-06-01,free,general_qa,False,0,5,0,False,7,5.7
user_04515,2024-01-08,2024-05-07,free,writing,False,0,4,0,True,8,3.2
user_04516,2024-02-15,2024-05-15,pro,general_qa,True,20,3,60,True,12,3.9
user_04517,2024-02-15,2024-06-01,free,coding,False,0,7,0,False,5,11.3
user_04518,2024-03-03,2024-06-01,pro,data_analysis,True,20,3,60,True,8,4.8
user_04519,2024-01-29,2024-06-01,free,coding,False,0,8,0,False,8,1.8
user_04520,2024-03-10,2024-06-01,free,general_qa,False,0,7,0,False,10,4.3
user_04521,2024-02-05,2024-06-01,free,writing,False,0,11,0,False,8,3.8
user_04522,2024-02-17,2024-06-01,free,general_qa,False,0,4,0,False,6,4.8
user_04523,2024-01-30,2024-02-29,free,coding,False,0,1,0,True,8,4.1
user_04524,2024-02-16,2024-06-01,free,coding,False,0,5,0,False,9,6.1
user_04525,2024-03-06,2024-06-01,free,coding,False,0,7,0,False,6,14.4
user_04526,2024-01-29,2024-06-01,free,writing,False,0,7,0,False,7,3.2
user_04527,2024-03-12,2024-06-01,free,data_analysis,False,0,10,0,False,8,5.7
user_04528,2024-02-05,2024-06-01,pro,general_qa,True,25,9,225,False,8,4.4
user_04529,2024-02-08,2024-06-01,pro,general_qa,True,25,9,225,False,5,3.6
user_04530,2024-03-28,2024-06-01,free,coding,False,0,5,0,False,5,3.4
user_04531,2024-03-20,2024-05-19,free,coding,False,0,2,0,True,8,7.8
user_04532,2024-01-10,2024-03-10,free,general_qa,False,0,2,0,True,5,6.1
user_04533,2024-02-27,2024-05-27,pro,writing,True,25,3,75,True,6,1.7
user_04534,2024-01-20,2024-04-19,free,general_qa,False,0,3,0,True,10,6.5
user_04535,2024-03-12,2024-04-11,enterprise,general_qa,True,100,1,100,True,10,4.7
user_04536,2024-03-01,2024-03-31,free,general_qa,False,0,1,0,True,5,6.9
user_04537,2024-03-13,2024-06-01,free,data_analysis,False,0,6,0,False,7,3.1
user_04538,2024-01-06,2024-06-01,free,general_qa,False,0,6,0,False,5,4.5
user_04539,2024-01-15,2024-06-01,free,coding,False,0,6,0,False,10,4.7
user_04540,2024-01-29,2024-03-29,free,coding,False,0,2,0,True,7,5.3
user_04541,2024-01-16,2024-06-01,pro,coding,True,25,10,250,False,9,2.7
user_04542,2024-02-23,2024-06-01,free,general_qa,False,0,4,0,False,12,4.1
user_04543,2024-02-21,2024-04-21,free,general_qa,False,0,2,0,True,8,7.1
user_04544,2024-03-02,2024-05-01,enterprise,general_qa,True,75,2,150,True,11,4.6
user_04545,2024-02-28,2024-06-01,pro,writing,True,25,5,125,False,8,1.5
user_04546,2024-01-30,2024-03-30,free,general_qa,False,0,2,0,True,5,8.3
user_04547,2024-03-01,2024-06-01,free,coding,False,0,6,0,False,8,2.3
user_04548,2024-03-07,2024-06-01,free,writing,False,0,3,0,False,3,2.1
user_04549,2024-02-16,2024-03-17,free,general_qa,False,0,1,0,True,6,6.8
user_04550,2024-02-02,2024-06-01,free,coding,False,0,6,0,False,5,4.5
user_04551,2024-03-12,2024-06-01,free,writing,False,0,6,0,False,9,7.8
user_04552,2024-02-28,2024-05-28,free,coding,False,0,3,0,True,10,9.6
user_04553,2024-01-06,2024-04-05,free,writing,False,0,3,0,True,3,8.7
user_04554,2024-01-19,2024-06-01,free,coding,False,0,7,0,False,6,3.7
user_04555,2024-01-18,2024-05-17,free,writing,False,0,4,0,True,5,3.7
user_04556,2024-03-13,2024-06-01,pro,data_analysis,True,20,7,140,False,7,5.0
user_04557,2024-03-29,2024-06-01,free,coding,False,0,5,0,False,7,3.5
user_04558,2024-01-21,2024-04-20,free,writing,False,0,3,0,True,6,12.2
user_04559,2024-03-03,2024-06-01,enterprise,coding,True,75,3,225,True,6,5.0
user_04560,2024-01-02,2024-05-01,pro,coding,True,20,4,80,True,8,10.3
user_04561,2024-01-16,2024-06-01,pro,general_qa,True,20,5,100,False,8,2.9
user_04562,2024-01-27,2024-06-01,free,coding,False,0,5,0,False,5,6.5
user_04563,2024-01-29,2024-05-28,pro,general_qa,True,30,4,120,True,5,3.4
user_04564,2024-01-15,2024-06-01,free,general_qa,False,0,8,0,False,4,4.9
user_04565,2024-03-28,2024-05-27,pro,data_analysis,True,25,2,50,True,8,4.3
user_04566,2024-03-01,2024-06-01,pro,general_qa,True,30,10,300,False,6,2.7
user_04567,2024-02-26,2024-06-01,pro,data_analysis,True,20,5,100,False,3,1.8
user_04568,2024-02-08,2024-06-01,free,writing,False,0,5,0,False,11,3.8
user_04569,2024-01-26,2024-06-01,pro,coding,True,25,10,250,False,11,3.4
user_04570,2024-01-06,2024-06-01,free,writing,False,0,5,0,False,4,2.3
user_04571,2024-03-08,2024-06-01,free,writing,False,0,3,0,False,4,2.9
user_04572,2024-03-28,2024-06-01,free,data_analysis,False,0,7,0,False,6,5.3
user_04573,2024-03-09,2024-06-01,free,general_qa,False,0,4,0,False,4,12.3
user_04574,2024-03-14,2024-06-01,free,writing,False,0,3,0,False,8,6.2
user_04575,2024-02-15,2024-03-16,free,writing,False,0,1,0,True,10,7.3
user_04576,2024-01-10,2024-05-09,enterprise,data_analysis,True,75,4,300,True,9,2.3
user_04577,2024-02-10,2024-06-01,pro,coding,True,30,8,240,False,9,3.5
user_04578,2024-03-09,2024-06-01,free,data_analysis,False,0,10,0,False,8,3.2
user_04579,2024-03-26,2024-06-01,free,data_analysis,False,0,6,0,False,9,4.6
user_04580,2024-03-21,2024-06-01,pro,writing,True,20,6,120,False,9,6.1
user_04581,2024-03-24,2024-06-01,pro,data_analysis,True,20,4,80,False,9,6.4
user_04582,2024-02-27,2024-06-01,free,coding,False,0,7,0,False,6,1.9
user_04583,2024-01-24,2024-06-01,pro,writing,True,25,7,175,False,5,5.2
user_04584,2024-03-24,2024-06-01,free,coding,False,0,8,0,False,12,2.9
user_04585,2024-01-23,2024-06-01,free,general_qa,False,0,6,0,False,8,2.4
user_04586,2024-01-12,2024-02-11,pro,general_qa,True,20,1,20,True,9,1.8
user_04587,2024-02-12,2024-06-01,free,coding,False,0,6,0,False,8,4.6
user_04588,2024-03-04,2024-05-03,free,writing,False,0,2,0,True,7,8.1
user_04589,2024-03-26,2024-06-01,free,writing,False,0,4,0,False,7,1.4
user_04590,2024-03-19,2024-06-01,pro,writing,True,25,6,150,False,8,5.8
user_04591,2024-01-11,2024-06-01,pro,coding,True,25,10,250,False,6,3.8
user_04592,2024-03-02,2024-06-01,pro,data_analysis,True,30,8,240,False,5,4.4
user_04593,2024-02-08,2024-06-01,free,writing,False,0,6,0,False,12,1.7
user_04594,2024-02-01,2024-06-01,enterprise,general_qa,True,75,7,525,False,9,7.1
user_04595,2024-02-16,2024-06-01,free,coding,False,0,12,0,False,6,3.1
user_04596,2024-03-28,2024-06-01,free,data_analysis,False,0,4,0,False,7,12.0
user_04597,2024-02-23,2024-06-01,free,general_qa,False,0,12,0,False,9,1.8
user_04598,2024-03-11,2024-05-10,free,coding,False,0,2,0,True,6,5.6
user_04599,2024-02-12,2024-06-01,free,writing,False,0,7,0,False,8,1.7
user_04600,2024-03-22,2024-04-21,pro,writing,True,25,1,25,True,7,2.8
user_04601,2024-03-16,2024-06-01,free,writing,False,0,4,0,False,6,2.2
user_04602,2024-03-21,2024-06-01,enterprise,data_analysis,True,75,8,600,False,4,2.9
user_04603,2024-02-03,2024-06-01,free,writing,False,0,11,0,False,6,2.2
user_04604,2024-01-18,2024-06-01,free,general_qa,False,0,10,0,False,6,6.7
user_04605,2024-01-18,2024-06-01,free,writing,False,0,5,0,False,4,9.0
user_04606,2024-02-09,2024-06-01,free,general_qa,False,0,4,0,False,9,8.0
user_04607,2024-01-18,2024-03-18,free,writing,False,0,2,0,True,7,4.6
user_04608,2024-01-09,2024-06-01,free,coding,False,0,7,0,False,11,1.7
user_04609,2024-02-04,2024-06-01,free,general_qa,False,0,9,0,False,9,2.8
user_04610,2024-01-29,2024-06-01,pro,general_qa,True,20,5,100,False,5,3.8
user_04611,2024-03-07,2024-06-01,free,writing,False,0,5,0,False,6,1.8
user_04612,2024-03-06,2024-06-01,free,coding,False,0,6,0,False,11,4.3
user_04613,2024-03-18,2024-06-01,free,writing,False,0,9,0,False,9,5.0
user_04614,2024-02-05,2024-05-05,free,data_analysis,False,0,3,0,True,10,11.2
user_04615,2024-03-19,2024-06-01,enterprise,general_qa,True,50,9,450,False,11,4.7
user_04616,2024-01-20,2024-06-01,free,general_qa,False,0,6,0,False,5,6.0
user_04617,2024-02-29,2024-06-01,pro,writing,True,20,8,160,False,7,3.0
user_04618,2024-03-05,2024-06-01,free,general_qa,False,0,3,0,False,10,7.7
user_04619,2024-01-01,2024-03-31,free,writing,False,0,3,0,True,8,3.0
user_04620,2024-01-22,2024-03-22,free,writing,False,0,2,0,True,6,2.2
user_04621,2024-02-18,2024-05-18,free,writing,False,0,3,0,True,8,4.0
user_04622,2024-02-25,2024-06-01,free,coding,False,0,4,0,False,6,6.3
user_04623,2024-01-26,2024-06-01,free,coding,False,0,8,0,False,3,5.4
user_04624,2024-03-19,2024-06-01,free,coding,False,0,7,0,False,8,8.8
user_04625,2024-02-13,2024-06-01,free,coding,False,0,4,0,False,8,4.2
user_04626,2024-01-20,2024-06-01,free,coding,False,0,8,0,False,5,7.1
user_04627,2024-03-27,2024-06-01,pro,coding,True,25,4,100,False,7,6.5
user_04628,2024-02-13,2024-06-01,free,coding,False,0,7,0,False,8,2.2
user_04629,2024-03-29,2024-06-01,free,general_qa,False,0,3,0,False,9,2.2
user_04630,2024-02-07,2024-06-01,free,writing,False,0,7,0,False,12,1.9
user_04631,2024-03-04,2024-06-01,pro,general_qa,True,30,4,120,False,6,3.7
user_04632,2024-03-15,2024-06-01,pro,general_qa,True,30,12,360,False,5,4.2
user_04633,2024-02-01,2024-06-01,free,writing,False,0,7,0,False,6,7.9
user_04634,2024-03-14,2024-04-13,pro,writing,True,20,1,20,True,7,2.1
user_04635,2024-01-18,2024-06-01,free,general_qa,False,0,7,0,False,6,4.4
user_04636,2024-03-22,2024-05-21,enterprise,data_analysis,True,50,2,100,True,6,7.8
user_04637,2024-03-05,2024-06-01,free,coding,False,0,4,0,False,7,10.1
user_04638,2024-03-29,2024-05-28,pro,coding,True,20,2,40,True,4,5.7
user_04639,2024-03-25,2024-06-01,enterprise,coding,True,75,6,450,False,7,7.3
user_04640,2024-01-07,2024-06-01,pro,general_qa,True,30,8,240,False,9,2.5
user_04641,2024-03-24,2024-06-01,free,general_qa,False,0,6,0,False,8,2.2
user_04642,2024-02-25,2024-04-25,enterprise,writing,True,50,2,100,True,8,5.5
user_04643,2024-03-29,2024-06-01,pro,coding,True,30,4,120,False,10,10.0
user_04644,2024-02-08,2024-06-01,free,writing,False,0,8,0,False,9,7.5
user_04645,2024-03-04,2024-06-01,free,data_analysis,False,0,10,0,False,7,3.1
user_04646,2024-01-15,2024-02-14,free,coding,False,0,1,0,True,10,7.2
user_04647,2024-01-08,2024-05-07,free,coding,False,0,4,0,True,8,5.9
user_04648,2024-01-06,2024-06-01,pro,general_qa,True,30,7,210,False,4,2.3
user_04649,2024-01-01,2024-01-31,enterprise,writing,True,75,1,75,True,6,5.2
user_04650,2024-03-12,2024-06-01,free,writing,False,0,3,0,False,10,2.4
user_04651,2024-02-10,2024-05-10,free,coding,False,0,3,0,True,4,3.1
user_04652,2024-02-15,2024-03-16,pro,general_qa,True,30,1,30,True,6,2.1
user_04653,2024-03-05,2024-06-01,free,writing,False,0,3,0,False,6,2.1
user_04654,2024-02-18,2024-06-01,free,writing,False,0,8,0,False,6,5.8
user_04655,2024-03-21,2024-06-01,free,writing,False,0,4,0,False,9,2.2
user_04656,2024-02-08,2024-06-01,enterprise,writing,True,50,4,200,False,8,5.2
user_04657,2024-01-07,2024-02-06,free,general_qa,False,0,1,0,True,7,9.4
user_04658,2024-02-19,2024-06-01,enterprise,data_analysis,True,50,8,400,False,4,6.9
user_04659,2024-03-09,2024-06-01,free,coding,False,0,11,0,False,5,3.1
user_04660,2024-03-10,2024-06-01,pro,writing,True,30,10,300,False,6,5.8
user_04661,2024-01-31,2024-04-30,free,coding,False,0,3,0,True,3,3.7
user_04662,2024-01-02,2024-05-31,free,general_qa,False,0,5,0,True,6,14.0
user_04663,2024-01-01,2024-03-31,free,coding,False,0,3,0,True,10,4.3
user_04664,2024-01-13,2024-06-01,pro,writing,True,20,9,180,False,3,3.5
user_04665,2024-03-04,2024-06-01,free,data_analysis,False,0,5,0,False,6,2.5
user_04666,2024-02-10,2024-06-01,free,data_analysis,False,0,9,0,False,6,4.2
user_04667,2024-03-03,2024-06-01,free,data_analysis,False,0,3,0,True,5,7.4
user_04668,2024-01-01,2024-06-01,free,writing,False,0,6,0,False,5,7.8
user_04669,2024-03-24,2024-06-01,free,coding,False,0,3,0,False,6,3.1
user_04670,2024-01-07,2024-06-01,free,writing,False,0,8,0,False,6,5.0
user_04671,2024-01-22,2024-06-01,free,writing,False,0,6,0,False,4,7.9
user_04672,2024-01-01,2024-03-31,free,writing,False,0,3,0,True,4,3.6
user_04673,2024-03-30,2024-06-01,free,coding,False,0,3,0,False,5,2.0
user_04674,2024-03-13,2024-05-12,pro,coding,True,30,2,60,True,4,3.5
user_04675,2024-03-12,2024-04-11,free,coding,False,0,1,0,True,3,4.9
user_04676,2024-02-17,2024-06-01,pro,coding,True,20,9,180,False,11,4.4
user_04677,2024-02-14,2024-06-01,enterprise,general_qa,True,100,4,400,False,7,6.7
user_04678,2024-01-21,2024-03-21,enterprise,coding,True,50,2,100,True,6,5.1
user_04679,2024-01-22,2024-06-01,pro,writing,True,20,11,220,False,6,9.4
user_04680,2024-02-16,2024-06-01,pro,writing,True,30,4,120,False,9,2.1
user_04681,2024-02-06,2024-06-01,free,coding,False,0,11,0,False,7,3.1
user_04682,2024-03-06,2024-06-01,free,data_analysis,False,0,10,0,False,10,8.5
user_04683,2024-02-01,2024-06-01,free,general_qa,False,0,7,0,False,8,1.1
user_04684,2024-03-26,2024-04-25,free,writing,False,0,1,0,True,8,2.4
user_04685,2024-01-22,2024-06-01,free,writing,False,0,8,0,False,11,7.8
user_04686,2024-01-06,2024-03-06,free,data_analysis,False,0,2,0,True,6,6.0
user_04687,2024-01-04,2024-06-01,free,writing,False,0,8,0,False,8,5.8
user_04688,2024-01-20,2024-06-01,free,data_analysis,False,0,5,0,False,7,5.7
user_04689,2024-01-30,2024-05-29,pro,general_qa,True,25,4,100,True,11,2.5
user_04690,2024-01-12,2024-05-11,free,general_qa,False,0,4,0,True,11,8.8
user_04691,2024-01-05,2024-05-04,free,writing,False,0,4,0,True,7,2.7
user_04692,2024-02-08,2024-04-08,free,writing,False,0,2,0,True,6,2.5
user_04693,2024-01-31,2024-04-30,pro,data_analysis,True,20,3,60,True,9,5.0
user_04694,2024-02-24,2024-06-01,free,general_qa,False,0,8,0,False,9,7.2
user_04695,2024-01-30,2024-02-29,enterprise,general_qa,True,50,1,50,True,10,2.7
user_04696,2024-01-14,2024-06-01,free,data_analysis,False,0,7,0,False,4,4.6
user_04697,2024-03-26,2024-06-01,free,writing,False,0,5,0,False,8,1.7
user_04698,2024-02-24,2024-06-01,enterprise,writing,True,100,5,500,False,5,6.0
user_04699,2024-02-25,2024-05-25,pro,writing,True,25,3,75,True,9,3.8
user_04700,2024-01-13,2024-05-12,free,data_analysis,False,0,4,0,True,9,5.2
user_04701,2024-01-24,2024-06-01,pro,writing,True,20,5,100,False,7,7.9
user_04702,2024-02-25,2024-06-01,free,data_analysis,False,0,6,0,False,8,1.6
user_04703,2024-03-02,2024-06-01,free,writing,False,0,9,0,False,5,1.9
user_04704,2024-03-19,2024-06-01,pro,general_qa,True,20,9,180,False,9,2.8
user_04705,2024-01-20,2024-04-19,free,coding,False,0,3,0,True,7,3.3
user_04706,2024-03-04,2024-06-01,free,writing,False,0,4,0,False,3,3.3
user_04707,2024-01-31,2024-05-30,free,coding,False,0,4,0,True,10,6.5
user_04708,2024-01-30,2024-06-01,pro,coding,True,20,12,240,False,6,3.4
user_04709,2024-03-04,2024-06-01,enterprise,writing,True,75,4,300,False,6,1.7
user_04710,2024-01-18,2024-06-01,free,writing,False,0,6,0,False,8,3.6
user_04711,2024-02-12,2024-03-13,free,writing,False,0,1,0,True,7,4.9
user_04712,2024-02-06,2024-06-01,free,writing,False,0,11,0,False,9,9.0
user_04713,2024-03-26,2024-06-01,free,general_qa,False,0,5,0,False,6,3.9
user_04714,2024-01-29,2024-06-01,pro,general_qa,True,20,5,100,False,8,1.9
user_04715,2024-01-15,2024-04-14,free,writing,False,0,3,0,True,7,4.5
user_04716,2024-01-11,2024-03-11,free,coding,False,0,2,0,True,5,4.5
user_04717,2024-01-19,2024-05-18,enterprise,general_qa,True,75,4,300,True,4,4.7
user_04718,2024-03-14,2024-05-13,pro,coding,True,20,2,40,True,5,3.4
user_04719,2024-03-27,2024-04-26,free,general_qa,False,0,1,0,True,6,4.0
user_04720,2024-01-05,2024-05-04,free,general_qa,False,0,4,0,True,9,2.6
user_04721,2024-03-22,2024-06-01,free,coding,False,0,8,0,False,8,6.0
user_04722,2024-01-02,2024-06-01,free,data_analysis,False,0,7,0,False,5,3.5
user_04723,2024-02-25,2024-06-01,pro,general_qa,True,30,6,180,False,10,3.0
user_04724,2024-03-18,2024-06-01,free,writing,False,0,3,0,False,4,5.4
user_04725,2024-02-02,2024-03-03,pro,general_qa,True,30,1,30,True,10,8.2
user_04726,2024-03-21,2024-05-20,pro,writing,True,20,2,40,True,6,2.9
user_04727,2024-02-19,2024-06-01,pro,coding,True,20,5,100,False,7,9.1
user_04728,2024-01-09,2024-04-08,free,writing,False,0,3,0,True,12,5.0
user_04729,2024-01-04,2024-03-04,free,coding,False,0,2,0,True,9,3.3
user_04730,2024-02-18,2024-06-01,enterprise,coding,True,75,8,600,False,9,4.0
user_04731,2024-01-01,2024-03-01,pro,writing,True,30,2,60,True,7,7.0
user_04732,2024-02-14,2024-06-01,free,coding,False,0,9,0,False,3,2.8
user_04733,2024-01-06,2024-06-01,free,data_analysis,False,0,8,0,False,5,2.1
user_04734,2024-02-29,2024-04-29,free,writing,False,0,2,0,True,5,4.4
user_04735,2024-01-31,2024-03-31,pro,writing,True,25,2,50,True,7,3.6
user_04736,2024-02-15,2024-06-01,pro,writing,True,25,10,250,False,7,4.3
user_04737,2024-03-15,2024-05-14,free,writing,False,0,2,0,True,6,9.1
user_04738,2024-01-08,2024-06-01,free,writing,False,0,9,0,False,11,2.4
user_04739,2024-03-18,2024-06-01,free,general_qa,False,0,3,0,False,6,3.4
user_04740,2024-02-12,2024-06-01,free,general_qa,False,0,4,0,False,6,1.8
user_04741,2024-01-04,2024-06-01,enterprise,data_analysis,True,75,7,525,False,13,1.8
user_04742,2024-03-06,2024-06-01,free,writing,False,0,6,0,False,8,8.0
user_04743,2024-03-10,2024-06-01,free,general_qa,False,0,6,0,False,7,7.9
user_04744,2024-03-05,2024-06-01,free,data_analysis,False,0,7,0,False,7,8.4
user_04745,2024-01-18,2024-02-17,free,general_qa,False,0,1,0,True,6,2.7
user_04746,2024-03-25,2024-05-24,free,general_qa,False,0,2,0,True,2,5.4
user_04747,2024-01-10,2024-05-09,free,writing,False,0,4,0,True,4,10.2
user_04748,2024-01-27,2024-05-26,free,writing,False,0,4,0,True,4,4.1
user_04749,2024-02-23,2024-06-01,free,general_qa,False,0,4,0,False,4,3.8
user_04750,2024-02-20,2024-04-20,enterprise,writing,True,50,2,100,True,6,12.0
user_04751,2024-02-02,2024-06-01,pro,writing,True,20,9,180,False,7,5.0
user_04752,2024-01-19,2024-05-18,pro,data_analysis,True,25,4,100,True,5,2.7
user_04753,2024-03-12,2024-06-01,pro,writing,True,30,6,180,False,5,5.3
user_04754,2024-02-01,2024-05-31,enterprise,coding,True,50,4,200,True,9,1.9
user_04755,2024-02-11,2024-05-11,pro,general_qa,True,20,3,60,True,7,2.9
user_04756,2024-03-27,2024-06-01,pro,writing,True,25,3,75,False,10,5.2
user_04757,2024-02-16,2024-03-17,enterprise,writing,True,50,1,50,True,8,5.5
user_04758,2024-02-23,2024-06-01,free,data_analysis,False,0,6,0,False,4,6.4
user_04759,2024-03-27,2024-06-01,enterprise,data_analysis,True,75,12,900,False,10,8.8
user_04760,2024-02-14,2024-06-01,pro,general_qa,True,20,4,80,False,7,5.0
user_04761,2024-02-27,2024-05-27,free,data_analysis,False,0,3,0,True,7,8.8
user_04762,2024-03-19,2024-04-18,pro,general_qa,True,30,1,30,True,11,13.5
user_04763,2024-03-16,2024-06-01,free,coding,False,0,6,0,False,6,3.0
user_04764,2024-02-02,2024-06-01,free,general_qa,False,0,4,0,True,5,11.4
user_04765,2024-02-26,2024-06-01,free,data_analysis,False,0,7,0,False,11,2.2
user_04766,2024-03-16,2024-06-01,enterprise,general_qa,True,50,10,500,False,7,4.1
user_04767,2024-01-10,2024-06-01,pro,writing,True,25,7,175,False,8,8.6
user_04768,2024-02-23,2024-04-23,pro,data_analysis,True,20,2,40,True,6,1.6
user_04769,2024-02-03,2024-06-01,free,writing,False,0,6,0,False,6,1.4
user_04770,2024-01-05,2024-06-01,free,writing,False,0,8,0,False,11,5.1
user_04771,2024-01-24,2024-06-01,free,general_qa,False,0,6,0,False,9,2.5
user_04772,2024-02-29,2024-04-29,free,coding,False,0,2,0,True,3,4.2
user_04773,2024-03-27,2024-06-01,pro,writing,True,20,5,100,False,9,7.4
user_04774,2024-01-16,2024-02-15,pro,coding,True,25,1,25,True,6,3.0
user_04775,2024-01-18,2024-06-01,free,general_qa,False,0,6,0,False,4,6.9
user_04776,2024-03-20,2024-06-01,free,writing,False,0,7,0,False,2,4.2
user_04777,2024-01-20,2024-03-20,pro,writing,True,20,2,40,True,3,1.6
user_04778,2024-01-17,2024-03-17,free,general_qa,False,0,2,0,True,6,10.4
user_04779,2024-03-02,2024-06-01,pro,data_analysis,True,25,6,150,False,7,8.2
user_04780,2024-03-12,2024-06-01,free,coding,False,0,3,0,False,9,3.0
user_04781,2024-02-16,2024-05-16,free,general_qa,False,0,3,0,True,5,2.9
user_04782,2024-03-04,2024-06-01,free,general_qa,False,0,5,0,False,8,6.6
user_04783,2024-03-09,2024-06-01,free,coding,False,0,5,0,False,5,7.8
user_04784,2024-01-22,2024-04-21,free,writing,False,0,3,0,True,9,5.5
user_04785,2024-01-12,2024-05-11,enterprise,writing,True,75,4,300,True,5,3.6
user_04786,2024-01-30,2024-06-01,enterprise,data_analysis,True,50,6,300,False,10,4.0
user_04787,2024-02-27,2024-05-27,pro,coding,True,20,3,60,True,5,5.7
user_04788,2024-03-23,2024-06-01,free,writing,False,0,6,0,False,5,5.9
user_04789,2024-01-16,2024-06-01,free,writing,False,0,5,0,False,12,13.1
user_04790,2024-03-01,2024-06-01,free,writing,False,0,7,0,False,6,4.4
user_04791,2024-03-21,2024-06-01,pro,coding,True,30,12,360,False,5,5.5
user_04792,2024-02-16,2024-06-01,free,coding,False,0,8,0,False,7,2.6
user_04793,2024-02-22,2024-06-01,pro,data_analysis,True,25,6,150,False,5,4.6
user_04794,2024-02-05,2024-06-01,enterprise,writing,True,50,6,300,False,10,3.9
user_04795,2024-02-29,2024-04-29,free,general_qa,False,0,2,0,True,3,5.4
user_04796,2024-01-20,2024-06-01,free,coding,False,0,7,0,False,7,4.2
user_04797,2024-01-01,2024-06-01,free,coding,False,0,6,0,False,6,5.3
user_04798,2024-02-21,2024-06-01,free,general_qa,False,0,8,0,False,3,4.3
user_04799,2024-03-27,2024-06-01,free,coding,False,0,3,0,False,9,4.5
user_04800,2024-02-17,2024-04-17,free,coding,False,0,2,0,True,9,4.1
user_04801,2024-01-07,2024-03-07,pro,general_qa,True,20,2,40,True,7,7.1
user_04802,2024-03-10,2024-05-09,pro,coding,True,20,2,40,True,6,11.1
user_04803,2024-03-06,2024-06-01,enterprise,general_qa,True,100,8,800,False,12,7.5
user_04804,2024-01-09,2024-06-01,pro,coding,True,30,5,150,False,8,1.8
user_04805,2024-02-25,2024-06-01,free,coding,False,0,6,0,False,6,1.3
user_04806,2024-01-23,2024-06-01,pro,general_qa,True,30,8,240,False,6,4.0
user_04807,2024-01-14,2024-06-01,pro,writing,True,30,6,180,False,6,3.5
user_04808,2024-02-28,2024-05-28,enterprise,coding,True,75,3,225,True,10,2.0
user_04809,2024-02-04,2024-06-01,free,data_analysis,False,0,10,0,False,9,7.6
user_04810,2024-02-15,2024-06-01,enterprise,coding,True,75,7,525,False,8,5.3
user_04811,2024-02-16,2024-06-01,pro,general_qa,True,25,10,250,False,3,3.4
user_04812,2024-02-14,2024-06-01,pro,writing,True,25,5,125,False,8,7.7
user_04813,2024-01-16,2024-06-01,pro,data_analysis,True,20,6,120,False,5,13.9
user_04814,2024-01-30,2024-04-29,free,data_analysis,False,0,3,0,True,5,3.7
user_04815,2024-02-18,2024-04-18,pro,writing,True,25,2,50,True,6,5.0
user_04816,2024-02-19,2024-04-19,pro,coding,True,30,2,60,True,4,4.3
user_04817,2024-01-17,2024-06-01,free,general_qa,False,0,9,0,False,11,9.5
user_04818,2024-03-15,2024-06-01,pro,writing,True,25,7,175,False,5,5.6
user_04819,2024-01-16,2024-04-15,pro,coding,True,30,3,90,True,9,1.7
user_04820,2024-02-18,2024-05-18,free,coding,False,0,3,0,True,2,8.6
user_04821,2024-02-09,2024-06-01,free,data_analysis,False,0,5,0,False,7,9.6
user_04822,2024-01-23,2024-06-01,enterprise,coding,True,50,6,300,False,8,5.9
user_04823,2024-03-16,2024-06-01,pro,coding,True,20,7,140,False,6,5.2
user_04824,2024-02-26,2024-05-26,free,data_analysis,False,0,3,0,True,7,1.7
user_04825,2024-03-07,2024-06-01,free,coding,False,0,7,0,False,10,1.8
user_04826,2024-01-13,2024-06-01,free,coding,False,0,5,0,False,7,4.3
user_04827,2024-02-05,2024-06-01,free,coding,False,0,4,0,False,7,2.3
user_04828,2024-01-15,2024-06-01,free,writing,False,0,7,0,False,9,5.5
user_04829,2024-01-12,2024-05-11,free,general_qa,False,0,4,0,True,6,6.3
user_04830,2024-03-07,2024-06-01,free,writing,False,0,7,0,False,5,3.9
user_04831,2024-01-29,2024-05-28,free,coding,False,0,4,0,True,7,8.3
user_04832,2024-02-01,2024-06-01,free,coding,False,0,5,0,False,6,3.2
user_04833,2024-03-04,2024-05-03,free,general_qa,False,0,2,0,True,7,5.1
user_04834,2024-02-08,2024-05-08,free,data_analysis,False,0,3,0,True,4,1.5
user_04835,2024-03-22,2024-06-01,free,writing,False,0,5,0,False,8,5.4
user_04836,2024-03-21,2024-06-01,free,data_analysis,False,0,4,0,False,9,5.3
user_04837,2024-03-30,2024-06-01,free,general_qa,False,0,4,0,False,8,5.4
user_04838,2024-01-28,2024-06-01,free,coding,False,0,7,0,False,7,12.2
user_04839,2024-02-06,2024-05-06,pro,coding,True,25,3,75,True,12,4.3
user_04840,2024-01-31,2024-06-01,free,writing,False,0,5,0,False,9,3.3
user_04841,2024-02-07,2024-06-01,enterprise,general_qa,True,50,7,350,False,6,3.0
user_04842,2024-01-04,2024-03-04,free,writing,False,0,2,0,True,5,2.5
user_04843,2024-01-27,2024-06-01,free,general_qa,False,0,7,0,False,6,2.4
user_04844,2024-01-16,2024-04-15,free,coding,False,0,3,0,True,7,6.3
user_04845,2024-02-17,2024-04-17,free,general_qa,False,0,2,0,True,11,2.0
user_04846,2024-02-21,2024-06-01,free,data_analysis,False,0,9,0,False,10,5.7
user_04847,2024-01-07,2024-06-01,free,general_qa,False,0,10,0,False,13,2.0
user_04848,2024-02-23,2024-06-01,pro,data_analysis,True,30,6,180,False,12,6.2
user_04849,2024-01-01,2024-06-01,free,coding,False,0,7,0,False,7,4.2
user_04850,2024-02-08,2024-06-01,free,data_analysis,False,0,5,0,False,4,3.1
user_04851,2024-03-09,2024-06-01,free,writing,False,0,8,0,False,5,6.1
user_04852,2024-01-02,2024-06-01,free,data_analysis,False,0,6,0,False,9,6.3
user_04853,2024-03-11,2024-06-01,pro,general_qa,True,20,4,80,False,6,2.7
user_04854,2024-02-21,2024-06-01,free,coding,False,0,6,0,False,8,8.3
user_04855,2024-02-04,2024-06-01,pro,coding,True,30,8,240,False,10,8.5
user_04856,2024-01-28,2024-05-27,pro,writing,True,25,4,100,True,7,2.8
user_04857,2024-01-25,2024-06-01,free,coding,False,0,7,0,False,8,7.6
user_04858,2024-01-28,2024-03-28,free,coding,False,0,2,0,True,13,6.6
user_04859,2024-01-22,2024-06-01,pro,data_analysis,True,25,7,175,False,8,6.0
user_04860,2024-03-09,2024-06-01,free,data_analysis,False,0,6,0,False,8,4.4
user_04861,2024-02-01,2024-06-01,free,general_qa,False,0,11,0,False,9,2.5
user_04862,2024-01-14,2024-02-13,pro,data_analysis,True,20,1,20,True,8,3.1
user_04863,2024-02-02,2024-04-02,pro,writing,True,30,2,60,True,7,4.7
user_04864,2024-01-04,2024-06-01,pro,coding,True,25,5,125,False,4,4.5
user_04865,2024-03-27,2024-06-01,free,writing,False,0,7,0,False,9,3.3
user_04866,2024-03-17,2024-06-01,free,general_qa,False,0,9,0,False,8,1.9
user_04867,2024-02-06,2024-05-06,pro,writing,True,30,3,90,True,9,4.1
user_04868,2024-01-27,2024-02-26,free,coding,False,0,1,0,True,5,4.8
user_04869,2024-01-09,2024-06-01,free,writing,False,0,5,0,False,10,6.5
user_04870,2024-02-08,2024-06-01,free,general_qa,False,0,11,0,False,5,4.5
user_04871,2024-02-16,2024-06-01,free,general_qa,False,0,8,0,False,5,7.0
user_04872,2024-01-18,2024-04-17,enterprise,writing,True,75,3,225,True,11,5.0
user_04873,2024-01-14,2024-06-01,free,general_qa,False,0,10,0,False,8,4.3
user_04874,2024-02-13,2024-06-01,pro,general_qa,True,20,6,120,False,5,3.6
user_04875,2024-03-10,2024-06-01,free,coding,False,0,11,0,False,7,3.2
user_04876,2024-03-24,2024-06-01,pro,writing,True,20,10,200,False,10,4.1
user_04877,2024-01-22,2024-06-01,free,coding,False,0,9,0,False,4,5.6
user_04878,2024-02-20,2024-05-20,free,data_analysis,False,0,3,0,True,7,4.7
user_04879,2024-02-18,2024-06-01,free,writing,False,0,4,0,False,8,5.0
user_04880,2024-01-10,2024-06-01,pro,data_analysis,True,30,8,240,False,4,4.0
user_04881,2024-02-22,2024-06-01,free,general_qa,False,0,5,0,False,7,2.3
user_04882,2024-02-21,2024-06-01,free,data_analysis,False,0,7,0,False,5,4.6
user_04883,2024-02-10,2024-06-01,pro,writing,True,30,8,240,False,6,12.2
user_04884,2024-03-18,2024-05-17,pro,writing,True,20,2,40,True,6,6.4
user_04885,2024-01-03,2024-04-02,free,writing,False,0,3,0,True,8,4.0
user_04886,2024-01-13,2024-06-01,pro,general_qa,True,20,9,180,False,7,3.7
user_04887,2024-01-28,2024-05-27,enterprise,general_qa,True,75,4,300,True,5,3.4
user_04888,2024-03-15,2024-06-01,free,data_analysis,False,0,5,0,False,5,4.7
user_04889,2024-03-21,2024-06-01,free,data_analysis,False,0,3,0,False,4,4.5
user_04890,2024-02-08,2024-06-01,pro,writing,True,20,7,140,False,7,2.1
user_04891,2024-01-25,2024-04-24,pro,data_analysis,True,20,3,60,True,9,2.9
user_04892,2024-01-30,2024-06-01,free,data_analysis,False,0,5,0,False,3,7.1
user_04893,2024-03-03,2024-06-01,free,coding,False,0,7,0,False,9,10.4
user_04894,2024-03-19,2024-06-01,free,coding,False,0,7,0,False,8,3.9
user_04895,2024-03-06,2024-06-01,free,coding,False,0,7,0,False,4,2.3
user_04896,2024-01-11,2024-06-01,enterprise,general_qa,True,100,5,500,False,5,5.8
user_04897,2024-03-17,2024-06-01,free,general_qa,False,0,8,0,False,8,5.1
user_04898,2024-02-11,2024-06-01,free,writing,False,0,4,0,False,6,9.0
user_04899,2024-03-22,2024-06-01,pro,writing,True,30,4,120,False,8,4.6
user_04900,2024-01-14,2024-04-13,free,writing,False,0,3,0,True,10,2.7
user_04901,2024-01-02,2024-06-01,free,data_analysis,False,0,8,0,False,6,6.7
user_04902,2024-01-15,2024-06-01,free,data_analysis,False,0,10,0,False,5,1.5
user_04903,2024-01-03,2024-06-01,free,general_qa,False,0,7,0,False,9,3.6
user_04904,2024-01-13,2024-06-01,pro,coding,True,25,7,175,False,7,6.1
user_04905,2024-03-19,2024-06-01,pro,writing,True,25,7,175,False,7,4.9
user_04906,2024-03-07,2024-06-01,free,data_analysis,False,0,6,0,False,3,4.3
user_04907,2024-01-11,2024-06-01,enterprise,data_analysis,True,100,11,1100,False,4,2.8
user_04908,2024-01-17,2024-03-17,free,general_qa,False,0,2,0,True,5,8.7
user_04909,2024-02-11,2024-06-01,pro,general_qa,True,30,8,240,False,7,4.6
user_04910,2024-03-01,2024-06-01,free,writing,False,0,7,0,False,10,2.6
user_04911,2024-03-05,2024-06-01,pro,data_analysis,True,20,7,140,False,5,3.4
user_04912,2024-03-30,2024-06-01,free,data_analysis,False,0,5,0,False,9,1.7
user_04913,2024-03-26,2024-05-25,enterprise,general_qa,True,75,2,150,True,10,1.3
user_04914,2024-02-18,2024-04-18,pro,general_qa,True,25,2,50,True,5,3.1
user_04915,2024-03-15,2024-05-14,free,writing,False,0,2,0,True,10,2.5
user_04916,2024-01-20,2024-06-01,free,coding,False,0,7,0,False,5,2.8
user_04917,2024-03-02,2024-06-01,pro,coding,True,30,7,210,False,9,2.9
user_04918,2024-03-06,2024-05-05,pro,general_qa,True,20,2,40,True,6,5.1
user_04919,2024-03-26,2024-06-01,pro,writing,True,20,8,160,False,6,2.1
user_04920,2024-01-24,2024-04-23,free,data_analysis,False,0,3,0,True,9,5.5
user_04921,2024-03-27,2024-06-01,pro,data_analysis,True,20,8,160,False,9,2.6
user_04922,2024-02-22,2024-06-01,free,writing,False,0,9,0,False,4,3.6
user_04923,2024-02-27,2024-06-01,enterprise,general_qa,True,75,4,300,False,11,4.5
user_04924,2024-03-22,2024-06-01,pro,coding,True,30,4,120,False,10,3.4
user_04925,2024-01-17,2024-03-17,pro,coding,True,20,2,40,True,7,4.1
user_04926,2024-03-14,2024-04-13,free,general_qa,False,0,1,0,True,8,5.1
user_04927,2024-03-10,2024-05-09,pro,coding,True,20,2,40,True,7,3.0
user_04928,2024-02-05,2024-06-01,pro,writing,True,20,7,140,False,8,2.3
user_04929,2024-03-26,2024-06-01,free,general_qa,False,0,4,0,False,6,6.5
user_04930,2024-01-19,2024-06-01,free,writing,False,0,5,0,False,7,3.0
user_04931,2024-03-05,2024-06-01,free,writing,False,0,4,0,False,8,2.8
user_04932,2024-01-17,2024-06-01,pro,writing,True,25,5,125,False,5,3.1
user_04933,2024-02-10,2024-06-01,free,general_qa,False,0,10,0,False,5,2.8
user_04934,2024-01-12,2024-06-01,free,general_qa,False,0,6,0,False,9,8.4
user_04935,2024-02-02,2024-06-01,enterprise,data_analysis,True,75,6,450,False,6,11.4
user_04936,2024-01-02,2024-04-01,free,data_analysis,False,0,3,0,True,6,2.5
user_04937,2024-02-06,2024-06-01,free,writing,False,0,7,0,False,7,4.0
user_04938,2024-01-05,2024-06-01,free,coding,False,0,10,0,False,5,4.1
user_04939,2024-02-02,2024-06-01,free,writing,False,0,6,0,False,9,4.4
user_04940,2024-03-19,2024-06-01,pro,general_qa,True,30,3,90,False,2,3.4
user_04941,2024-03-27,2024-05-26,free,writing,False,0,2,0,True,6,4.4
user_04942,2024-03-30,2024-06-01,free,coding,False,0,5,0,False,8,4.9
user_04943,2024-03-15,2024-06-01,free,general_qa,False,0,4,0,False,4,5.4
user_04944,2024-03-15,2024-05-14,free,coding,False,0,2,0,True,6,4.1
user_04945,2024-01-04,2024-02-03,pro,coding,True,20,1,20,True,8,8.9
user_04946,2024-03-22,2024-06-01,free,writing,False,0,7,0,False,7,4.8
user_04947,2024-01-20,2024-06-01,free,data_analysis,False,0,5,0,False,10,10.9
user_04948,2024-02-17,2024-06-01,free,coding,False,0,4,0,False,8,5.1
user_04949,2024-01-01,2024-06-01,free,general_qa,False,0,7,0,False,6,1.8
user_04950,2024-03-14,2024-06-01,pro,coding,True,30,5,150,False,5,7.7
user_04951,2024-03-28,2024-06-01,free,writing,False,0,7,0,False,6,6.7
user_04952,2024-03-15,2024-06-01,pro,coding,True,20,5,100,False,5,3.0
user_04953,2024-03-13,2024-06-01,free,general_qa,False,0,4,0,False,4,10.3
user_04954,2024-02-03,2024-06-01,free,data_analysis,False,0,6,0,False,3,4.7
user_04955,2024-01-16,2024-06-01,free,coding,False,0,6,0,False,6,9.7
user_04956,2024-01-11,2024-06-01,free,writing,False,0,10,0,False,6,2.3
user_04957,2024-01-29,2024-05-28,free,writing,False,0,4,0,True,7,3.8
user_04958,2024-01-11,2024-06-01,free,general_qa,False,0,7,0,False,6,3.5
user_04959,2024-01-11,2024-06-01,pro,general_qa,True,20,8,160,False,6,2.9
user_04960,2024-02-16,2024-06-01,pro,data_analysis,True,25,6,150,False,8,1.9
user_04961,2024-03-22,2024-06-01,free,coding,False,0,6,0,False,4,4.2
user_04962,2024-02-07,2024-06-01,pro,coding,True,20,4,80,False,5,2.6
user_04963,2024-03-09,2024-06-01,enterprise,coding,True,100,7,700,False,6,5.5
user_04964,2024-02-14,2024-06-01,free,general_qa,False,0,4,0,False,8,2.8
user_04965,2024-03-06,2024-06-01,pro,general_qa,True,25,11,275,False,10,3.2
user_04966,2024-01-06,2024-06-01,pro,general_qa,True,30,5,150,False,5,12.8
user_04967,2024-02-29,2024-06-01,free,coding,False,0,4,0,False,7,6.8
user_04968,2024-01-01,2024-04-30,free,coding,False,0,4,0,True,9,4.3
user_04969,2024-01-09,2024-06-01,free,writing,False,0,7,0,False,3,9.5
user_04970,2024-01-03,2024-06-01,free,general_qa,False,0,5,0,True,4,2.1
user_04971,2024-02-13,2024-06-01,pro,writing,True,20,4,80,False,4,5.1
user_04972,2024-01-04,2024-06-01,free,coding,False,0,6,0,False,8,3.2
user_04973,2024-03-17,2024-06-01,free,writing,False,0,7,0,False,7,2.7
user_04974,2024-03-06,2024-06-01,free,coding,False,0,9,0,False,5,1.3
user_04975,2024-01-12,2024-06-01,free,writing,False,0,7,0,False,5,4.4
user_04976,2024-02-29,2024-06-01,pro,writing,True,25,7,175,False,4,1.9
user_04977,2024-03-29,2024-06-01,free,data_analysis,False,0,9,0,False,7,3.3
user_04978,2024-03-29,2024-06-01,free,writing,False,0,7,0,False,5,3.9
user_04979,2024-03-16,2024-06-01,free,general_qa,False,0,7,0,False,5,2.6
user_04980,2024-01-03,2024-06-01,free,general_qa,False,0,11,0,False,11,3.6
user_04981,2024-02-29,2024-06-01,free,general_qa,False,0,4,0,False,5,8.8
user_04982,2024-03-28,2024-06-01,free,general_qa,False,0,7,0,False,10,1.4
user_04983,2024-01-18,2024-06-01,free,data_analysis,False,0,7,0,False,8,5.0
user_04984,2024-02-08,2024-06-01,pro,data_analysis,True,20,5,100,False,5,4.4
user_04985,2024-03-09,2024-06-01,free,general_qa,False,0,7,0,False,3,7.5
user_04986,2024-02-29,2024-03-30,pro,coding,True,25,1,25,True,9,4.0
user_04987,2024-02-26,2024-06-01,pro,writing,True,25,4,100,False,9,2.5
user_04988,2024-03-13,2024-06-01,enterprise,writing,True,75,4,300,False,5,4.3
user_04989,2024-01-12,2024-05-11,pro,general_qa,True,20,4,80,True,7,3.4
user_04990,2024-03-04,2024-06-01,enterprise,general_qa,True,50,5,250,False,4,2.2
user_04991,2024-03-10,2024-06-01,free,writing,False,0,7,0,False,6,6.0
user_04992,2024-02-13,2024-06-01,pro,data_analysis,True,25,5,125,False,10,2.6
user_04993,2024-03-25,2024-06-01,free,data_analysis,False,0,6,0,False,2,9.5
user_04994,2024-01-07,2024-05-06,free,general_qa,False,0,4,0,True,8,5.5
user_04995,2024-03-10,2024-06-01,free,coding,False,0,6,0,False,5,6.3
user_04996,2024-03-09,2024-06-01,free,coding,False,0,11,0,False,8,2.0
user_04997,2024-02-03,2024-06-01,free,data_analysis,False,0,6,0,False,6,3.9
user_04998,2024-02-23,2024-04-23,pro,coding,True,25,2,50,True,7,4.1
user_04999,2024-01-04,2024-05-03,free,data_analysis,False,0,4,0,True,6,2.3
